# Blender 4.5.3 LTS
# www.blender.org
mtllib laser2_head.mtl
o Cube.003
v 1.023072 -0.084508 0.456065
v 1.023072 -0.084947 0.210315
v 0.823112 -0.084508 0.456065
v 0.823112 -0.084947 0.210315
v 1.023072 -0.076162 0.456065
v 1.023072 -0.076601 0.210315
v 0.823112 -0.076162 0.456065
v 0.823112 -0.076601 0.210315
v 1.023072 -0.113043 0.382925
v 0.696131 -0.113043 0.382925
v 0.696131 -0.104697 0.382925
v 1.023072 -0.104697 0.382925
v 1.023072 -0.113043 0.281964
v 0.696131 -0.113043 0.281964
v 0.696131 -0.104697 0.281964
v 1.023072 -0.104697 0.281964
v 0.697434 0.063235 0.528094
v 0.697434 0.114921 0.382362
v 1.633327 0.063235 0.528094
v 1.576655 0.114921 0.382362
v 0.697434 -0.057221 0.528094
v 0.697434 -0.114347 0.382362
v 1.633327 -0.057221 0.528094
v 1.576655 -0.114347 0.382362
v 0.697434 -0.041694 0.455328
v 0.697434 0.044260 0.455328
v 1.576655 0.042371 0.455328
v 1.576655 -0.042638 0.455328
v 0.697434 0.063235 0.137904
v 0.697434 0.114921 0.283635
v 1.633327 0.063235 0.137904
v 1.576655 0.114921 0.283635
v 0.697434 -0.057221 0.137904
v 0.697434 -0.113413 0.283635
v 1.633327 -0.057221 0.137904
v 1.576655 -0.113413 0.283635
v 0.697434 -0.041694 0.210669
v 0.697434 0.044260 0.210669
v 1.576655 0.042371 0.210669
v 1.576655 -0.042638 0.210669
v 1.023072 0.085881 0.456065
v 1.023072 0.086319 0.210315
v 0.823112 0.085881 0.456065
v 0.823112 0.086319 0.210315
v 1.023072 0.077535 0.456065
v 1.023072 0.077973 0.210315
v 0.823112 0.077535 0.456065
v 0.823112 0.077973 0.210315
v 1.023072 0.114416 0.382925
v 0.696131 0.114416 0.382925
v 0.696131 0.106070 0.382925
v 1.023072 0.106070 0.382925
v 1.023072 0.114416 0.281964
v 0.696131 0.114416 0.281964
v 0.696131 0.106070 0.281964
v 1.023072 0.106070 0.281964
v 0.647278 0.035651 0.417403
v 0.647278 0.087318 0.366630
v 0.647278 0.087950 0.294194
v 0.647278 0.037177 0.242527
v 0.647278 -0.035259 0.241895
v 0.647278 -0.086926 0.292668
v 0.647278 -0.087558 0.365104
v 0.647278 -0.036785 0.416771
v 0.828154 0.087318 0.366630
v 0.828154 0.035651 0.417403
v 0.828154 0.087950 0.294194
v 0.828154 0.037177 0.242527
v 0.828154 -0.035259 0.241895
v 0.828154 -0.086926 0.292668
v 0.828154 -0.087558 0.365104
v 0.828154 -0.036785 0.416771
v 0.828154 0.059477 0.354812
v 0.828154 0.024321 0.389360
v 0.828154 0.059907 0.305524
v 0.828154 0.025359 0.270368
v 0.828154 -0.023929 0.269938
v 0.828154 -0.059085 0.304486
v 0.828154 -0.059515 0.353774
v 0.828154 -0.024967 0.388930
v 0.694591 0.059477 0.354812
v 0.694591 0.024321 0.389360
v 0.694591 0.059907 0.305524
v 0.694591 0.025359 0.270368
v 0.694591 -0.023929 0.269938
v 0.694591 -0.059085 0.304486
v 0.694591 -0.059515 0.353774
v 0.694591 -0.024967 0.388930
v 0.729982 0.027275 0.262625
v 0.729982 -0.028049 0.263108
v 0.729982 -0.066828 0.302570
v 0.729982 -0.066345 0.357894
v 0.729982 -0.026883 0.396672
v 0.729982 0.028441 0.396190
v 0.729982 0.067219 0.356728
v 0.729982 0.066737 0.301404
v -0.613995 0.159862 0.085700
v -0.709180 0.159862 0.110614
v -0.613995 0.173278 0.110614
v -0.709180 0.119237 0.548286
v -0.613995 0.119237 0.573200
v -0.613995 0.132653 0.548286
v 0.623945 0.159862 0.085700
v 0.623945 0.173278 0.110614
v 0.719130 0.159862 0.110614
v 0.623945 0.119237 0.573200
v 0.719130 0.119237 0.548286
v 0.623945 0.132653 0.548286
v -0.613995 -0.157057 0.085700
v -0.613995 -0.170472 0.110614
v -0.709180 -0.157057 0.110614
v -0.613995 -0.116432 0.573200
v -0.709180 -0.116432 0.548286
v -0.613995 -0.129847 0.548286
v 0.623945 -0.157057 0.085700
v 0.719130 -0.157057 0.110614
v 0.623945 -0.170472 0.110614
v 0.623945 -0.116432 0.573200
v 0.623945 -0.129847 0.548286
v 0.719130 -0.116432 0.548286
v -0.709180 0.159862 0.432315
v -0.613995 0.173278 0.432315
v 0.719130 0.159862 0.432315
v 0.623945 0.173278 0.432315
v 0.623945 -0.170472 0.432315
v 0.719130 -0.157057 0.432315
v -0.709180 -0.157057 0.432315
v -0.613995 -0.170472 0.432315
v -0.593215 -0.068522 0.501567
v -0.587769 -0.068523 0.498500
v -0.585046 -0.063110 0.496965
v -0.587770 -0.057697 0.498497
v -0.593216 -0.057697 0.501564
v -0.595938 -0.063109 0.503099
v -0.569870 -0.068489 0.584792
v -0.565391 -0.068490 0.580433
v -0.563152 -0.063078 0.578251
v -0.565393 -0.057665 0.580428
v -0.569872 -0.057664 0.584787
v -0.572111 -0.063076 0.586969
v -0.324825 -0.068489 0.641905
v -0.324366 -0.068491 0.635689
v -0.324138 -0.063079 0.632580
v -0.324369 -0.057665 0.635686
v -0.324828 -0.057663 0.641901
v -0.325056 -0.063075 0.645011
v 0.354119 -0.068162 0.641554
v 0.353327 -0.068165 0.635354
v 0.352919 -0.062754 0.632253
v 0.353304 -0.057340 0.635351
v 0.354097 -0.057337 0.641551
v 0.354504 -0.062748 0.644652
v 0.550634 -0.067641 0.590348
v 0.546943 -0.067646 0.585304
v 0.545101 -0.062235 0.582775
v 0.546950 -0.056820 0.585290
v 0.550641 -0.056816 0.590334
v 0.552483 -0.062226 0.592863
v 0.660675 -0.068674 0.415474
v 0.654633 -0.068656 0.413873
v 0.651640 -0.063235 0.413030
v 0.654687 -0.057831 0.413789
v 0.660729 -0.057849 0.415391
v 0.663722 -0.063270 0.416233
v -0.593215 0.056296 0.501567
v -0.587769 0.056296 0.498500
v -0.585046 0.061708 0.496965
v -0.587770 0.067121 0.498497
v -0.593216 0.067122 0.501564
v -0.595938 0.061709 0.503099
v -0.569870 0.056329 0.584792
v -0.565391 0.056328 0.580433
v -0.563152 0.061741 0.578251
v -0.565393 0.067154 0.580428
v -0.569872 0.067155 0.584787
v -0.572111 0.061743 0.586969
v -0.324825 0.056330 0.641905
v -0.324366 0.056328 0.635689
v -0.324138 0.061739 0.632580
v -0.324369 0.067153 0.635686
v -0.324828 0.067155 0.641901
v -0.325056 0.061744 0.645011
v 0.354119 0.056657 0.641554
v 0.353327 0.056653 0.635354
v 0.352919 0.062064 0.632253
v 0.353304 0.067479 0.635351
v 0.354097 0.067482 0.641551
v 0.354504 0.062071 0.644652
v 0.550634 0.057177 0.590348
v 0.546943 0.057173 0.585304
v 0.545101 0.062583 0.582775
v 0.546950 0.067998 0.585290
v 0.550641 0.068003 0.590334
v 0.552483 0.062592 0.592863
v 0.660675 0.056145 0.415474
v 0.654633 0.056163 0.413873
v 0.651640 0.061584 0.413030
v 0.654687 0.066987 0.413789
v 0.660729 0.066970 0.415391
v 0.663722 0.061548 0.416233
v -0.593215 -0.003961 0.501567
v -0.587769 -0.003961 0.498500
v -0.585046 0.001451 0.496965
v -0.587770 0.006864 0.498497
v -0.593216 0.006864 0.501564
v -0.595938 0.001452 0.503099
v -0.569870 -0.003928 0.584792
v -0.565391 -0.003929 0.580433
v -0.563152 0.001483 0.578251
v -0.565393 0.006897 0.580428
v -0.569872 0.006898 0.584787
v -0.572111 0.001485 0.586969
v -0.324825 -0.003927 0.641905
v -0.324366 -0.003929 0.635689
v -0.324138 0.001482 0.632580
v -0.324369 0.006896 0.635686
v -0.324828 0.006898 0.641901
v -0.325056 0.001487 0.645011
v 0.354119 -0.003601 0.641554
v 0.353327 -0.003604 0.635354
v 0.352919 0.001807 0.632253
v 0.353304 0.007221 0.635351
v 0.354097 0.007225 0.641551
v 0.354504 0.001814 0.644652
v 0.550634 -0.003080 0.590348
v 0.546943 -0.003084 0.585304
v 0.545101 0.002326 0.582775
v 0.546950 0.007741 0.585290
v 0.550641 0.007745 0.590334
v 0.552483 0.002335 0.592863
v 0.660675 -0.004112 0.415474
v 0.654633 -0.004095 0.413873
v 0.651640 0.001327 0.413030
v 0.654687 0.006730 0.413789
v 0.660729 0.006712 0.415391
v 0.663722 0.001291 0.416233
v -0.316056 -0.361402 0.115721
v -0.353556 -0.274606 0.681409
v 0.316055 -0.361402 0.115721
v 0.353555 -0.274606 0.681409
v -0.316056 -0.242701 0.115721
v -0.353556 -0.155905 0.681409
v 0.316055 -0.242701 0.115721
v 0.353555 -0.155905 0.681409
v -0.353556 -0.361402 0.508725
v 0.353555 -0.361402 0.508725
v 0.353555 -0.242701 0.508725
v -0.353556 -0.242701 0.508725
v -0.316056 0.361401 0.115721
v -0.353556 0.274605 0.681409
v 0.316055 0.361401 0.115721
v 0.353555 0.274605 0.681409
v -0.316056 0.242701 0.115721
v -0.353556 0.155904 0.681409
v 0.316055 0.242701 0.115721
v 0.353555 0.155904 0.681409
v -0.353556 0.361401 0.508725
v 0.353555 0.361401 0.508725
v 0.353555 0.242701 0.508725
v -0.353556 0.242701 0.508725
v 0.211773 0.145471 0.312001
v 0.197812 0.374914 0.312001
v 0.189226 0.145471 0.366432
v 0.179355 0.374914 0.356561
v 0.134795 0.145471 0.388978
v 0.134795 0.374914 0.375018
v 0.080364 0.145471 0.366432
v 0.090236 0.374914 0.356561
v 0.057818 0.145471 0.312001
v 0.071779 0.374914 0.312001
v 0.080364 0.145471 0.257570
v 0.090236 0.374914 0.267441
v 0.134795 0.145471 0.235024
v 0.134795 0.374914 0.248984
v 0.189226 0.145471 0.257570
v 0.179355 0.374914 0.267441
v 0.189226 0.374914 0.366432
v 0.211773 0.374914 0.312001
v 0.134795 0.374914 0.388978
v 0.080364 0.374914 0.366432
v 0.057818 0.374914 0.312001
v 0.080364 0.374914 0.257570
v 0.134795 0.374914 0.235024
v 0.189226 0.374914 0.257570
v 0.179355 0.367565 0.356561
v 0.197812 0.367565 0.312001
v 0.134795 0.367565 0.375018
v 0.090236 0.367565 0.356561
v 0.071779 0.367565 0.312001
v 0.090236 0.367565 0.267441
v 0.134795 0.367565 0.248984
v 0.179355 0.367565 0.267441
v -0.074246 -0.145472 0.312001
v -0.088206 -0.374915 0.312001
v -0.096792 -0.145472 0.366432
v -0.106664 -0.374915 0.356561
v -0.151223 -0.145472 0.388978
v -0.151223 -0.374915 0.375018
v -0.205654 -0.145472 0.366432
v -0.195783 -0.374915 0.356561
v -0.228201 -0.145472 0.312001
v -0.214240 -0.374915 0.312001
v -0.205654 -0.145472 0.257570
v -0.195783 -0.374915 0.267441
v -0.151223 -0.145472 0.235024
v -0.151223 -0.374915 0.248984
v -0.096792 -0.145472 0.257570
v -0.106664 -0.374915 0.267441
v -0.096792 -0.374915 0.366432
v -0.074246 -0.374915 0.312001
v -0.151223 -0.374915 0.388978
v -0.205654 -0.374915 0.366432
v -0.228201 -0.374915 0.312001
v -0.205654 -0.374915 0.257570
v -0.151223 -0.374915 0.235024
v -0.096792 -0.374915 0.257570
v -0.106664 -0.367565 0.356561
v -0.088206 -0.367565 0.312001
v -0.151223 -0.367565 0.375018
v -0.195783 -0.367565 0.356561
v -0.214240 -0.367565 0.312001
v -0.195783 -0.367565 0.267441
v -0.151223 -0.367565 0.248984
v -0.106664 -0.367565 0.267441
v 0.576862 -0.152235 0.089380
v 0.576862 -0.112206 0.569520
v 0.620075 -0.152235 0.089380
v 0.620075 -0.112206 0.569520
v 0.576862 -0.181043 0.089380
v 0.576862 -0.141014 0.569520
v 0.620075 -0.181043 0.089380
v 0.620075 -0.141014 0.569520
v 0.576862 -0.164131 0.110764
v 0.620075 -0.164131 0.110764
v 0.620075 -0.192939 0.110764
v 0.576862 -0.192939 0.110764
v 0.576862 -0.164131 0.431185
v 0.620075 -0.164131 0.431185
v 0.620075 -0.192939 0.431185
v 0.576862 -0.192939 0.431185
v 0.514363 -0.152235 0.089380
v 0.514363 -0.112206 0.569520
v 0.557575 -0.152235 0.089380
v 0.557575 -0.112206 0.569520
v 0.514363 -0.181043 0.089380
v 0.514363 -0.141015 0.569520
v 0.557575 -0.181043 0.089380
v 0.557575 -0.141015 0.569520
v 0.514363 -0.164131 0.110764
v 0.557575 -0.164131 0.110764
v 0.557575 -0.192939 0.110764
v 0.514363 -0.192939 0.110764
v 0.514363 -0.164131 0.431185
v 0.557575 -0.164131 0.431185
v 0.557575 -0.192939 0.431185
v 0.514363 -0.192939 0.431185
v 0.389362 -0.152235 0.089380
v 0.389362 -0.112206 0.569520
v 0.432575 -0.152235 0.089380
v 0.432575 -0.112206 0.569520
v 0.389362 -0.181043 0.089380
v 0.389362 -0.141015 0.569520
v 0.432575 -0.181043 0.089380
v 0.432575 -0.141015 0.569520
v 0.389362 -0.164131 0.110764
v 0.432575 -0.164131 0.110764
v 0.432575 -0.192939 0.110764
v 0.389362 -0.192939 0.110764
v 0.389362 -0.164131 0.431185
v 0.432575 -0.164131 0.431185
v 0.432575 -0.192939 0.431185
v 0.389362 -0.192939 0.431185
v 0.451863 -0.152235 0.089380
v 0.451863 -0.112206 0.569520
v 0.495075 -0.152235 0.089380
v 0.495075 -0.112206 0.569520
v 0.451863 -0.181043 0.089380
v 0.451863 -0.141015 0.569520
v 0.495075 -0.181043 0.089380
v 0.495075 -0.141015 0.569520
v 0.451863 -0.164131 0.110764
v 0.495075 -0.164131 0.110764
v 0.495075 -0.192939 0.110764
v 0.451863 -0.192939 0.110764
v 0.451863 -0.164131 0.431185
v 0.495075 -0.164131 0.431185
v 0.495075 -0.192939 0.431185
v 0.451863 -0.192939 0.431185
v 0.201863 -0.152235 0.089380
v 0.201863 -0.112206 0.569520
v 0.245075 -0.152235 0.089380
v 0.245075 -0.112206 0.569520
v 0.201863 -0.181043 0.089380
v 0.201863 -0.141015 0.569520
v 0.245075 -0.181043 0.089380
v 0.245075 -0.141015 0.569520
v 0.201863 -0.164131 0.110764
v 0.245075 -0.164131 0.110764
v 0.245075 -0.192939 0.110764
v 0.201863 -0.192939 0.110764
v 0.201863 -0.164131 0.431185
v 0.245075 -0.164131 0.431185
v 0.245075 -0.192939 0.431185
v 0.201863 -0.192939 0.431185
v 0.139362 -0.152235 0.089380
v 0.139362 -0.112206 0.569520
v 0.182575 -0.152235 0.089380
v 0.182575 -0.112206 0.569520
v 0.139362 -0.181043 0.089380
v 0.139362 -0.141015 0.569520
v 0.182575 -0.181043 0.089380
v 0.182575 -0.141015 0.569520
v 0.139362 -0.164131 0.110764
v 0.182575 -0.164131 0.110764
v 0.182575 -0.192939 0.110764
v 0.139362 -0.192939 0.110764
v 0.139362 -0.164131 0.431185
v 0.182575 -0.164131 0.431185
v 0.182575 -0.192939 0.431185
v 0.139362 -0.192939 0.431185
v 0.264362 -0.152235 0.089380
v 0.264362 -0.112206 0.569520
v 0.307575 -0.152235 0.089380
v 0.307575 -0.112206 0.569520
v 0.264362 -0.181043 0.089380
v 0.264362 -0.141015 0.569520
v 0.307575 -0.181043 0.089380
v 0.307575 -0.141015 0.569520
v 0.264362 -0.164131 0.110764
v 0.307575 -0.164131 0.110764
v 0.307575 -0.192939 0.110764
v 0.264362 -0.192939 0.110764
v 0.264362 -0.164131 0.431185
v 0.307575 -0.164131 0.431185
v 0.307575 -0.192939 0.431185
v 0.264362 -0.192939 0.431185
v 0.326863 -0.152235 0.089380
v 0.326863 -0.112206 0.569520
v 0.370075 -0.152235 0.089380
v 0.370075 -0.112206 0.569520
v 0.326863 -0.181043 0.089380
v 0.326863 -0.141015 0.569520
v 0.370075 -0.181043 0.089380
v 0.370075 -0.141015 0.569520
v 0.326863 -0.164131 0.110764
v 0.370075 -0.164131 0.110764
v 0.370075 -0.192939 0.110764
v 0.326863 -0.192939 0.110764
v 0.326863 -0.164131 0.431185
v 0.370075 -0.164131 0.431185
v 0.370075 -0.192939 0.431185
v 0.326863 -0.192939 0.431185
v -0.173137 -0.152235 0.089380
v -0.173137 -0.112206 0.569520
v -0.129925 -0.152235 0.089380
v -0.129925 -0.112206 0.569520
v -0.173137 -0.181043 0.089380
v -0.173137 -0.141015 0.569520
v -0.129925 -0.181043 0.089380
v -0.129925 -0.141015 0.569520
v -0.173137 -0.164131 0.110764
v -0.129925 -0.164131 0.110764
v -0.129925 -0.192939 0.110764
v -0.173137 -0.192939 0.110764
v -0.173137 -0.164131 0.431185
v -0.129925 -0.164131 0.431185
v -0.129925 -0.192939 0.431185
v -0.173137 -0.192939 0.431185
v -0.235638 -0.152235 0.089380
v -0.235638 -0.112206 0.569520
v -0.192425 -0.152235 0.089380
v -0.192425 -0.112206 0.569520
v -0.235638 -0.181043 0.089380
v -0.235638 -0.141015 0.569520
v -0.192425 -0.181043 0.089380
v -0.192425 -0.141015 0.569520
v -0.235638 -0.164131 0.110764
v -0.192425 -0.164131 0.110764
v -0.192425 -0.192939 0.110764
v -0.235638 -0.192939 0.110764
v -0.235638 -0.164131 0.431185
v -0.192425 -0.164131 0.431185
v -0.192425 -0.192939 0.431185
v -0.235638 -0.192939 0.431185
v -0.360638 -0.152235 0.089380
v -0.360638 -0.112206 0.569520
v -0.317425 -0.152235 0.089380
v -0.317425 -0.112206 0.569520
v -0.360638 -0.181043 0.089380
v -0.360638 -0.141015 0.569520
v -0.317425 -0.181043 0.089380
v -0.317425 -0.141015 0.569520
v -0.360638 -0.164131 0.110764
v -0.317425 -0.164131 0.110764
v -0.317425 -0.192939 0.110764
v -0.360638 -0.192939 0.110764
v -0.360638 -0.164131 0.431185
v -0.317425 -0.164131 0.431185
v -0.317425 -0.192939 0.431185
v -0.360638 -0.192939 0.431185
v -0.298138 -0.152235 0.089380
v -0.298138 -0.112206 0.569520
v -0.254925 -0.152235 0.089380
v -0.254925 -0.112206 0.569520
v -0.298138 -0.181043 0.089380
v -0.298138 -0.141015 0.569520
v -0.254925 -0.181043 0.089380
v -0.254925 -0.141015 0.569520
v -0.298138 -0.164131 0.110764
v -0.254925 -0.164131 0.110764
v -0.254925 -0.192939 0.110764
v -0.298138 -0.192939 0.110764
v -0.298138 -0.164131 0.431185
v -0.254925 -0.164131 0.431185
v -0.254925 -0.192939 0.431185
v -0.298138 -0.192939 0.431185
v -0.048138 -0.152235 0.089380
v -0.048138 -0.112206 0.569520
v -0.004925 -0.152235 0.089380
v -0.004925 -0.112206 0.569520
v -0.048138 -0.181043 0.089380
v -0.048138 -0.141015 0.569520
v -0.004925 -0.181043 0.089380
v -0.004925 -0.141015 0.569520
v -0.048138 -0.164131 0.110764
v -0.004925 -0.164131 0.110764
v -0.004925 -0.192939 0.110764
v -0.048138 -0.192939 0.110764
v -0.048138 -0.164131 0.431185
v -0.004925 -0.164131 0.431185
v -0.004925 -0.192939 0.431185
v -0.048138 -0.192939 0.431185
v -0.110637 -0.152235 0.089380
v -0.110637 -0.112206 0.569520
v -0.067425 -0.152235 0.089380
v -0.067425 -0.112206 0.569520
v -0.110637 -0.181043 0.089380
v -0.110637 -0.141015 0.569520
v -0.067425 -0.181043 0.089380
v -0.067425 -0.141015 0.569520
v -0.110637 -0.164131 0.110764
v -0.067425 -0.164131 0.110764
v -0.067425 -0.192939 0.110764
v -0.110637 -0.192939 0.110764
v -0.110637 -0.164131 0.431185
v -0.067425 -0.164131 0.431185
v -0.067425 -0.192939 0.431185
v -0.110637 -0.192939 0.431185
v 0.014363 -0.152235 0.089380
v 0.014363 -0.112206 0.569520
v 0.057575 -0.152235 0.089380
v 0.057575 -0.112206 0.569520
v 0.014363 -0.181043 0.089380
v 0.014363 -0.141015 0.569520
v 0.057575 -0.181043 0.089380
v 0.057575 -0.141015 0.569520
v 0.014363 -0.164131 0.110764
v 0.057575 -0.164131 0.110764
v 0.057575 -0.192939 0.110764
v 0.014363 -0.192939 0.110764
v 0.014363 -0.164131 0.431185
v 0.057575 -0.164131 0.431185
v 0.057575 -0.192939 0.431185
v 0.014363 -0.192939 0.431185
v 0.076862 -0.152235 0.089380
v 0.076862 -0.112206 0.569520
v 0.120075 -0.152235 0.089380
v 0.120075 -0.112206 0.569520
v 0.076862 -0.181043 0.089380
v 0.076862 -0.141015 0.569520
v 0.120075 -0.181043 0.089380
v 0.120075 -0.141015 0.569520
v 0.076862 -0.164131 0.110764
v 0.120075 -0.164131 0.110764
v 0.120075 -0.192939 0.110764
v 0.076862 -0.192939 0.110764
v 0.076862 -0.164131 0.431185
v 0.120075 -0.164131 0.431185
v 0.120075 -0.192939 0.431185
v 0.076862 -0.192939 0.431185
v -0.548137 -0.152235 0.089380
v -0.548137 -0.112206 0.569520
v -0.504925 -0.152235 0.089380
v -0.504925 -0.112206 0.569520
v -0.548137 -0.181043 0.089380
v -0.548137 -0.141015 0.569520
v -0.504925 -0.181043 0.089380
v -0.504925 -0.141015 0.569520
v -0.548137 -0.164131 0.110764
v -0.504925 -0.164131 0.110764
v -0.504925 -0.192939 0.110764
v -0.548137 -0.192939 0.110764
v -0.548137 -0.164131 0.431185
v -0.504925 -0.164131 0.431185
v -0.504925 -0.192939 0.431185
v -0.548137 -0.192939 0.431185
v -0.610638 -0.152235 0.089380
v -0.610638 -0.112206 0.569520
v -0.567425 -0.152235 0.089380
v -0.567425 -0.112206 0.569520
v -0.610638 -0.181043 0.089380
v -0.610638 -0.141015 0.569520
v -0.567425 -0.181043 0.089380
v -0.567425 -0.141015 0.569520
v -0.610638 -0.164131 0.110764
v -0.567425 -0.164131 0.110764
v -0.567425 -0.192939 0.110764
v -0.610638 -0.192939 0.110764
v -0.610638 -0.164131 0.431185
v -0.567425 -0.164131 0.431185
v -0.567425 -0.192939 0.431185
v -0.610638 -0.192939 0.431185
v -0.485638 -0.152235 0.089380
v -0.485638 -0.112206 0.569520
v -0.442425 -0.152235 0.089380
v -0.442425 -0.112206 0.569520
v -0.485638 -0.181043 0.089380
v -0.485638 -0.141015 0.569520
v -0.442425 -0.181043 0.089380
v -0.442425 -0.141015 0.569520
v -0.485638 -0.164131 0.110764
v -0.442425 -0.164131 0.110764
v -0.442425 -0.192939 0.110764
v -0.485638 -0.192939 0.110764
v -0.485638 -0.164131 0.431185
v -0.442425 -0.164131 0.431185
v -0.442425 -0.192939 0.431185
v -0.485638 -0.192939 0.431185
v -0.423137 -0.152235 0.089380
v -0.423137 -0.112206 0.569520
v -0.379925 -0.152235 0.089380
v -0.379925 -0.112206 0.569520
v -0.423137 -0.181043 0.089380
v -0.423137 -0.141015 0.569520
v -0.379925 -0.181043 0.089380
v -0.379925 -0.141015 0.569520
v -0.423137 -0.164131 0.110764
v -0.379925 -0.164131 0.110764
v -0.379925 -0.192939 0.110764
v -0.423137 -0.192939 0.110764
v -0.423137 -0.164131 0.431185
v -0.379925 -0.164131 0.431185
v -0.379925 -0.192939 0.431185
v -0.423137 -0.192939 0.431185
v -0.610638 0.152234 0.089380
v -0.610638 0.112205 0.569520
v -0.567425 0.152234 0.089380
v -0.567425 0.112205 0.569520
v -0.610638 0.181042 0.089380
v -0.610638 0.141014 0.569520
v -0.567425 0.181042 0.089380
v -0.567425 0.141014 0.569520
v -0.610638 0.164130 0.110764
v -0.567425 0.164130 0.110764
v -0.567425 0.192938 0.110764
v -0.610638 0.192938 0.110764
v -0.610638 0.164130 0.431185
v -0.567425 0.164130 0.431185
v -0.567425 0.192938 0.431185
v -0.610638 0.192938 0.431185
v -0.423137 0.152234 0.089380
v -0.423137 0.112205 0.569520
v -0.379925 0.152234 0.089380
v -0.379925 0.112205 0.569520
v -0.423137 0.181042 0.089380
v -0.423137 0.141014 0.569520
v -0.379925 0.181042 0.089380
v -0.379925 0.141014 0.569520
v -0.423137 0.164130 0.110764
v -0.379925 0.164130 0.110764
v -0.379925 0.192938 0.110764
v -0.423137 0.192938 0.110764
v -0.423137 0.164130 0.431185
v -0.379925 0.164130 0.431185
v -0.379925 0.192938 0.431185
v -0.423137 0.192938 0.431185
v -0.485638 0.152234 0.089380
v -0.485638 0.112205 0.569520
v -0.442425 0.152234 0.089380
v -0.442425 0.112205 0.569520
v -0.485638 0.181042 0.089380
v -0.485638 0.141014 0.569520
v -0.442425 0.181042 0.089380
v -0.442425 0.141014 0.569520
v -0.485638 0.164130 0.110764
v -0.442425 0.164130 0.110764
v -0.442425 0.192938 0.110764
v -0.485638 0.192938 0.110764
v -0.485638 0.164130 0.431185
v -0.442425 0.164130 0.431185
v -0.442425 0.192938 0.431185
v -0.485638 0.192938 0.431185
v -0.548137 0.152234 0.089380
v -0.548137 0.112205 0.569520
v -0.504925 0.152234 0.089380
v -0.504925 0.112205 0.569520
v -0.548137 0.181042 0.089380
v -0.548137 0.141014 0.569520
v -0.504925 0.181042 0.089380
v -0.504925 0.141014 0.569520
v -0.548137 0.164130 0.110764
v -0.504925 0.164130 0.110764
v -0.504925 0.192938 0.110764
v -0.548137 0.192938 0.110764
v -0.548137 0.164130 0.431185
v -0.504925 0.164130 0.431185
v -0.504925 0.192938 0.431185
v -0.548137 0.192938 0.431185
v 0.076863 0.152234 0.089380
v 0.076863 0.112205 0.569520
v 0.120075 0.152234 0.089380
v 0.120075 0.112205 0.569520
v 0.076863 0.181042 0.089380
v 0.076863 0.141014 0.569520
v 0.120075 0.181042 0.089380
v 0.120075 0.141014 0.569520
v 0.076863 0.164130 0.110764
v 0.120075 0.164130 0.110764
v 0.120075 0.192938 0.110764
v 0.076863 0.192938 0.110764
v 0.076863 0.164130 0.431185
v 0.120075 0.164130 0.431185
v 0.120075 0.192938 0.431185
v 0.076863 0.192938 0.431185
v 0.014363 0.152234 0.089380
v 0.014363 0.112205 0.569520
v 0.057575 0.152234 0.089380
v 0.057575 0.112205 0.569520
v 0.014363 0.181042 0.089380
v 0.014363 0.141014 0.569520
v 0.057575 0.181042 0.089380
v 0.057575 0.141014 0.569520
v 0.014363 0.164130 0.110764
v 0.057575 0.164130 0.110764
v 0.057575 0.192938 0.110764
v 0.014363 0.192938 0.110764
v 0.014363 0.164130 0.431185
v 0.057575 0.164130 0.431185
v 0.057575 0.192938 0.431185
v 0.014363 0.192938 0.431185
v -0.110637 0.152234 0.089380
v -0.110637 0.112205 0.569520
v -0.067425 0.152234 0.089380
v -0.067425 0.112205 0.569520
v -0.110637 0.181042 0.089380
v -0.110637 0.141014 0.569520
v -0.067425 0.181042 0.089380
v -0.067425 0.141014 0.569520
v -0.110637 0.164130 0.110764
v -0.067425 0.164130 0.110764
v -0.067425 0.192938 0.110764
v -0.110637 0.192938 0.110764
v -0.110637 0.164130 0.431185
v -0.067425 0.164130 0.431185
v -0.067425 0.192938 0.431185
v -0.110637 0.192938 0.431185
v -0.048138 0.152234 0.089380
v -0.048138 0.112205 0.569520
v -0.004925 0.152234 0.089380
v -0.004925 0.112205 0.569520
v -0.048138 0.181042 0.089380
v -0.048138 0.141014 0.569520
v -0.004925 0.181042 0.089380
v -0.004925 0.141014 0.569520
v -0.048138 0.164130 0.110764
v -0.004925 0.164130 0.110764
v -0.004925 0.192938 0.110764
v -0.048138 0.192938 0.110764
v -0.048138 0.164130 0.431185
v -0.004925 0.164130 0.431185
v -0.004925 0.192938 0.431185
v -0.048138 0.192938 0.431185
v -0.298137 0.152234 0.089380
v -0.298137 0.112205 0.569520
v -0.254925 0.152234 0.089380
v -0.254925 0.112205 0.569520
v -0.298137 0.181042 0.089380
v -0.298137 0.141014 0.569520
v -0.254925 0.181042 0.089380
v -0.254925 0.141014 0.569520
v -0.298137 0.164130 0.110764
v -0.254925 0.164130 0.110764
v -0.254925 0.192938 0.110764
v -0.298137 0.192938 0.110764
v -0.298137 0.164130 0.431185
v -0.254925 0.164130 0.431185
v -0.254925 0.192938 0.431185
v -0.298137 0.192938 0.431185
v -0.360637 0.152234 0.089380
v -0.360637 0.112205 0.569520
v -0.317425 0.152234 0.089380
v -0.317425 0.112205 0.569520
v -0.360637 0.181042 0.089380
v -0.360637 0.141014 0.569520
v -0.317425 0.181042 0.089380
v -0.317425 0.141014 0.569520
v -0.360637 0.164130 0.110764
v -0.317425 0.164130 0.110764
v -0.317425 0.192938 0.110764
v -0.360637 0.192938 0.110764
v -0.360637 0.164130 0.431185
v -0.317425 0.164130 0.431185
v -0.317425 0.192938 0.431185
v -0.360637 0.192938 0.431185
v -0.235638 0.152234 0.089380
v -0.235638 0.112205 0.569520
v -0.192425 0.152234 0.089380
v -0.192425 0.112205 0.569520
v -0.235638 0.181042 0.089380
v -0.235638 0.141014 0.569520
v -0.192425 0.181042 0.089380
v -0.192425 0.141014 0.569520
v -0.235638 0.164130 0.110764
v -0.192425 0.164130 0.110764
v -0.192425 0.192938 0.110764
v -0.235638 0.192938 0.110764
v -0.235638 0.164130 0.431185
v -0.192425 0.164130 0.431185
v -0.192425 0.192938 0.431185
v -0.235638 0.192938 0.431185
v -0.173137 0.152234 0.089380
v -0.173137 0.112205 0.569520
v -0.129925 0.152234 0.089380
v -0.129925 0.112205 0.569520
v -0.173137 0.181042 0.089380
v -0.173137 0.141014 0.569520
v -0.129925 0.181042 0.089380
v -0.129925 0.141014 0.569520
v -0.173137 0.164130 0.110764
v -0.129925 0.164130 0.110764
v -0.129925 0.192938 0.110764
v -0.173137 0.192938 0.110764
v -0.173137 0.164130 0.431185
v -0.129925 0.164130 0.431185
v -0.129925 0.192938 0.431185
v -0.173137 0.192938 0.431185
v 0.326863 0.152234 0.089380
v 0.326863 0.112205 0.569520
v 0.370075 0.152234 0.089380
v 0.370075 0.112205 0.569520
v 0.326863 0.181042 0.089380
v 0.326863 0.141014 0.569520
v 0.370075 0.181042 0.089380
v 0.370075 0.141014 0.569520
v 0.326863 0.164130 0.110764
v 0.370075 0.164130 0.110764
v 0.370075 0.192938 0.110764
v 0.326863 0.192938 0.110764
v 0.326863 0.164130 0.431185
v 0.370075 0.164130 0.431185
v 0.370075 0.192938 0.431185
v 0.326863 0.192938 0.431185
v 0.264362 0.152234 0.089380
v 0.264362 0.112205 0.569520
v 0.307575 0.152234 0.089380
v 0.307575 0.112205 0.569520
v 0.264362 0.181042 0.089380
v 0.264362 0.141014 0.569520
v 0.307575 0.181042 0.089380
v 0.307575 0.141014 0.569520
v 0.264362 0.164130 0.110764
v 0.307575 0.164130 0.110764
v 0.307575 0.192938 0.110764
v 0.264362 0.192938 0.110764
v 0.264362 0.164130 0.431185
v 0.307575 0.164130 0.431185
v 0.307575 0.192938 0.431185
v 0.264362 0.192938 0.431185
v 0.139363 0.152234 0.089380
v 0.139363 0.112205 0.569520
v 0.182575 0.152234 0.089380
v 0.182575 0.112205 0.569520
v 0.139363 0.181042 0.089380
v 0.139363 0.141014 0.569520
v 0.182575 0.181042 0.089380
v 0.182575 0.141014 0.569520
v 0.139363 0.164130 0.110764
v 0.182575 0.164130 0.110764
v 0.182575 0.192938 0.110764
v 0.139363 0.192938 0.110764
v 0.139363 0.164130 0.431185
v 0.182575 0.164130 0.431185
v 0.182575 0.192938 0.431185
v 0.139363 0.192938 0.431185
v 0.201863 0.152234 0.089380
v 0.201863 0.112205 0.569520
v 0.245075 0.152234 0.089380
v 0.245075 0.112205 0.569520
v 0.201863 0.181042 0.089380
v 0.201863 0.141014 0.569520
v 0.245075 0.181042 0.089380
v 0.245075 0.141014 0.569520
v 0.201863 0.164130 0.110764
v 0.245075 0.164130 0.110764
v 0.245075 0.192938 0.110764
v 0.201863 0.192938 0.110764
v 0.201863 0.164130 0.431185
v 0.245075 0.164130 0.431185
v 0.245075 0.192938 0.431185
v 0.201863 0.192938 0.431185
v 0.451862 0.152234 0.089380
v 0.451862 0.112205 0.569520
v 0.495075 0.152234 0.089380
v 0.495075 0.112205 0.569520
v 0.451862 0.181042 0.089380
v 0.451862 0.141014 0.569520
v 0.495075 0.181042 0.089380
v 0.495075 0.141014 0.569520
v 0.451862 0.164130 0.110764
v 0.495075 0.164130 0.110764
v 0.495075 0.192938 0.110764
v 0.451862 0.192938 0.110764
v 0.451862 0.164130 0.431185
v 0.495075 0.164130 0.431185
v 0.495075 0.192938 0.431185
v 0.451862 0.192938 0.431185
v 0.389362 0.152234 0.089380
v 0.389362 0.112205 0.569520
v 0.432575 0.152234 0.089380
v 0.432575 0.112205 0.569520
v 0.389362 0.181042 0.089380
v 0.389362 0.141014 0.569520
v 0.432575 0.181042 0.089380
v 0.432575 0.141014 0.569520
v 0.389362 0.164130 0.110764
v 0.432575 0.164130 0.110764
v 0.432575 0.192938 0.110764
v 0.389362 0.192938 0.110764
v 0.389362 0.164130 0.431185
v 0.432575 0.164130 0.431185
v 0.432575 0.192938 0.431185
v 0.389362 0.192938 0.431185
v 0.514363 0.152234 0.089380
v 0.514363 0.112205 0.569520
v 0.557575 0.152234 0.089380
v 0.557575 0.112205 0.569520
v 0.514363 0.181042 0.089380
v 0.514363 0.141014 0.569520
v 0.557575 0.181042 0.089380
v 0.557575 0.141014 0.569520
v 0.514363 0.164130 0.110764
v 0.557575 0.164130 0.110764
v 0.557575 0.192938 0.110764
v 0.514363 0.192938 0.110764
v 0.514363 0.164130 0.431185
v 0.557575 0.164130 0.431185
v 0.557575 0.192938 0.431185
v 0.514363 0.192938 0.431185
v 0.576862 0.152234 0.089380
v 0.576862 0.112205 0.569520
v 0.620075 0.152234 0.089380
v 0.620075 0.112205 0.569520
v 0.576862 0.181042 0.089380
v 0.576862 0.141014 0.569520
v 0.620075 0.181042 0.089380
v 0.620075 0.141014 0.569520
v 0.576862 0.164130 0.110764
v 0.620075 0.164130 0.110764
v 0.620075 0.192938 0.110764
v 0.576862 0.192938 0.110764
v 0.576862 0.164130 0.431185
v 0.620075 0.164130 0.431185
v 0.620075 0.192938 0.431185
v 0.576862 0.192938 0.431185
v 0.261197 0.209021 0.553590
v 0.253270 0.324509 0.604471
v 0.251812 0.196666 0.582044
v 0.245588 0.314395 0.627764
v 0.223242 0.190522 0.596057
v 0.222199 0.309366 0.639235
v 0.192221 0.194190 0.587418
v 0.196804 0.312368 0.632164
v 0.176922 0.205520 0.561190
v 0.184279 0.321643 0.610692
v 0.186306 0.217875 0.532736
v 0.191961 0.331758 0.587399
v 0.214876 0.224018 0.518724
v 0.215350 0.336787 0.575928
v 0.245897 0.220351 0.527362
v 0.240745 0.333784 0.582999
v 0.251528 0.312471 0.632236
v 0.260912 0.324827 0.603782
v 0.222957 0.306328 0.646248
v 0.191936 0.309996 0.637610
v 0.176637 0.321326 0.611382
v 0.186021 0.333681 0.582927
v 0.214592 0.339824 0.568915
v 0.245612 0.336157 0.577553
v 0.245597 0.310685 0.626157
v 0.253279 0.320800 0.602863
v 0.222208 0.305656 0.637628
v 0.196813 0.308658 0.630556
v 0.184288 0.317934 0.609085
v 0.191970 0.328048 0.585791
v 0.215359 0.333077 0.574320
v 0.240754 0.330075 0.581391
v 0.261399 0.126535 0.517840
v 0.252015 0.114180 0.546295
v 0.223445 0.108037 0.560307
v 0.192424 0.111704 0.551669
v 0.177125 0.123034 0.525440
v 0.186509 0.135389 0.496986
v 0.215079 0.141533 0.482974
v 0.246100 0.137865 0.491612
v 0.037232 0.209021 0.553590
v 0.029305 0.324509 0.604471
v 0.027848 0.196666 0.582044
v 0.021623 0.314395 0.627764
v -0.000723 0.190522 0.596057
v -0.001766 0.309366 0.639235
v -0.031744 0.194190 0.587418
v -0.027161 0.312368 0.632164
v -0.047043 0.205520 0.561190
v -0.039686 0.321643 0.610692
v -0.037659 0.217875 0.532736
v -0.032004 0.331758 0.587399
v -0.009088 0.224018 0.518724
v -0.008615 0.336787 0.575928
v 0.021932 0.220351 0.527362
v 0.016780 0.333784 0.582999
v 0.027563 0.312471 0.632236
v 0.036947 0.324827 0.603782
v -0.001008 0.306328 0.646248
v -0.032028 0.309996 0.637610
v -0.047328 0.321326 0.611382
v -0.037944 0.333681 0.582927
v -0.009373 0.339824 0.568915
v 0.021648 0.336157 0.577553
v 0.021632 0.310685 0.626157
v 0.029314 0.320800 0.602863
v -0.001757 0.305656 0.637628
v -0.027152 0.308658 0.630556
v -0.039677 0.317934 0.609085
v -0.031994 0.328048 0.585791
v -0.008605 0.333077 0.574320
v 0.016790 0.330075 0.581391
v 0.037435 0.126535 0.517840
v 0.028051 0.114180 0.546295
v -0.000520 0.108037 0.560307
v -0.031541 0.111704 0.551669
v -0.046840 0.123034 0.525440
v -0.037456 0.135389 0.496986
v -0.008885 0.141533 0.482974
v 0.022135 0.137865 0.491612
v -0.181770 0.209021 0.553590
v -0.189697 0.324509 0.604471
v -0.191154 0.196666 0.582044
v -0.197379 0.314395 0.627764
v -0.219725 0.190522 0.596057
v -0.220768 0.309366 0.639235
v -0.250745 0.194190 0.587418
v -0.246163 0.312368 0.632164
v -0.266045 0.205520 0.561190
v -0.258688 0.321643 0.610692
v -0.256661 0.217875 0.532736
v -0.251005 0.331758 0.587399
v -0.228090 0.224018 0.518724
v -0.227616 0.336787 0.575928
v -0.197069 0.220351 0.527362
v -0.202221 0.333784 0.582999
v -0.191439 0.312471 0.632236
v -0.182055 0.324827 0.603782
v -0.220009 0.306328 0.646248
v -0.251030 0.309996 0.637610
v -0.266329 0.321326 0.611382
v -0.256945 0.333681 0.582927
v -0.228375 0.339824 0.568915
v -0.197354 0.336157 0.577553
v -0.197370 0.310685 0.626157
v -0.189688 0.320800 0.602863
v -0.220759 0.305656 0.637628
v -0.246154 0.308658 0.630556
v -0.258678 0.317934 0.609085
v -0.250996 0.328048 0.585791
v -0.227607 0.333077 0.574320
v -0.202212 0.330075 0.581391
v -0.181567 0.126535 0.517840
v -0.190951 0.114180 0.546295
v -0.219522 0.108037 0.560307
v -0.250542 0.111704 0.551669
v -0.265842 0.123034 0.525440
v -0.256458 0.135389 0.496986
v -0.227887 0.141533 0.482974
v -0.196866 0.137865 0.491612
v -0.181770 -0.209054 0.553590
v -0.189697 -0.324543 0.604471
v -0.191154 -0.196699 0.582044
v -0.197379 -0.314428 0.627764
v -0.219725 -0.190556 0.596057
v -0.220768 -0.309399 0.639235
v -0.250745 -0.194223 0.587418
v -0.246163 -0.312401 0.632164
v -0.266045 -0.205553 0.561190
v -0.258688 -0.321677 0.610692
v -0.256661 -0.217909 0.532736
v -0.251005 -0.331791 0.587399
v -0.228090 -0.224052 0.518724
v -0.227616 -0.336820 0.575928
v -0.197069 -0.220384 0.527362
v -0.202221 -0.333818 0.582999
v -0.191439 -0.312505 0.632236
v -0.182055 -0.324860 0.603782
v -0.220009 -0.306362 0.646248
v -0.251030 -0.310029 0.637610
v -0.266329 -0.321359 0.611382
v -0.256945 -0.333714 0.582927
v -0.228375 -0.339858 0.568915
v -0.197354 -0.336190 0.577553
v -0.197370 -0.310719 0.626157
v -0.189688 -0.320833 0.602863
v -0.220759 -0.305689 0.637628
v -0.246154 -0.308692 0.630556
v -0.258678 -0.317967 0.609085
v -0.250996 -0.328082 0.585791
v -0.227607 -0.333111 0.574320
v -0.202212 -0.330108 0.581391
v -0.181567 -0.126569 0.517840
v -0.190951 -0.114213 0.546295
v -0.219522 -0.108070 0.560307
v -0.250542 -0.111738 0.551669
v -0.265842 -0.123068 0.525440
v -0.256458 -0.135423 0.496986
v -0.227887 -0.141566 0.482974
v -0.196866 -0.137899 0.491612
v 0.037232 -0.209054 0.553590
v 0.029305 -0.324543 0.604471
v 0.027848 -0.196699 0.582044
v 0.021623 -0.314428 0.627764
v -0.000723 -0.190556 0.596057
v -0.001766 -0.309399 0.639235
v -0.031744 -0.194223 0.587418
v -0.027161 -0.312401 0.632164
v -0.047043 -0.205553 0.561190
v -0.039686 -0.321677 0.610692
v -0.037659 -0.217909 0.532736
v -0.032004 -0.331791 0.587399
v -0.009088 -0.224052 0.518724
v -0.008615 -0.336820 0.575928
v 0.021932 -0.220384 0.527362
v 0.016780 -0.333818 0.582999
v 0.027563 -0.312505 0.632236
v 0.036947 -0.324860 0.603782
v -0.001008 -0.306362 0.646248
v -0.032028 -0.310029 0.637610
v -0.047328 -0.321359 0.611382
v -0.037944 -0.333714 0.582927
v -0.009373 -0.339858 0.568915
v 0.021648 -0.336190 0.577553
v 0.021632 -0.310719 0.626157
v 0.029314 -0.320833 0.602863
v -0.001757 -0.305689 0.637628
v -0.027152 -0.308692 0.630556
v -0.039677 -0.317967 0.609085
v -0.031994 -0.328082 0.585791
v -0.008605 -0.333111 0.574320
v 0.016790 -0.330108 0.581391
v 0.037435 -0.126569 0.517840
v 0.028051 -0.114213 0.546295
v -0.000520 -0.108070 0.560307
v -0.031541 -0.111738 0.551669
v -0.046840 -0.123068 0.525440
v -0.037456 -0.135423 0.496986
v -0.008885 -0.141566 0.482974
v 0.022135 -0.137899 0.491612
v 0.261197 -0.209054 0.553590
v 0.253270 -0.324543 0.604471
v 0.251812 -0.196699 0.582044
v 0.245588 -0.314428 0.627764
v 0.223242 -0.190556 0.596057
v 0.222199 -0.309399 0.639235
v 0.192221 -0.194223 0.587418
v 0.196804 -0.312401 0.632164
v 0.176922 -0.205553 0.561190
v 0.184279 -0.321677 0.610692
v 0.186306 -0.217909 0.532736
v 0.191961 -0.331791 0.587399
v 0.214876 -0.224052 0.518724
v 0.215350 -0.336820 0.575928
v 0.245897 -0.220384 0.527362
v 0.240745 -0.333818 0.582999
v 0.251528 -0.312505 0.632236
v 0.260912 -0.324860 0.603782
v 0.222957 -0.306362 0.646248
v 0.191936 -0.310029 0.637610
v 0.176637 -0.321359 0.611382
v 0.186021 -0.333714 0.582927
v 0.214592 -0.339858 0.568915
v 0.245612 -0.336190 0.577553
v 0.245597 -0.310719 0.626157
v 0.253279 -0.320833 0.602863
v 0.222208 -0.305689 0.637628
v 0.196813 -0.308692 0.630556
v 0.184288 -0.317967 0.609085
v 0.191970 -0.328082 0.585791
v 0.215359 -0.333111 0.574320
v 0.240754 -0.330108 0.581391
v 0.261399 -0.126569 0.517840
v 0.252015 -0.114213 0.546295
v 0.223445 -0.108070 0.560307
v 0.192424 -0.111738 0.551669
v 0.177125 -0.123068 0.525440
v 0.186509 -0.135423 0.496986
v 0.215079 -0.141566 0.482974
v 0.246100 -0.137899 0.491612
v 0.211773 -0.145472 0.312001
v 0.197812 -0.374915 0.312001
v 0.189226 -0.145472 0.366432
v 0.179355 -0.374915 0.356561
v 0.134795 -0.145472 0.388978
v 0.134795 -0.374915 0.375018
v 0.080364 -0.145472 0.366432
v 0.090236 -0.374915 0.356561
v 0.057818 -0.145472 0.312001
v 0.071779 -0.374915 0.312001
v 0.080364 -0.145472 0.257570
v 0.090236 -0.374915 0.267441
v 0.134795 -0.145472 0.235024
v 0.134795 -0.374915 0.248984
v 0.189226 -0.145472 0.257570
v 0.179355 -0.374915 0.267441
v 0.189226 -0.374915 0.366432
v 0.211773 -0.374915 0.312001
v 0.134795 -0.374915 0.388978
v 0.080364 -0.374915 0.366432
v 0.057818 -0.374915 0.312001
v 0.080364 -0.374915 0.257570
v 0.134795 -0.374915 0.235024
v 0.189226 -0.374915 0.257570
v 0.179355 -0.367565 0.356561
v 0.197812 -0.367565 0.312001
v 0.134795 -0.367565 0.375018
v 0.090236 -0.367565 0.356561
v 0.071779 -0.367565 0.312001
v 0.090236 -0.367565 0.267441
v 0.134795 -0.367565 0.248984
v 0.179355 -0.367565 0.267441
v -0.074246 0.145471 0.312001
v -0.088206 0.374914 0.312001
v -0.096792 0.145471 0.366432
v -0.106664 0.374914 0.356561
v -0.151223 0.145471 0.388978
v -0.151223 0.374914 0.375018
v -0.205654 0.145471 0.366432
v -0.195783 0.374914 0.356561
v -0.228201 0.145471 0.312001
v -0.214240 0.374914 0.312001
v -0.205654 0.145471 0.257570
v -0.195783 0.374914 0.267441
v -0.151223 0.145471 0.235024
v -0.151223 0.374914 0.248984
v -0.096792 0.145471 0.257570
v -0.106664 0.374914 0.267441
v -0.096792 0.374914 0.366432
v -0.074246 0.374914 0.312001
v -0.151223 0.374914 0.388978
v -0.205654 0.374914 0.366432
v -0.228201 0.374914 0.312001
v -0.205654 0.374914 0.257570
v -0.151223 0.374914 0.235024
v -0.096792 0.374914 0.257570
v -0.106664 0.367565 0.356561
v -0.088206 0.367565 0.312001
v -0.151223 0.367565 0.375018
v -0.195783 0.367565 0.356561
v -0.214240 0.367565 0.312001
v -0.195783 0.367565 0.267441
v -0.151223 0.367565 0.248984
v -0.106664 0.367565 0.267441
vn -0.0000 -0.9310 -0.3651
vn -0.4914 -0.0000 -0.8709
vn -0.0000 0.9310 0.3651
vn 1.0000 -0.0000 -0.0000
vn -0.0000 -0.0000 1.0000
vn -0.0000 -0.0000 -1.0000
vn -0.0000 0.9316 -0.3635
vn -0.4991 -0.0000 0.8665
vn -0.0000 -0.9316 0.3635
vn -0.0000 1.0000 -0.0000
vn -1.0000 -0.0000 -0.0000
vn -0.0000 -1.0000 -0.0000
vn -0.0000 0.9425 0.3343
vn 0.7889 -0.0000 -0.6145
vn -0.0000 -0.9310 0.3650
vn -0.0000 0.7132 -0.7009
vn -0.0000 -0.7184 -0.6957
vn -0.0000 0.9425 -0.3343
vn 0.7889 -0.0000 0.6145
vn -0.0000 -0.9330 -0.3598
vn -0.0000 0.7178 0.6962
vn -0.0015 -0.7091 0.7051
vn -0.0000 0.9310 -0.3651
vn -0.0000 -0.9310 0.3651
vn -0.0000 -0.9316 -0.3635
vn -0.0000 0.9316 0.3635
vn -0.0000 -1.0000 -0.0087
vn -0.0000 0.0087 -1.0000
vn -0.0000 1.0000 0.0087
vn -0.0000 -0.7133 0.7009
vn -0.0000 -0.7009 -0.7133
vn -0.0000 0.7133 -0.7009
vn -0.0000 0.7009 0.7133
vn -0.0000 -0.0087 1.0000
vn -0.1231 0.8738 -0.4705
vn -0.1231 0.8738 0.4705
vn 0.1231 0.8738 -0.4705
vn 0.1231 0.8738 0.4705
vn -0.1231 -0.8738 -0.4705
vn -0.1231 -0.8738 0.4705
vn 0.1231 -0.8738 -0.4705
vn 0.1231 -0.8738 0.4705
vn -0.0000 0.8805 -0.4741
vn -0.1319 0.9355 0.3277
vn -0.0000 0.8805 0.4741
vn 0.1396 0.9902 -0.0000
vn 0.2532 -0.0000 -0.9674
vn 0.2532 -0.0000 0.9674
vn 0.1396 -0.9902 -0.0000
vn -0.0000 -0.8805 -0.4741
vn -0.0000 -0.8805 0.4741
vn -0.1396 -0.9902 -0.0000
vn -0.2532 -0.0000 -0.9674
vn -0.2532 -0.0000 0.9674
vn -0.0000 0.9438 0.3306
vn -0.0000 -0.9438 0.3306
vn -0.1319 -0.9355 0.3277
vn 0.1319 -0.9355 0.3277
vn 0.1319 0.9355 0.3277
vn -0.1396 0.9902 -0.0000
vn -0.8397 -0.4892 0.2357
vn 0.0001 -1.0000 0.0004
vn 0.8427 -0.4882 -0.2268
vn 0.8609 0.4510 -0.2353
vn -0.0001 1.0000 -0.0004
vn -0.8577 0.4529 0.2435
vn -0.1973 -0.4942 0.8467
vn -0.0001 -1.0000 0.0003
vn 0.1926 -0.4950 -0.8473
vn 0.2011 0.4360 -0.8772
vn -0.0000 1.0000 -0.0002
vn -0.2056 0.4379 0.8752
vn 0.0007 -0.4976 0.8674
vn 0.0005 -1.0000 0.0004
vn -0.0002 -0.4982 -0.8670
vn -0.0007 0.4967 -0.8679
vn -0.0005 1.0000 -0.0005
vn 0.0002 0.4973 0.8676
vn 0.2201 -0.4962 0.8398
vn 0.0027 -1.0000 0.0002
vn -0.2150 -0.4978 -0.8402
vn -0.2218 0.4720 -0.8532
vn -0.0024 1.0000 0.0009
vn 0.2217 0.4739 0.8522
vn 0.7444 -0.4730 0.4712
vn -0.0037 -1.0000 0.0036
vn -0.7477 -0.4726 -0.4665
vn -0.7401 0.4831 -0.4678
vn 0.0039 1.0000 -0.0035
vn 0.7425 0.4823 0.4648
vn -0.0000 -0.8935 0.4491
vn -0.0000 0.8935 -0.4491
vn -0.9955 -0.0000 -0.0950
vn 0.9955 -0.0000 -0.0950
vn -0.0000 0.8935 0.4491
vn -0.0000 -0.8935 -0.4491
vn 0.9239 -0.0000 0.3827
vn 0.3827 -0.0000 0.9239
vn -0.3827 -0.0000 0.9239
vn -0.9239 -0.0000 0.3827
vn -0.9239 -0.0000 -0.3827
vn -0.3827 -0.0000 -0.9239
vn 0.3827 -0.0000 -0.9239
vn 0.9239 -0.0000 -0.3827
vn -0.0000 0.9362 -0.3514
vn -0.0000 -0.9362 0.3514
vn -0.0000 -0.8739 -0.4861
vn -0.0000 0.8739 0.4861
vn -0.0000 -0.9362 -0.3514
vn -0.0000 0.9362 0.3514
vn -0.0000 0.8739 -0.4861
vn -0.0000 -0.8739 0.4861
vn 0.9572 -0.1132 0.2665
vn 0.4721 -0.3496 0.8093
vn -0.2896 -0.3812 0.8780
vn -0.8816 -0.1896 0.4323
vn -0.9572 0.1132 -0.2665
vn -0.4721 0.3496 -0.8093
vn -0.8816 -0.1895 0.4324
vn 0.2896 0.3812 -0.8780
vn 0.8816 0.1896 -0.4323
vn -0.0023 0.9175 0.3977
vn 0.2895 0.3812 -0.8780
vn 0.0023 -0.9175 -0.3977
vn 0.9572 0.1132 0.2665
vn 0.4721 0.3496 0.8093
vn -0.2896 0.3812 0.8780
vn -0.8816 0.1896 0.4323
vn -0.9572 -0.1132 -0.2665
vn -0.4721 -0.3496 -0.8093
vn -0.8816 0.1895 0.4324
vn 0.2896 -0.3812 -0.8780
vn 0.8816 -0.1896 -0.4324
vn -0.0023 -0.9175 0.3977
vn 0.8816 -0.1896 -0.4323
vn 0.0023 0.9175 -0.3977
vn -0.8816 0.1896 0.4324
vn 0.9320 -0.0000 -0.3624
vn -0.3226 -0.6712 -0.6674
vn 0.7349 0.4837 -0.4754
vn 0.0008 0.7086 -0.7056
vn -0.0015 -0.7091 -0.7051
vn 0.9320 -0.0000 0.3624
vn 0.7333 0.4880 0.4734
vn -0.3226 -0.6712 0.6674
vn 0.0008 0.7132 0.7010
vn -0.0000 -0.7184 0.6957
vn -0.8575 -0.4530 0.2438
vn 0.8611 -0.4509 -0.2350
vn 0.8426 0.4883 -0.2272
vn -0.8398 0.4892 0.2354
vn -0.2057 -0.4372 0.8755
vn -0.0000 -1.0000 0.0002
vn 0.2010 -0.4366 -0.8769
vn 0.1927 0.4945 -0.8476
vn 0.0001 1.0000 -0.0003
vn -0.1973 0.4947 0.8464
vn 0.0007 -0.4967 0.8679
vn 0.0005 -1.0000 0.0005
vn -0.0002 -0.4973 -0.8676
vn -0.0007 0.4976 -0.8674
vn -0.0005 1.0000 -0.0004
vn 0.0002 0.4982 0.8670
vn 0.2242 -0.4724 0.8524
vn 0.0024 -1.0000 -0.0009
vn -0.2193 -0.4734 -0.8531
vn -0.2177 0.4964 -0.8404
vn -0.0027 1.0000 -0.0002
vn 0.2175 0.4976 0.8397
vn 0.7396 -0.4830 0.4687
vn -0.0039 -1.0000 0.0035
vn -0.7430 -0.4824 -0.4639
vn -0.7451 0.4729 -0.4704
vn 0.0037 1.0000 -0.0036
vn 0.7471 0.4728 0.4673
vn -0.8816 -0.1896 0.4324
vn 0.8816 0.1895 -0.4323
vn 0.8816 0.1895 -0.4324
vn -0.2895 0.3812 0.8780
vn 0.9572 0.1131 0.2665
vn 0.2895 -0.3812 -0.8780
vt 0.552112 0.000000
vt 0.625000 0.250000
vt 0.552112 0.250000
vt 0.552112 0.500000
vt 0.625000 0.500000
vt 0.552112 0.750000
vt 0.625000 1.000000
vt 0.552112 1.000000
vt 0.375000 0.500000
vt 0.125000 0.750000
vt 0.125000 0.500000
vt 0.875000 0.500000
vt 0.625000 0.750000
vt 0.449405 0.750000
vt 0.375000 1.000000
vt 0.375000 0.750000
vt 0.375000 0.250000
vt 0.449405 0.500000
vt 0.449405 0.000000
vt 0.375000 0.000000
vt 0.449405 1.000000
vt 0.449405 0.250000
vt 0.625000 0.329110
vt 0.625000 0.421806
vt 0.625000 0.922949
vt 0.703194 0.500000
vt 0.704224 0.750000
vt 0.795890 0.500000
vt 0.797949 0.750000
vt 0.875000 0.750000
vt 0.625000 0.000000
vt 0.625000 0.829224
vt 0.000000 0.000000
vt 0.137776 0.737223
vt 0.125000 0.737224
vt 0.137776 0.750000
vt 0.612224 0.000000
vt 0.612224 0.012776
vt 0.625000 0.012776
vt 0.137776 0.512776
vt 0.137776 0.500000
vt 0.125000 0.512777
vt 0.625000 0.249781
vt 0.612224 0.237224
vt 0.612224 0.262746
vt 0.362224 0.737223
vt 0.385947 0.761862
vt 0.387746 0.737223
vt 0.636862 0.739053
vt 0.612224 0.737254
vt 0.612224 0.762776
vt 0.362224 0.512776
vt 0.387746 0.512776
vt 0.385947 0.488138
vt 0.636862 0.510947
vt 0.612224 0.487224
vt 0.612224 0.512746
vt 0.552751 0.000000
vt 0.552752 0.237224
vt 0.387776 0.262776
vt 0.552751 0.262754
vt 0.552267 0.487466
vt 0.552743 0.512754
vt 0.552743 0.737246
vt 0.552267 0.762534
vt 0.625000 0.987224
vt 0.552751 0.012776
vt 0.552751 0.987224
vt 0.862224 0.512776
vt 0.387776 0.987223
vt 0.387776 0.237224
vt 0.387776 0.012776
vt 0.387776 0.000000
vt 0.000000 0.833333
vt 0.166667 1.000000
vt 0.000000 1.000000
vt 0.166667 0.166667
vt 0.000000 0.166667
vt 0.166667 0.333333
vt 0.000000 0.333333
vt 0.000000 0.500000
vt 0.166667 0.500000
vt 0.000000 0.666667
vt 0.166667 0.666667
vt 0.166667 0.833333
vt 0.333333 0.833333
vt 0.333333 1.000000
vt 0.333333 0.000000
vt 0.333333 0.166667
vt 0.333333 0.333333
vt 0.333333 0.500000
vt 0.333333 0.666667
vt 0.500000 0.833333
vt 0.666667 1.000000
vt 0.500000 1.000000
vt 0.500000 0.000000
vt 0.666667 0.166667
vt 0.500000 0.166667
vt 0.666667 0.333333
vt 0.500000 0.333333
vt 0.500000 0.500000
vt 0.666667 0.500000
vt 0.500000 0.666667
vt 0.666667 0.666667
vt 0.666667 0.833333
vt 0.833333 1.000000
vt 0.666667 0.000000
vt 0.833333 0.166667
vt 0.833333 0.333333
vt 0.833333 0.500000
vt 0.833333 0.666667
vt 0.833333 0.833333
vt 1.000000 1.000000
vt 0.833333 0.000000
vt 1.000000 0.166667
vt 1.000000 0.333333
vt 1.000000 0.500000
vt 1.000000 0.666667
vt 1.000000 0.833333
vt 0.548684 0.250000
vt 0.548684 0.000000
vt 0.548684 0.500000
vt 0.548684 0.750000
vt 0.548684 1.000000
vt 0.750000 1.000000
vt 0.875000 1.000000
vt 0.750000 0.500000
vt 0.250000 0.500000
vt 0.250000 0.446475
vt 0.111072 0.388929
vt 0.125000 1.000000
vt 0.250000 1.000000
vt 0.580294 0.080294
vt 0.919706 0.080294
vt 0.919706 0.419706
vt 0.419706 0.419706
vt 0.388929 0.388929
vt 0.490000 0.250000
vt 0.446475 0.250000
vt 0.388928 0.111072
vt 0.419706 0.080294
vt 0.250000 0.053525
vt 0.080294 0.080294
vt 0.111072 0.111072
vt 0.010000 0.250000
vt 0.053525 0.250000
vt 0.080294 0.419706
vt 0.580294 0.419706
vt 0.250000 0.490000
vt 0.250000 0.010000
vt 0.552971 0.250000
vt 0.552971 0.000000
vt 0.552971 0.750000
vt 0.552971 0.500000
vt 0.552971 1.000000
vt 0.386134 1.000000
vt 0.386134 0.750000
vt 0.386134 0.500000
vt 0.386134 0.250000
vt 0.386134 0.000000
vt 0.612224 0.987224
vt 0.862224 0.737223
vt 0.166667 0.000000
vt 1.000000 0.000000
vt 0.750000 0.490000
vt 0.510000 0.250000
vt 0.750000 0.010000
vt 0.990000 0.250000
s 0
usemtl Material.005
f 13/1/1 14/3/1 4/2/1
f 4/2/2 14/3/2 15/4/2
f 8/5/3 15/4/3 16/6/3
f 16/6/4 13/8/4 2/7/4
f 7/9/5 3/11/5 1/10/5
f 4/12/6 8/5/6 6/13/6
f 12/14/4 5/16/4 1/15/4
f 7/9/7 5/16/7 12/14/7
f 3/17/8 7/9/8 11/18/8
f 9/19/9 1/20/9 3/17/9
f 16/6/4 12/14/4 9/21/4
f 15/4/10 11/18/10 12/14/10
f 14/3/11 10/22/11 11/18/11
f 13/1/12 9/19/12 10/22/12
f 17/20/13 19/17/13 20/2/13
f 27/23/14 23/9/14 28/24/14
f 24/5/15 23/9/15 21/16/15
f 21/16/11 17/15/11 26/25/11
f 23/9/5 19/11/5 17/10/5
f 28/26/16 24/5/16 22/13/16
f 25/27/6 26/29/6 27/28/6
f 26/29/17 18/30/17 20/12/17
f 29/20/18 30/31/18 32/2/18
f 35/9/19 39/23/19 40/24/19
f 33/16/20 35/9/20 36/5/20
f 33/16/11 37/32/11 29/15/11
f 29/10/6 31/11/6 35/9/6
f 34/13/21 36/5/21 40/26/21
f 37/27/5 40/26/5 39/28/5
f 38/29/22 39/28/22 32/12/22
f 53/1/23 42/31/23 44/2/23
f 55/4/2 54/3/2 44/2/2
f 56/6/24 55/4/24 48/5/24
f 56/6/4 46/13/4 42/7/4
f 41/10/5 43/11/5 47/9/5
f 46/13/6 48/5/6 44/12/6
f 41/15/4 45/16/4 52/14/4
f 47/9/25 51/18/25 52/14/25
f 43/17/8 50/22/8 51/18/8
f 43/17/26 41/20/26 49/19/26
f 49/21/4 52/14/4 56/6/4
f 52/14/12 51/18/12 55/4/12
f 51/18/11 50/22/11 54/3/11
f 50/22/10 49/19/10 53/1/10
f 13/1/1 4/2/1 2/31/1
f 4/2/2 15/4/2 8/5/2
f 8/5/3 16/6/3 6/13/3
f 16/6/4 2/7/4 6/13/4
f 7/9/5 1/10/5 5/16/5
f 4/12/6 6/13/6 2/30/6
f 12/14/4 1/15/4 9/21/4
f 7/9/7 12/14/7 11/18/7
f 3/17/8 11/18/8 10/22/8
f 9/19/9 3/17/9 10/22/9
f 16/6/4 9/21/4 13/8/4
f 15/4/10 12/14/10 16/6/10
f 14/3/11 11/18/11 15/4/11
f 13/1/12 10/22/12 14/3/12
f 17/20/13 20/2/13 18/31/13
f 23/9/138 20/2/138 19/17/138
f 23/9/139 27/23/139 20/2/139
f 28/24/140 23/9/140 24/5/140
f 24/5/15 21/16/15 22/13/15
f 21/16/11 25/32/11 22/13/11
f 26/25/11 17/15/11 18/7/11
f 21/16/11 26/25/11 25/32/11
f 23/9/5 17/10/5 21/16/5
f 28/26/141 22/13/141 25/27/141
f 25/27/6 27/28/6 28/26/6
f 26/29/142 20/12/142 27/28/142
f 29/20/18 32/2/18 31/17/18
f 32/2/143 35/9/143 31/17/143
f 35/9/144 40/24/144 36/5/144
f 39/23/145 35/9/145 32/2/145
f 33/16/20 36/5/20 34/13/20
f 29/15/11 38/25/11 30/7/11
f 37/32/11 33/16/11 34/13/11
f 29/15/11 37/32/11 38/25/11
f 29/10/6 35/9/6 33/16/6
f 34/13/146 40/26/146 37/27/146
f 37/27/5 39/28/5 38/29/5
f 38/29/147 32/12/147 30/30/147
f 53/1/23 44/2/23 54/3/23
f 55/4/2 44/2/2 48/5/2
f 56/6/24 48/5/24 46/13/24
f 56/6/4 42/7/4 53/8/4
f 41/10/5 47/9/5 45/16/5
f 46/13/6 44/12/6 42/30/6
f 41/15/4 52/14/4 49/21/4
f 47/9/25 52/14/25 45/16/25
f 43/17/8 51/18/8 47/9/8
f 43/17/26 49/19/26 50/22/26
f 49/21/4 56/6/4 53/8/4
f 52/14/12 55/4/12 56/6/12
f 51/18/11 54/3/11 55/4/11
f 50/22/10 53/1/10 54/3/10
usemtl Material.003
f 63/33/11 59/33/11 61/33/11
f 72/33/4 71/33/4 79/33/4
f 63/33/27 62/33/27 70/33/27
f 61/33/28 60/33/28 68/33/28
f 59/33/29 58/33/29 65/33/29
f 64/33/30 63/33/30 71/33/30
f 62/33/31 61/33/31 69/33/31
f 60/33/32 59/33/32 67/33/32
f 58/33/33 57/33/33 66/33/33
f 64/33/34 72/33/34 66/33/34
f 80/33/32 79/33/32 87/33/32
f 69/33/4 77/33/4 78/33/4
f 68/33/4 67/33/4 75/33/4
f 66/33/4 74/33/4 73/33/4
f 66/33/4 72/33/4 80/33/4
f 70/33/4 78/33/4 79/33/4
f 69/33/4 68/33/4 76/33/4
f 65/33/4 73/33/4 75/33/4
f 85/33/4 82/33/4 87/33/4
f 78/33/33 77/33/33 85/33/33
f 76/33/30 75/33/30 83/33/30
f 73/33/31 74/33/31 82/33/31
f 74/33/28 80/33/28 88/33/28
f 79/33/29 78/33/29 86/33/29
f 77/33/34 76/33/34 84/33/34
f 75/33/27 73/33/27 81/33/27
f 263/12/97 261/117/97 278/113/97
f 263/12/98 277/126/98 279/125/98
f 267/5/99 265/127/99 279/125/99
f 267/5/100 280/7/100 281/95/100
f 271/9/101 269/101/101 281/95/101
f 273/128/102 271/9/102 282/15/102
f 286/129/100 262/129/100 276/130/100
f 273/128/103 283/132/103 284/131/103
f 261/81/104 275/11/104 284/131/104
f 271/133/12 263/135/12 267/134/12
f 262/129/10 264/137/10 277/136/10
f 264/137/10 266/139/10 279/138/10
f 279/138/10 266/139/10 268/140/10
f 280/141/10 268/140/10 270/142/10
f 270/142/10 272/144/10 282/143/10
f 272/144/10 274/146/10 283/145/10
f 283/145/10 274/146/10 276/130/10
f 284/147/10 276/130/10 262/129/10
f 289/142/10 286/129/10 291/146/10
f 291/146/98 274/146/98 272/144/98
f 289/142/104 270/142/104 268/140/104
f 287/139/102 266/139/102 264/137/102
f 292/130/99 276/130/99 274/146/99
f 290/144/97 272/144/97 270/142/97
f 288/140/103 268/140/103 266/139/103
f 285/137/101 264/137/101 262/129/101
f 310/113/97 293/117/97 295/12/97
f 309/126/98 295/12/98 297/127/98
f 311/125/99 297/127/99 299/5/99
f 312/7/100 299/5/100 301/101/100
f 301/101/101 303/9/101 314/15/101
f 314/15/102 303/9/102 305/128/102
f 308/130/100 294/129/100 318/129/100
f 315/132/103 305/128/103 307/11/103
f 316/131/104 307/11/104 293/81/104
f 299/134/10 307/148/10 303/133/10
f 294/129/12 310/149/12 309/136/12
f 296/137/12 309/136/12 311/138/12
f 300/140/12 298/139/12 311/138/12
f 302/142/12 300/140/12 312/141/12
f 302/142/12 313/150/12 314/143/12
f 304/144/12 314/143/12 315/145/12
f 308/130/12 306/146/12 315/145/12
f 294/129/12 308/130/12 316/147/12
f 323/146/12 319/139/12 321/142/12
f 304/144/98 306/146/98 323/146/98
f 300/140/104 302/142/104 321/142/104
f 296/137/102 298/139/102 319/139/102
f 306/146/99 308/130/99 324/130/99
f 302/142/97 304/144/97 322/144/97
f 298/139/103 300/140/103 320/140/103
f 296/137/101 317/137/101 318/129/101
f 965/117/113 982/113/113 981/126/113
f 967/12/114 981/126/114 983/125/114
f 971/5/115 969/127/115 983/125/115
f 973/101/116 971/5/116 984/7/116
f 975/9/117 973/101/117 985/95/117
f 977/128/118 975/9/118 986/15/118
f 966/129/119 980/130/119 996/130/119
f 977/128/120 987/132/120 988/131/120
f 979/11/121 988/131/121 982/76/121
f 998/12/114 967/12/114 969/127/114
f 966/129/122 968/137/122 981/136/122
f 968/137/122 970/139/122 983/138/122
f 983/138/122 970/139/122 972/140/122
f 984/141/122 972/140/122 974/142/122
f 974/142/122 976/144/122 986/143/122
f 976/144/122 978/146/122 987/145/122
f 987/145/122 978/146/122 980/130/122
f 988/147/122 980/130/122 966/129/122
f 993/142/122 990/129/122 995/146/122
f 995/146/114 978/146/114 976/144/114
f 993/142/121 974/142/121 972/140/121
f 970/139/118 968/137/118 989/137/118
f 980/130/115 978/146/115 995/146/115
f 994/144/113 976/144/113 974/142/113
f 992/140/123 972/140/123 970/139/123
f 968/137/117 966/129/117 990/129/117
f 1002/133/124 998/135/124 1000/134/124
f 973/101/117 975/9/117 1002/9/117
f 1004/11/121 979/11/121 965/81/121
f 997/117/113 965/117/113 967/12/113
f 969/127/115 971/5/115 1000/5/115
f 975/9/118 977/128/118 1003/128/118
f 971/5/116 973/101/116 1001/101/116
f 1003/128/120 977/128/120 979/11/120
f 1005/117/113 1022/113/113 1021/126/113
f 1007/12/114 1021/126/114 1023/125/114
f 1011/5/115 1009/127/115 1023/125/115
f 1013/101/116 1011/5/116 1024/7/116
f 1015/9/117 1013/101/117 1025/95/117
f 1017/128/118 1015/9/118 1026/15/118
f 1006/129/116 1020/130/116 1036/130/116
f 1017/128/120 1027/132/120 1028/131/120
f 1019/11/121 1028/131/121 1022/76/121
f 1038/12/114 1007/12/114 1009/127/114
f 1006/129/122 1008/137/122 1021/136/122
f 1008/137/122 1010/139/122 1023/138/122
f 1023/138/122 1010/139/122 1012/140/122
f 1024/141/122 1012/140/122 1014/142/122
f 1014/142/122 1016/144/122 1026/143/122
f 1016/144/122 1018/146/122 1027/145/122
f 1027/145/122 1018/146/122 1020/130/122
f 1028/147/122 1020/130/122 1006/129/122
f 1033/142/122 1030/129/122 1035/146/122
f 1035/146/114 1018/146/114 1016/144/114
f 1033/142/121 1014/142/121 1012/140/121
f 1010/139/118 1008/137/118 1029/137/118
f 1020/130/115 1018/146/115 1035/146/115
f 1034/144/113 1016/144/113 1014/142/113
f 1032/140/123 1012/140/123 1010/139/123
f 1008/137/117 1006/129/117 1030/129/117
f 1042/133/124 1038/135/124 1040/134/124
f 1013/101/117 1015/9/117 1042/9/117
f 1044/11/121 1019/11/121 1005/81/121
f 1037/117/113 1005/117/113 1007/12/113
f 1009/127/115 1011/5/115 1040/5/115
f 1015/9/118 1017/128/118 1043/128/118
f 1011/5/116 1013/101/116 1041/101/116
f 1043/128/120 1017/128/120 1019/11/120
f 1045/117/113 1062/113/113 1061/126/113
f 1047/12/114 1061/126/114 1063/125/114
f 1051/5/115 1049/127/115 1063/125/115
f 1053/101/116 1051/5/116 1064/7/116
f 1055/9/117 1053/101/117 1065/95/117
f 1057/128/118 1055/9/118 1066/15/118
f 1046/129/116 1060/130/116 1076/130/116
f 1057/128/120 1067/132/120 1068/131/120
f 1059/11/121 1068/131/121 1062/76/121
f 1078/12/114 1047/12/114 1049/127/114
f 1046/129/122 1048/137/122 1061/136/122
f 1048/137/122 1050/139/122 1063/138/122
f 1063/138/122 1050/139/122 1052/140/122
f 1064/141/122 1052/140/122 1054/142/122
f 1054/142/122 1056/144/122 1066/143/122
f 1056/144/122 1058/146/122 1067/145/122
f 1067/145/122 1058/146/122 1060/130/122
f 1068/147/122 1060/130/122 1046/129/122
f 1073/142/122 1070/129/122 1075/146/122
f 1075/146/114 1058/146/114 1056/144/114
f 1073/142/121 1054/142/121 1052/140/121
f 1050/139/118 1048/137/118 1069/137/118
f 1060/130/115 1058/146/115 1075/146/115
f 1074/144/113 1056/144/113 1054/142/113
f 1072/140/123 1052/140/123 1050/139/123
f 1048/137/117 1046/129/117 1070/129/117
f 1082/133/124 1078/135/124 1080/134/124
f 1053/101/117 1055/9/117 1082/9/117
f 1084/11/121 1059/11/121 1045/81/121
f 1077/117/113 1045/117/113 1047/12/113
f 1049/127/115 1051/5/115 1080/5/115
f 1055/9/118 1057/128/118 1083/128/118
f 1051/5/116 1053/101/116 1081/101/116
f 1083/128/120 1057/128/120 1059/11/120
f 1085/117/125 1087/12/125 1101/126/125
f 1087/12/126 1089/127/126 1103/125/126
f 1103/125/127 1089/127/127 1091/5/127
f 1104/7/128 1091/5/128 1093/101/128
f 1105/95/129 1093/101/129 1095/9/129
f 1106/15/130 1095/9/130 1097/128/130
f 1086/129/131 1110/129/131 1116/130/131
f 1097/128/132 1099/11/132 1108/131/132
f 1099/11/133 1085/81/133 1102/76/133
f 1089/127/126 1087/12/126 1118/12/126
f 1086/129/134 1102/149/134 1101/136/134
f 1088/137/134 1101/136/134 1103/138/134
f 1092/140/134 1090/139/134 1103/138/134
f 1094/142/134 1092/140/134 1104/141/134
f 1094/142/134 1105/150/134 1106/143/134
f 1096/144/134 1106/143/134 1107/145/134
f 1100/130/134 1098/146/134 1107/145/134
f 1086/129/134 1100/130/134 1108/147/134
f 1115/146/134 1111/139/134 1113/142/134
f 1096/144/126 1098/146/126 1115/146/126
f 1092/140/135 1094/142/135 1113/142/135
f 1090/139/130 1111/139/130 1109/137/130
f 1100/130/127 1116/130/127 1115/146/127
f 1094/142/125 1096/144/125 1114/144/125
f 1090/139/132 1092/140/132 1112/140/132
f 1088/137/129 1109/137/129 1110/129/129
f 1120/134/136 1124/148/136 1122/133/136
f 1093/101/129 1121/101/129 1122/9/129
f 1085/81/133 1099/11/133 1124/11/133
f 1087/12/125 1085/117/125 1117/117/125
f 1089/127/127 1119/127/127 1120/5/127
f 1095/9/130 1122/9/130 1123/128/130
f 1091/5/128 1120/5/128 1121/101/128
f 1099/11/132 1097/128/132 1123/128/132
f 1125/117/125 1127/12/125 1141/126/125
f 1127/12/126 1129/127/126 1143/125/126
f 1143/125/127 1129/127/127 1131/5/127
f 1144/7/128 1131/5/128 1133/101/128
f 1145/95/129 1133/101/129 1135/9/129
f 1146/15/130 1135/9/130 1137/128/130
f 1126/129/131 1150/129/131 1156/130/131
f 1137/128/132 1139/11/132 1148/131/132
f 1139/11/135 1125/81/135 1142/76/135
f 1129/127/126 1127/12/126 1158/12/126
f 1126/129/134 1142/149/134 1141/136/134
f 1128/137/134 1141/136/134 1143/138/134
f 1132/140/134 1130/139/134 1143/138/134
f 1134/142/134 1132/140/134 1144/141/134
f 1134/142/134 1145/150/134 1146/143/134
f 1136/144/134 1146/143/134 1147/145/134
f 1140/130/134 1138/146/134 1147/145/134
f 1126/129/134 1140/130/134 1148/147/134
f 1155/146/134 1151/139/134 1153/142/134
f 1136/144/126 1138/146/126 1155/146/126
f 1132/140/135 1134/142/135 1153/142/135
f 1130/139/130 1151/139/130 1149/137/130
f 1140/130/127 1156/130/127 1155/146/127
f 1134/142/125 1136/144/125 1154/144/125
f 1130/139/132 1132/140/132 1152/140/132
f 1128/137/129 1149/137/129 1150/129/129
f 1160/134/136 1164/148/136 1162/133/136
f 1133/101/129 1161/101/129 1162/9/129
f 1125/81/135 1139/11/135 1164/11/135
f 1127/12/125 1125/117/125 1157/117/125
f 1129/127/127 1159/127/127 1160/5/127
f 1135/9/130 1162/9/130 1163/128/130
f 1131/5/128 1160/5/128 1161/101/128
f 1139/11/132 1137/128/132 1163/128/132
f 1165/117/125 1167/12/125 1181/126/125
f 1167/12/126 1169/127/126 1183/125/126
f 1183/125/127 1169/127/127 1171/5/127
f 1184/7/128 1171/5/128 1173/101/128
f 1185/95/129 1173/101/129 1175/9/129
f 1186/15/130 1175/9/130 1177/128/130
f 1166/129/137 1190/129/137 1196/130/137
f 1177/128/132 1179/11/132 1188/131/132
f 1179/11/135 1165/81/135 1182/76/135
f 1169/127/126 1167/12/126 1198/12/126
f 1166/129/134 1182/149/134 1181/136/134
f 1168/137/134 1181/136/134 1183/138/134
f 1172/140/134 1170/139/134 1183/138/134
f 1174/142/134 1172/140/134 1184/141/134
f 1174/142/134 1185/150/134 1186/143/134
f 1176/144/134 1186/143/134 1187/145/134
f 1180/130/134 1178/146/134 1187/145/134
f 1166/129/134 1180/130/134 1188/147/134
f 1195/146/134 1191/139/134 1193/142/134
f 1176/144/126 1178/146/126 1195/146/126
f 1172/140/135 1174/142/135 1193/142/135
f 1170/139/130 1191/139/130 1189/137/130
f 1180/130/127 1196/130/127 1195/146/127
f 1174/142/125 1176/144/125 1194/144/125
f 1170/139/132 1172/140/132 1192/140/132
f 1168/137/129 1189/137/129 1190/129/129
f 1200/134/136 1204/148/136 1202/133/136
f 1173/101/129 1201/101/129 1202/9/129
f 1165/81/135 1179/11/135 1204/11/135
f 1167/12/125 1165/117/125 1197/117/125
f 1169/127/127 1199/127/127 1200/5/127
f 1175/9/130 1202/9/130 1203/128/130
f 1171/5/128 1200/5/128 1201/101/128
f 1179/11/132 1177/128/132 1203/128/132
f 59/33/11 57/33/11 58/33/11
f 57/33/11 63/33/11 64/33/11
f 63/33/11 61/33/11 62/33/11
f 61/33/11 59/33/11 60/33/11
f 59/33/11 63/33/11 57/33/11
f 72/33/4 79/33/4 80/33/4
f 63/33/27 70/33/27 71/33/27
f 61/33/28 68/33/28 69/33/28
f 59/33/29 65/33/29 67/33/29
f 64/33/30 71/33/30 72/33/30
f 62/33/31 69/33/31 70/33/31
f 60/33/32 67/33/32 68/33/32
f 58/33/33 66/33/33 65/33/33
f 64/33/34 66/33/34 57/33/34
f 80/33/32 87/33/32 88/33/32
f 69/33/4 78/33/4 70/33/4
f 68/33/4 75/33/4 76/33/4
f 66/33/4 73/33/4 65/33/4
f 66/33/4 80/33/4 74/33/4
f 70/33/4 79/33/4 71/33/4
f 69/33/4 76/33/4 77/33/4
f 65/33/4 75/33/4 67/33/4
f 82/33/4 83/33/4 81/33/4
f 83/33/4 85/33/4 84/33/4
f 85/33/4 87/33/4 86/33/4
f 87/33/4 82/33/4 88/33/4
f 82/33/4 85/33/4 83/33/4
f 78/33/33 85/33/33 86/33/33
f 76/33/30 83/33/30 84/33/30
f 73/33/31 82/33/31 81/33/31
f 74/33/28 88/33/28 82/33/28
f 79/33/29 86/33/29 87/33/29
f 77/33/34 84/33/34 85/33/34
f 75/33/27 81/33/27 83/33/27
f 263/12/97 278/113/97 277/126/97
f 263/12/98 279/125/98 265/127/98
f 267/5/99 279/125/99 280/7/99
f 267/5/100 281/95/100 269/101/100
f 271/9/101 281/95/101 282/15/101
f 273/128/102 282/15/102 283/132/102
f 286/129/100 276/130/100 292/130/100
f 273/128/103 284/131/103 275/11/103
f 261/81/104 284/131/104 278/76/104
f 263/135/12 275/148/12 261/165/12
f 275/148/12 271/133/12 273/166/12
f 271/133/12 267/134/12 269/167/12
f 267/134/12 263/135/12 265/168/12
f 263/135/12 271/133/12 275/148/12
f 262/129/10 277/136/10 278/149/10
f 264/137/10 279/138/10 277/136/10
f 279/138/10 268/140/10 280/141/10
f 280/141/10 270/142/10 281/150/10
f 270/142/10 282/143/10 281/150/10
f 272/144/10 283/145/10 282/143/10
f 283/145/10 276/130/10 284/147/10
f 284/147/10 262/129/10 278/149/10
f 286/129/10 287/139/10 285/137/10
f 287/139/10 289/142/10 288/140/10
f 289/142/10 291/146/10 290/144/10
f 291/146/10 286/129/10 292/130/10
f 286/129/10 289/142/10 287/139/10
f 291/146/98 272/144/98 290/144/98
f 289/142/104 268/140/104 288/140/104
f 287/139/102 264/137/102 285/137/102
f 292/130/99 274/146/99 291/146/99
f 290/144/97 270/142/97 289/142/97
f 288/140/103 266/139/103 287/139/103
f 285/137/101 262/129/101 286/129/101
f 310/113/97 295/12/97 309/126/97
f 309/126/98 297/127/98 311/125/98
f 311/125/99 299/5/99 312/7/99
f 312/7/100 301/101/100 313/95/100
f 301/101/101 314/15/101 313/95/101
f 314/15/102 305/128/102 315/132/102
f 308/130/100 318/129/100 324/130/100
f 315/132/103 307/11/103 316/131/103
f 316/131/104 293/81/104 310/76/104
f 307/148/10 295/135/10 293/165/10
f 295/135/10 299/134/10 297/168/10
f 299/134/10 303/133/10 301/167/10
f 303/133/10 307/148/10 305/166/10
f 307/148/10 299/134/10 295/135/10
f 294/129/12 309/136/12 296/137/12
f 296/137/12 311/138/12 298/139/12
f 300/140/12 311/138/12 312/141/12
f 302/142/12 312/141/12 313/150/12
f 302/142/12 314/143/12 304/144/12
f 304/144/12 315/145/12 306/146/12
f 308/130/12 315/145/12 316/147/12
f 294/129/12 316/147/12 310/149/12
f 319/139/12 318/129/12 317/137/12
f 318/129/12 323/146/12 324/130/12
f 323/146/12 321/142/12 322/144/12
f 321/142/12 319/139/12 320/140/12
f 319/139/12 323/146/12 318/129/12
f 304/144/98 323/146/98 322/144/98
f 300/140/104 321/142/104 320/140/104
f 296/137/102 319/139/102 317/137/102
f 306/146/99 324/130/99 323/146/99
f 302/142/97 322/144/97 321/142/97
f 298/139/103 320/140/103 319/139/103
f 296/137/101 318/129/101 294/129/101
f 965/117/113 981/126/113 967/12/113
f 967/12/114 983/125/114 969/127/114
f 971/5/115 983/125/115 984/7/115
f 973/101/116 984/7/116 985/95/116
f 975/9/117 985/95/117 986/15/117
f 977/128/118 986/15/118 987/132/118
f 966/129/176 996/130/176 990/129/176
f 977/128/120 988/131/120 979/11/120
f 979/11/121 982/76/121 965/81/121
f 998/12/114 969/127/114 999/127/114
f 966/129/122 981/136/122 982/149/122
f 968/137/122 983/138/122 981/136/122
f 983/138/122 972/140/122 984/141/122
f 984/141/122 974/142/122 985/150/122
f 974/142/122 986/143/122 985/150/122
f 976/144/122 987/145/122 986/143/122
f 987/145/122 980/130/122 988/147/122
f 988/147/122 966/129/122 982/149/122
f 990/129/122 991/139/122 989/137/122
f 991/139/122 993/142/122 992/140/122
f 993/142/122 995/146/122 994/144/122
f 995/146/122 990/129/122 996/130/122
f 990/129/122 993/142/122 991/139/122
f 995/146/114 976/144/114 994/144/114
f 993/142/121 972/140/121 992/140/121
f 970/139/118 989/137/118 991/139/118
f 980/130/115 995/146/115 996/130/115
f 994/144/113 974/142/113 993/142/113
f 992/140/120 970/139/120 991/139/120
f 968/137/117 990/129/117 989/137/117
f 998/135/124 1004/148/124 997/165/124
f 1004/148/124 1002/133/124 1003/166/124
f 1002/133/124 1000/134/124 1001/167/124
f 1000/134/124 998/135/124 999/168/124
f 998/135/124 1002/133/124 1004/148/124
f 973/101/117 1002/9/117 1001/101/117
f 1004/11/121 965/81/121 997/81/121
f 997/117/113 967/12/113 998/12/113
f 969/127/115 1000/5/115 999/127/115
f 975/9/118 1003/128/118 1002/9/118
f 971/5/116 1001/101/116 1000/5/116
f 1003/128/120 979/11/120 1004/11/120
f 1005/117/113 1021/126/113 1007/12/113
f 1007/12/114 1023/125/114 1009/127/114
f 1011/5/115 1023/125/115 1024/7/115
f 1013/101/116 1024/7/116 1025/95/116
f 1015/9/117 1025/95/117 1026/15/117
f 1017/128/118 1026/15/118 1027/132/118
f 1006/129/119 1036/130/119 1030/129/119
f 1017/128/120 1028/131/120 1019/11/120
f 1019/11/121 1022/76/121 1005/81/121
f 1038/12/114 1009/127/114 1039/127/114
f 1006/129/122 1021/136/122 1022/149/122
f 1008/137/122 1023/138/122 1021/136/122
f 1023/138/122 1012/140/122 1024/141/122
f 1024/141/122 1014/142/122 1025/150/122
f 1014/142/122 1026/143/122 1025/150/122
f 1016/144/122 1027/145/122 1026/143/122
f 1027/145/122 1020/130/122 1028/147/122
f 1028/147/122 1006/129/122 1022/149/122
f 1030/129/122 1031/139/122 1029/137/122
f 1031/139/122 1033/142/122 1032/140/122
f 1033/142/122 1035/146/122 1034/144/122
f 1035/146/122 1030/129/122 1036/130/122
f 1030/129/122 1033/142/122 1031/139/122
f 1035/146/114 1016/144/114 1034/144/114
f 1033/142/177 1012/140/177 1032/140/177
f 1010/139/118 1029/137/118 1031/139/118
f 1020/130/115 1035/146/115 1036/130/115
f 1034/144/113 1014/142/113 1033/142/113
f 1032/140/120 1010/139/120 1031/139/120
f 1008/137/117 1030/129/117 1029/137/117
f 1038/135/124 1044/148/124 1037/165/124
f 1044/148/124 1042/133/124 1043/166/124
f 1042/133/124 1040/134/124 1041/167/124
f 1040/134/124 1038/135/124 1039/168/124
f 1038/135/124 1042/133/124 1044/148/124
f 1013/101/117 1042/9/117 1041/101/117
f 1044/11/121 1005/81/121 1037/81/121
f 1037/117/113 1007/12/113 1038/12/113
f 1009/127/115 1040/5/115 1039/127/115
f 1015/9/118 1043/128/118 1042/9/118
f 1011/5/116 1041/101/116 1040/5/116
f 1043/128/120 1019/11/120 1044/11/120
f 1045/117/113 1061/126/113 1047/12/113
f 1047/12/114 1063/125/114 1049/127/114
f 1051/5/115 1063/125/115 1064/7/115
f 1053/101/116 1064/7/116 1065/95/116
f 1055/9/117 1065/95/117 1066/15/117
f 1057/128/118 1066/15/118 1067/132/118
f 1046/129/119 1076/130/119 1070/129/119
f 1057/128/120 1068/131/120 1059/11/120
f 1059/11/121 1062/76/121 1045/81/121
f 1078/12/114 1049/127/114 1079/127/114
f 1046/129/122 1061/136/122 1062/149/122
f 1048/137/122 1063/138/122 1061/136/122
f 1063/138/122 1052/140/122 1064/141/122
f 1064/141/122 1054/142/122 1065/150/122
f 1054/142/122 1066/143/122 1065/150/122
f 1056/144/122 1067/145/122 1066/143/122
f 1067/145/122 1060/130/122 1068/147/122
f 1068/147/122 1046/129/122 1062/149/122
f 1070/129/122 1071/139/122 1069/137/122
f 1071/139/122 1073/142/122 1072/140/122
f 1073/142/122 1075/146/122 1074/144/122
f 1075/146/122 1070/129/122 1076/130/122
f 1070/129/122 1073/142/122 1071/139/122
f 1075/146/114 1056/144/114 1074/144/114
f 1073/142/178 1052/140/178 1072/140/178
f 1050/139/118 1069/137/118 1071/139/118
f 1060/130/115 1075/146/115 1076/130/115
f 1074/144/113 1054/142/113 1073/142/113
f 1072/140/120 1050/139/120 1071/139/120
f 1048/137/117 1070/129/117 1069/137/117
f 1078/135/124 1084/148/124 1077/165/124
f 1084/148/124 1082/133/124 1083/166/124
f 1082/133/124 1080/134/124 1081/167/124
f 1080/134/124 1078/135/124 1079/168/124
f 1078/135/124 1082/133/124 1084/148/124
f 1053/101/117 1082/9/117 1081/101/117
f 1084/11/121 1045/81/121 1077/81/121
f 1077/117/113 1047/12/113 1078/12/113
f 1049/127/115 1080/5/115 1079/127/115
f 1055/9/118 1083/128/118 1082/9/118
f 1051/5/116 1081/101/116 1080/5/116
f 1083/128/120 1059/11/120 1084/11/120
f 1085/117/125 1101/126/125 1102/113/125
f 1087/12/126 1103/125/126 1101/126/126
f 1103/125/127 1091/5/127 1104/7/127
f 1104/7/128 1093/101/128 1105/95/128
f 1105/95/129 1095/9/129 1106/15/129
f 1106/15/130 1097/128/130 1107/132/130
f 1086/129/128 1116/130/128 1100/130/128
f 1097/128/132 1108/131/132 1107/132/132
f 1099/11/135 1102/76/135 1108/131/135
f 1089/127/126 1118/12/126 1119/127/126
f 1086/129/134 1101/136/134 1088/137/134
f 1088/137/134 1103/138/134 1090/139/134
f 1092/140/134 1103/138/134 1104/141/134
f 1094/142/134 1104/141/134 1105/150/134
f 1094/142/134 1106/143/134 1096/144/134
f 1096/144/134 1107/145/134 1098/146/134
f 1100/130/134 1107/145/134 1108/147/134
f 1086/129/134 1108/147/134 1102/149/134
f 1111/139/134 1110/129/134 1109/137/134
f 1110/129/134 1115/146/134 1116/130/134
f 1115/146/134 1113/142/134 1114/144/134
f 1113/142/134 1111/139/134 1112/140/134
f 1111/139/134 1115/146/134 1110/129/134
f 1096/144/126 1115/146/126 1114/144/126
f 1092/140/135 1113/142/135 1112/140/135
f 1090/139/130 1109/137/130 1088/137/130
f 1100/130/179 1115/146/179 1098/146/179
f 1094/142/180 1114/144/180 1113/142/180
f 1090/139/181 1112/140/181 1111/139/181
f 1088/137/129 1110/129/129 1086/129/129
f 1124/148/136 1118/135/136 1117/165/136
f 1118/135/136 1120/134/136 1119/168/136
f 1120/134/136 1122/133/136 1121/167/136
f 1122/133/136 1124/148/136 1123/166/136
f 1124/148/136 1120/134/136 1118/135/136
f 1093/101/129 1122/9/129 1095/9/129
f 1085/81/135 1124/11/135 1117/81/135
f 1087/12/125 1117/117/125 1118/12/125
f 1089/127/127 1120/5/127 1091/5/127
f 1095/9/130 1123/128/130 1097/128/130
f 1091/5/128 1121/101/128 1093/101/128
f 1099/11/132 1123/128/132 1124/11/132
f 1125/117/125 1141/126/125 1142/113/125
f 1127/12/126 1143/125/126 1141/126/126
f 1143/125/127 1131/5/127 1144/7/127
f 1144/7/128 1133/101/128 1145/95/128
f 1145/95/129 1135/9/129 1146/15/129
f 1146/15/130 1137/128/130 1147/132/130
f 1126/129/128 1156/130/128 1140/130/128
f 1137/128/132 1148/131/132 1147/132/132
f 1139/11/135 1142/76/135 1148/131/135
f 1129/127/126 1158/12/126 1159/127/126
f 1126/129/134 1141/136/134 1128/137/134
f 1128/137/134 1143/138/134 1130/139/134
f 1132/140/134 1143/138/134 1144/141/134
f 1134/142/134 1144/141/134 1145/150/134
f 1134/142/134 1146/143/134 1136/144/134
f 1136/144/134 1147/145/134 1138/146/134
f 1140/130/134 1147/145/134 1148/147/134
f 1126/129/134 1148/147/134 1142/149/134
f 1151/139/134 1150/129/134 1149/137/134
f 1150/129/134 1155/146/134 1156/130/134
f 1155/146/134 1153/142/134 1154/144/134
f 1153/142/134 1151/139/134 1152/140/134
f 1151/139/134 1155/146/134 1150/129/134
f 1136/144/126 1155/146/126 1154/144/126
f 1132/140/135 1153/142/135 1152/140/135
f 1130/139/130 1149/137/130 1128/137/130
f 1140/130/179 1155/146/179 1138/146/179
f 1134/142/180 1154/144/180 1153/142/180
f 1130/139/181 1152/140/181 1151/139/181
f 1128/137/129 1150/129/129 1126/129/129
f 1164/148/136 1158/135/136 1157/165/136
f 1158/135/136 1160/134/136 1159/168/136
f 1160/134/136 1162/133/136 1161/167/136
f 1162/133/136 1164/148/136 1163/166/136
f 1164/148/136 1160/134/136 1158/135/136
f 1133/101/129 1162/9/129 1135/9/129
f 1125/81/135 1164/11/135 1157/81/135
f 1127/12/125 1157/117/125 1158/12/125
f 1129/127/127 1160/5/127 1131/5/127
f 1135/9/130 1163/128/130 1137/128/130
f 1131/5/128 1161/101/128 1133/101/128
f 1139/11/132 1163/128/132 1164/11/132
f 1165/117/125 1181/126/125 1182/113/125
f 1167/12/126 1183/125/126 1181/126/126
f 1183/125/127 1171/5/127 1184/7/127
f 1184/7/128 1173/101/128 1185/95/128
f 1185/95/129 1175/9/129 1186/15/129
f 1186/15/130 1177/128/130 1187/132/130
f 1166/129/131 1196/130/131 1180/130/131
f 1177/128/132 1188/131/132 1187/132/132
f 1179/11/135 1182/76/135 1188/131/135
f 1169/127/126 1198/12/126 1199/127/126
f 1166/129/134 1181/136/134 1168/137/134
f 1168/137/134 1183/138/134 1170/139/134
f 1172/140/134 1183/138/134 1184/141/134
f 1174/142/134 1184/141/134 1185/150/134
f 1174/142/134 1186/143/134 1176/144/134
f 1176/144/134 1187/145/134 1178/146/134
f 1180/130/134 1187/145/134 1188/147/134
f 1166/129/134 1188/147/134 1182/149/134
f 1191/139/134 1190/129/134 1189/137/134
f 1190/129/134 1195/146/134 1196/130/134
f 1195/146/134 1193/142/134 1194/144/134
f 1193/142/134 1191/139/134 1192/140/134
f 1191/139/134 1195/146/134 1190/129/134
f 1176/144/126 1195/146/126 1194/144/126
f 1172/140/135 1193/142/135 1192/140/135
f 1170/139/130 1189/137/130 1168/137/130
f 1180/130/179 1195/146/179 1178/146/179
f 1174/142/180 1194/144/180 1193/142/180
f 1170/139/181 1192/140/181 1191/139/181
f 1168/137/129 1190/129/129 1166/129/129
f 1204/148/136 1198/135/136 1197/165/136
f 1198/135/136 1200/134/136 1199/168/136
f 1200/134/136 1202/133/136 1201/167/136
f 1202/133/136 1204/148/136 1203/166/136
f 1204/148/136 1200/134/136 1198/135/136
f 1173/101/129 1202/9/129 1175/9/129
f 1165/81/135 1204/11/135 1197/81/135
f 1167/12/125 1197/117/125 1198/12/125
f 1169/127/127 1200/5/127 1171/5/127
f 1175/9/130 1203/128/130 1177/128/130
f 1171/5/128 1201/101/128 1173/101/128
f 1179/11/132 1203/128/132 1204/11/132
usemtl Material.002
f 95/33/11 91/33/11 93/33/11
f 91/33/11 89/33/11 90/33/11
f 89/33/11 95/33/11 96/33/11
f 95/33/11 93/33/11 94/33/11
f 93/33/11 91/33/11 92/33/11
f 91/33/11 95/33/11 89/33/11
usemtl Material.004
f 97/34/35 98/36/35 99/35/35
f 100/37/36 101/39/36 102/38/36
f 103/40/37 104/42/37 105/41/37
f 106/43/38 107/45/38 108/44/38
f 109/46/39 110/48/39 111/47/39
f 112/49/40 113/51/40 114/50/40
f 115/52/41 116/54/41 117/53/41
f 118/55/42 119/57/42 120/56/42
f 104/42/43 103/40/43 97/34/43
f 121/58/44 100/37/44 102/38/44
f 102/38/45 101/39/45 106/43/45
f 124/59/46 123/61/46 105/60/46
f 116/54/47 115/52/47 103/40/47
f 107/45/48 106/43/48 118/55/48
f 126/62/49 125/63/49 117/53/49
f 110/48/50 109/46/50 115/52/50
f 119/57/51 118/55/51 112/49/51
f 128/64/52 127/65/52 111/47/52
f 98/36/53 97/34/53 109/46/53
f 113/51/54 112/49/54 101/66/54
f 97/34/6 103/40/6 115/52/6
f 124/59/55 122/67/55 102/38/55
f 121/68/11 127/65/11 113/51/11
f 112/49/5 118/55/5 106/69/5
f 126/62/4 123/61/4 107/45/4
f 128/64/56 125/63/56 119/57/56
f 110/48/12 117/53/12 125/63/12
f 116/54/4 105/60/4 123/61/4
f 98/70/11 111/47/11 127/65/11
f 104/71/10 99/72/10 122/67/10
f 114/50/57 113/51/57 127/65/57
f 119/57/58 125/63/58 126/62/58
f 108/44/59 107/45/59 123/61/59
f 99/72/60 98/73/60 121/58/60
f 104/42/43 97/34/43 99/35/43
f 121/58/44 102/38/44 122/67/44
f 102/38/45 106/43/45 108/44/45
f 124/59/46 105/60/46 104/71/46
f 116/54/47 103/40/47 105/41/47
f 107/45/48 118/55/48 120/56/48
f 126/62/49 117/53/49 116/54/49
f 110/48/50 115/52/50 117/53/50
f 119/57/51 112/49/51 114/50/51
f 128/64/52 111/47/52 110/48/52
f 98/36/53 109/46/53 111/47/53
f 113/51/54 101/66/54 100/161/54
f 97/34/6 115/52/6 109/46/6
f 124/59/55 102/38/55 108/44/55
f 121/68/11 113/51/11 100/161/11
f 112/49/5 106/69/5 101/162/5
f 126/62/4 107/45/4 120/56/4
f 128/64/56 119/57/56 114/50/56
f 110/48/12 125/63/12 128/64/12
f 116/54/4 123/61/4 126/62/4
f 98/70/11 127/65/11 121/68/11
f 104/71/10 122/67/10 124/59/10
f 114/50/57 127/65/57 128/64/57
f 119/57/58 126/62/58 120/56/58
f 108/44/59 123/61/59 124/59/59
f 99/72/60 121/58/60 122/67/60
usemtl Material.007
f 134/74/61 129/76/61 135/75/61
f 129/33/62 130/78/62 136/77/62
f 130/78/63 131/80/63 137/79/63
f 132/81/64 138/82/64 137/79/64
f 133/83/65 139/84/65 138/82/65
f 134/74/66 140/85/66 139/84/66
f 135/75/67 141/87/67 146/86/67
f 136/77/68 142/89/68 141/88/68
f 137/79/69 143/90/69 142/89/69
f 137/79/70 138/82/70 144/91/70
f 138/82/71 139/84/71 145/92/71
f 139/84/72 140/85/72 146/86/72
f 146/93/73 141/95/73 147/94/73
f 141/96/74 142/98/74 148/97/74
f 142/98/75 143/100/75 149/99/75
f 144/101/76 150/102/76 149/99/76
f 145/103/77 151/104/77 150/102/77
f 146/93/78 152/105/78 151/104/78
f 152/105/79 147/94/79 153/106/79
f 147/107/80 148/97/80 154/108/80
f 148/97/81 149/99/81 155/109/81
f 150/102/82 156/110/82 155/109/82
f 151/104/83 157/111/83 156/110/83
f 152/105/84 158/112/84 157/111/84
f 158/112/85 153/106/85 159/113/85
f 153/114/86 154/108/86 160/115/86
f 154/108/87 155/109/87 161/116/87
f 156/110/88 162/117/88 161/116/88
f 157/111/89 163/118/89 162/117/89
f 158/112/90 164/119/90 163/118/90
f 134/74/148 135/75/148 140/85/148
f 129/33/62 136/77/62 135/163/62
f 130/78/149 137/79/149 136/77/149
f 132/81/150 137/79/150 131/80/150
f 133/83/65 138/82/65 132/81/65
f 134/74/151 139/84/151 133/83/151
f 135/75/152 146/86/152 140/85/152
f 136/77/153 141/88/153 135/163/153
f 137/79/154 142/89/154 136/77/154
f 137/79/155 144/91/155 143/90/155
f 138/82/156 145/92/156 144/91/156
f 139/84/157 146/86/157 145/92/157
f 146/93/158 147/94/158 152/105/158
f 141/96/159 148/97/159 147/107/159
f 142/98/160 149/99/160 148/97/160
f 144/101/161 149/99/161 143/100/161
f 145/103/162 150/102/162 144/101/162
f 146/93/163 151/104/163 145/103/163
f 152/105/164 153/106/164 158/112/164
f 147/107/165 154/108/165 153/114/165
f 148/97/166 155/109/166 154/108/166
f 150/102/167 155/109/167 149/99/167
f 151/104/168 156/110/168 150/102/168
f 152/105/169 157/111/169 151/104/169
f 158/112/170 159/113/170 164/119/170
f 153/114/171 160/115/171 159/164/171
f 154/108/172 161/116/172 160/115/172
f 156/110/173 161/116/173 155/109/173
f 157/111/174 162/117/174 156/110/174
f 158/112/175 163/118/175 157/111/175
usemtl Material.010
f 170/74/61 165/76/61 171/75/61
f 165/33/62 166/78/62 172/77/62
f 166/78/63 167/80/63 173/79/63
f 168/81/64 174/82/64 173/79/64
f 169/83/65 175/84/65 174/82/65
f 170/74/66 176/85/66 175/84/66
f 171/75/67 177/87/67 182/86/67
f 172/77/68 178/89/68 177/88/68
f 173/79/69 179/90/69 178/89/69
f 173/79/70 174/82/70 180/91/70
f 174/82/71 175/84/71 181/92/71
f 175/84/72 176/85/72 182/86/72
f 182/93/73 177/95/73 183/94/73
f 177/96/74 178/98/74 184/97/74
f 178/98/75 179/100/75 185/99/75
f 180/101/76 186/102/76 185/99/76
f 181/103/77 187/104/77 186/102/77
f 182/93/78 188/105/78 187/104/78
f 188/105/79 183/94/79 189/106/79
f 183/107/80 184/97/80 190/108/80
f 184/97/81 185/99/81 191/109/81
f 186/102/82 192/110/82 191/109/82
f 187/104/83 193/111/83 192/110/83
f 188/105/84 194/112/84 193/111/84
f 194/112/85 189/106/85 195/113/85
f 189/114/86 190/108/86 196/115/86
f 190/108/87 191/109/87 197/116/87
f 192/110/88 198/117/88 197/116/88
f 193/111/89 199/118/89 198/117/89
f 194/112/90 200/119/90 199/118/90
f 170/74/148 171/75/148 176/85/148
f 165/33/62 172/77/62 171/163/62
f 166/78/149 173/79/149 172/77/149
f 168/81/150 173/79/150 167/80/150
f 169/83/65 174/82/65 168/81/65
f 170/74/151 175/84/151 169/83/151
f 171/75/152 182/86/152 176/85/152
f 172/77/153 177/88/153 171/163/153
f 173/79/154 178/89/154 172/77/154
f 173/79/155 180/91/155 179/90/155
f 174/82/156 181/92/156 180/91/156
f 175/84/157 182/86/157 181/92/157
f 182/93/158 183/94/158 188/105/158
f 177/96/159 184/97/159 183/107/159
f 178/98/160 185/99/160 184/97/160
f 180/101/161 185/99/161 179/100/161
f 181/103/162 186/102/162 180/101/162
f 182/93/163 187/104/163 181/103/163
f 188/105/164 189/106/164 194/112/164
f 183/107/165 190/108/165 189/114/165
f 184/97/166 191/109/166 190/108/166
f 186/102/167 191/109/167 185/99/167
f 187/104/168 192/110/168 186/102/168
f 188/105/169 193/111/169 187/104/169
f 194/112/170 195/113/170 200/119/170
f 189/114/171 196/115/171 195/164/171
f 190/108/172 197/116/172 196/115/172
f 192/110/173 197/116/173 191/109/173
f 193/111/174 198/117/174 192/110/174
f 194/112/175 199/118/175 193/111/175
usemtl Material.008
f 206/74/61 201/76/61 207/75/61
f 201/33/62 202/78/62 208/77/62
f 202/78/63 203/80/63 209/79/63
f 204/81/64 210/82/64 209/79/64
f 205/83/65 211/84/65 210/82/65
f 206/74/66 212/85/66 211/84/66
f 207/75/67 213/87/67 218/86/67
f 208/77/68 214/89/68 213/88/68
f 209/79/69 215/90/69 214/89/69
f 209/79/70 210/82/70 216/91/70
f 210/82/71 211/84/71 217/92/71
f 211/84/72 212/85/72 218/86/72
f 218/93/73 213/95/73 219/94/73
f 213/96/74 214/98/74 220/97/74
f 214/98/75 215/100/75 221/99/75
f 216/101/76 222/102/76 221/99/76
f 217/103/77 223/104/77 222/102/77
f 218/93/78 224/105/78 223/104/78
f 224/105/79 219/94/79 225/106/79
f 219/107/80 220/97/80 226/108/80
f 220/97/81 221/99/81 227/109/81
f 222/102/82 228/110/82 227/109/82
f 223/104/83 229/111/83 228/110/83
f 224/105/84 230/112/84 229/111/84
f 230/112/85 225/106/85 231/113/85
f 225/114/86 226/108/86 232/115/86
f 226/108/87 227/109/87 233/116/87
f 228/110/88 234/117/88 233/116/88
f 229/111/89 235/118/89 234/117/89
f 230/112/90 236/119/90 235/118/90
f 206/74/148 207/75/148 212/85/148
f 201/33/62 208/77/62 207/163/62
f 202/78/149 209/79/149 208/77/149
f 204/81/150 209/79/150 203/80/150
f 205/83/65 210/82/65 204/81/65
f 206/74/151 211/84/151 205/83/151
f 207/75/152 218/86/152 212/85/152
f 208/77/153 213/88/153 207/163/153
f 209/79/154 214/89/154 208/77/154
f 209/79/155 216/91/155 215/90/155
f 210/82/156 217/92/156 216/91/156
f 211/84/157 218/86/157 217/92/157
f 218/93/158 219/94/158 224/105/158
f 213/96/159 220/97/159 219/107/159
f 214/98/160 221/99/160 220/97/160
f 216/101/161 221/99/161 215/100/161
f 217/103/162 222/102/162 216/101/162
f 218/93/163 223/104/163 217/103/163
f 224/105/164 225/106/164 230/112/164
f 219/107/165 226/108/165 225/114/165
f 220/97/166 227/109/166 226/108/166
f 222/102/167 227/109/167 221/99/167
f 223/104/168 228/110/168 222/102/168
f 224/105/169 229/111/169 223/104/169
f 230/112/170 231/113/170 236/119/170
f 225/114/171 232/115/171 231/164/171
f 226/108/172 233/116/172 232/115/172
f 228/110/173 233/116/173 227/109/173
f 229/111/174 234/117/174 228/110/174
f 230/112/175 235/118/175 229/111/175
usemtl Material.006
f 238/31/91 245/121/91 246/120/91
f 240/2/4 246/120/4 247/122/4
f 244/5/92 247/122/92 248/123/92
f 248/123/11 245/124/11 238/7/11
f 243/9/6 239/11/6 237/10/6
f 240/12/5 244/5/5 242/13/5
f 248/123/93 241/16/93 237/15/93
f 247/122/10 243/9/10 241/16/10
f 246/120/94 239/17/94 243/9/94
f 245/121/12 237/20/12 239/17/12
f 258/120/95 257/121/95 250/31/95
f 259/122/4 258/120/4 252/2/4
f 260/123/96 259/122/96 256/5/96
f 260/123/11 254/13/11 250/7/11
f 249/10/6 251/11/6 255/9/6
f 254/13/5 256/5/5 252/12/5
f 249/15/93 253/16/93 260/123/93
f 253/16/12 255/9/12 259/122/12
f 255/9/94 251/17/94 258/120/94
f 251/17/10 249/20/10 257/121/10
f 238/31/91 246/120/91 240/2/91
f 240/2/4 247/122/4 244/5/4
f 244/5/92 248/123/92 242/13/92
f 248/123/11 238/7/11 242/13/11
f 243/9/6 237/10/6 241/16/6
f 240/12/5 242/13/5 238/30/5
f 248/123/93 237/15/93 245/124/93
f 247/122/10 241/16/10 248/123/10
f 246/120/94 243/9/94 247/122/94
f 245/121/12 239/17/12 246/120/12
f 258/120/95 250/31/95 252/2/95
f 259/122/4 252/2/4 256/5/4
f 260/123/96 256/5/96 254/13/96
f 260/123/11 250/7/11 257/124/11
f 249/10/6 255/9/6 253/16/6
f 254/13/5 252/12/5 250/30/5
f 249/15/93 260/123/93 257/124/93
f 253/16/12 259/122/12 260/123/12
f 255/9/94 258/120/94 259/122/94
f 251/17/10 257/121/10 258/120/10
usemtl Material.014
f 338/151/105 337/152/105 326/31/105
f 338/151/4 328/2/4 332/5/4
f 340/153/106 339/154/106 332/5/106
f 337/155/11 340/153/11 330/13/11
f 325/10/6 327/11/6 331/9/6
f 330/13/5 332/5/5 328/12/5
f 329/16/11 336/157/11 333/156/11
f 329/16/107 331/9/107 335/158/107
f 331/9/4 327/17/4 334/159/4
f 327/17/108 325/20/108 333/160/108
f 333/156/11 336/157/11 340/153/11
f 336/157/12 335/158/12 339/154/12
f 335/158/4 334/159/4 338/151/4
f 334/159/10 333/160/10 337/152/10
f 354/151/105 353/152/105 342/31/105
f 354/151/4 344/2/4 348/5/4
f 356/153/106 355/154/106 348/5/106
f 353/155/11 356/153/11 346/13/11
f 341/10/6 343/11/6 347/9/6
f 346/13/5 348/5/5 344/12/5
f 345/16/11 352/157/11 349/156/11
f 345/16/107 347/9/107 351/158/107
f 347/9/4 343/17/4 350/159/4
f 343/17/108 341/20/108 349/160/108
f 349/156/11 352/157/11 356/153/11
f 352/157/12 351/158/12 355/154/12
f 351/158/4 350/159/4 354/151/4
f 350/159/10 349/160/10 353/152/10
f 370/151/105 369/152/105 358/31/105
f 370/151/4 360/2/4 364/5/4
f 372/153/106 371/154/106 364/5/106
f 369/155/11 372/153/11 362/13/11
f 357/10/6 359/11/6 363/9/6
f 362/13/5 364/5/5 360/12/5
f 361/16/11 368/157/11 365/156/11
f 361/16/107 363/9/107 367/158/107
f 363/9/4 359/17/4 366/159/4
f 359/17/108 357/20/108 365/160/108
f 365/156/11 368/157/11 372/153/11
f 368/157/12 367/158/12 371/154/12
f 367/158/4 366/159/4 370/151/4
f 366/159/10 365/160/10 369/152/10
f 386/151/105 385/152/105 374/31/105
f 386/151/4 376/2/4 380/5/4
f 388/153/106 387/154/106 380/5/106
f 385/155/11 388/153/11 378/13/11
f 373/10/6 375/11/6 379/9/6
f 378/13/5 380/5/5 376/12/5
f 377/16/11 384/157/11 381/156/11
f 377/16/107 379/9/107 383/158/107
f 379/9/4 375/17/4 382/159/4
f 375/17/108 373/20/108 381/160/108
f 381/156/11 384/157/11 388/153/11
f 384/157/12 383/158/12 387/154/12
f 383/158/4 382/159/4 386/151/4
f 382/159/10 381/160/10 385/152/10
f 402/151/105 401/152/105 390/31/105
f 402/151/4 392/2/4 396/5/4
f 404/153/106 403/154/106 396/5/106
f 401/155/11 404/153/11 394/13/11
f 389/10/6 391/11/6 395/9/6
f 394/13/5 396/5/5 392/12/5
f 393/16/11 400/157/11 397/156/11
f 393/16/107 395/9/107 399/158/107
f 395/9/4 391/17/4 398/159/4
f 391/17/108 389/20/108 397/160/108
f 397/156/11 400/157/11 404/153/11
f 400/157/12 399/158/12 403/154/12
f 399/158/4 398/159/4 402/151/4
f 398/159/10 397/160/10 401/152/10
f 418/151/105 417/152/105 406/31/105
f 418/151/4 408/2/4 412/5/4
f 420/153/106 419/154/106 412/5/106
f 417/155/11 420/153/11 410/13/11
f 405/10/6 407/11/6 411/9/6
f 410/13/5 412/5/5 408/12/5
f 409/16/11 416/157/11 413/156/11
f 409/16/107 411/9/107 415/158/107
f 411/9/4 407/17/4 414/159/4
f 407/17/108 405/20/108 413/160/108
f 413/156/11 416/157/11 420/153/11
f 416/157/12 415/158/12 419/154/12
f 415/158/4 414/159/4 418/151/4
f 414/159/10 413/160/10 417/152/10
f 434/151/105 433/152/105 422/31/105
f 434/151/4 424/2/4 428/5/4
f 436/153/106 435/154/106 428/5/106
f 433/155/11 436/153/11 426/13/11
f 421/10/6 423/11/6 427/9/6
f 426/13/5 428/5/5 424/12/5
f 425/16/11 432/157/11 429/156/11
f 425/16/107 427/9/107 431/158/107
f 427/9/4 423/17/4 430/159/4
f 423/17/108 421/20/108 429/160/108
f 429/156/11 432/157/11 436/153/11
f 432/157/12 431/158/12 435/154/12
f 431/158/4 430/159/4 434/151/4
f 430/159/10 429/160/10 433/152/10
f 450/151/105 449/152/105 438/31/105
f 450/151/4 440/2/4 444/5/4
f 452/153/106 451/154/106 444/5/106
f 449/155/11 452/153/11 442/13/11
f 437/10/6 439/11/6 443/9/6
f 442/13/5 444/5/5 440/12/5
f 441/16/11 448/157/11 445/156/11
f 441/16/107 443/9/107 447/158/107
f 443/9/4 439/17/4 446/159/4
f 439/17/108 437/20/108 445/160/108
f 445/156/11 448/157/11 452/153/11
f 448/157/12 447/158/12 451/154/12
f 447/158/4 446/159/4 450/151/4
f 446/159/10 445/160/10 449/152/10
f 466/151/105 465/152/105 454/31/105
f 466/151/4 456/2/4 460/5/4
f 468/153/106 467/154/106 460/5/106
f 465/155/11 468/153/11 458/13/11
f 453/10/6 455/11/6 459/9/6
f 458/13/5 460/5/5 456/12/5
f 457/16/11 464/157/11 461/156/11
f 457/16/107 459/9/107 463/158/107
f 459/9/4 455/17/4 462/159/4
f 455/17/108 453/20/108 461/160/108
f 461/156/11 464/157/11 468/153/11
f 464/157/12 463/158/12 467/154/12
f 463/158/4 462/159/4 466/151/4
f 462/159/10 461/160/10 465/152/10
f 482/151/105 481/152/105 470/31/105
f 482/151/4 472/2/4 476/5/4
f 484/153/106 483/154/106 476/5/106
f 481/155/11 484/153/11 474/13/11
f 469/10/6 471/11/6 475/9/6
f 474/13/5 476/5/5 472/12/5
f 473/16/11 480/157/11 477/156/11
f 473/16/107 475/9/107 479/158/107
f 475/9/4 471/17/4 478/159/4
f 471/17/108 469/20/108 477/160/108
f 477/156/11 480/157/11 484/153/11
f 480/157/12 479/158/12 483/154/12
f 479/158/4 478/159/4 482/151/4
f 478/159/10 477/160/10 481/152/10
f 498/151/105 497/152/105 486/31/105
f 498/151/4 488/2/4 492/5/4
f 500/153/106 499/154/106 492/5/106
f 497/155/11 500/153/11 490/13/11
f 485/10/6 487/11/6 491/9/6
f 490/13/5 492/5/5 488/12/5
f 489/16/11 496/157/11 493/156/11
f 489/16/107 491/9/107 495/158/107
f 491/9/4 487/17/4 494/159/4
f 487/17/108 485/20/108 493/160/108
f 493/156/11 496/157/11 500/153/11
f 496/157/12 495/158/12 499/154/12
f 495/158/4 494/159/4 498/151/4
f 494/159/10 493/160/10 497/152/10
f 514/151/105 513/152/105 502/31/105
f 514/151/4 504/2/4 508/5/4
f 516/153/106 515/154/106 508/5/106
f 513/155/11 516/153/11 506/13/11
f 501/10/6 503/11/6 507/9/6
f 506/13/5 508/5/5 504/12/5
f 505/16/11 512/157/11 509/156/11
f 505/16/107 507/9/107 511/158/107
f 507/9/4 503/17/4 510/159/4
f 503/17/108 501/20/108 509/160/108
f 509/156/11 512/157/11 516/153/11
f 512/157/12 511/158/12 515/154/12
f 511/158/4 510/159/4 514/151/4
f 510/159/10 509/160/10 513/152/10
f 530/151/105 529/152/105 518/31/105
f 530/151/4 520/2/4 524/5/4
f 532/153/106 531/154/106 524/5/106
f 529/155/11 532/153/11 522/13/11
f 517/10/6 519/11/6 523/9/6
f 522/13/5 524/5/5 520/12/5
f 521/16/11 528/157/11 525/156/11
f 521/16/107 523/9/107 527/158/107
f 523/9/4 519/17/4 526/159/4
f 519/17/108 517/20/108 525/160/108
f 525/156/11 528/157/11 532/153/11
f 528/157/12 527/158/12 531/154/12
f 527/158/4 526/159/4 530/151/4
f 526/159/10 525/160/10 529/152/10
f 546/151/105 545/152/105 534/31/105
f 546/151/4 536/2/4 540/5/4
f 548/153/106 547/154/106 540/5/106
f 545/155/11 548/153/11 538/13/11
f 533/10/6 535/11/6 539/9/6
f 538/13/5 540/5/5 536/12/5
f 537/16/11 544/157/11 541/156/11
f 537/16/107 539/9/107 543/158/107
f 539/9/4 535/17/4 542/159/4
f 535/17/108 533/20/108 541/160/108
f 541/156/11 544/157/11 548/153/11
f 544/157/12 543/158/12 547/154/12
f 543/158/4 542/159/4 546/151/4
f 542/159/10 541/160/10 545/152/10
f 562/151/105 561/152/105 550/31/105
f 562/151/4 552/2/4 556/5/4
f 564/153/106 563/154/106 556/5/106
f 561/155/11 564/153/11 554/13/11
f 549/10/6 551/11/6 555/9/6
f 554/13/5 556/5/5 552/12/5
f 553/16/11 560/157/11 557/156/11
f 553/16/107 555/9/107 559/158/107
f 555/9/4 551/17/4 558/159/4
f 551/17/108 549/20/108 557/160/108
f 557/156/11 560/157/11 564/153/11
f 560/157/12 559/158/12 563/154/12
f 559/158/4 558/159/4 562/151/4
f 558/159/10 557/160/10 561/152/10
f 578/151/105 577/152/105 566/31/105
f 578/151/4 568/2/4 572/5/4
f 580/153/106 579/154/106 572/5/106
f 577/155/11 580/153/11 570/13/11
f 565/10/6 567/11/6 571/9/6
f 570/13/5 572/5/5 568/12/5
f 569/16/11 576/157/11 573/156/11
f 569/16/107 571/9/107 575/158/107
f 571/9/4 567/17/4 574/159/4
f 567/17/108 565/20/108 573/160/108
f 573/156/11 576/157/11 580/153/11
f 576/157/12 575/158/12 579/154/12
f 575/158/4 574/159/4 578/151/4
f 574/159/10 573/160/10 577/152/10
f 594/151/105 593/152/105 582/31/105
f 594/151/4 584/2/4 588/5/4
f 596/153/106 595/154/106 588/5/106
f 593/155/11 596/153/11 586/13/11
f 581/10/6 583/11/6 587/9/6
f 586/13/5 588/5/5 584/12/5
f 585/16/11 592/157/11 589/156/11
f 585/16/107 587/9/107 591/158/107
f 587/9/4 583/17/4 590/159/4
f 583/17/108 581/20/108 589/160/108
f 589/156/11 592/157/11 596/153/11
f 592/157/12 591/158/12 595/154/12
f 591/158/4 590/159/4 594/151/4
f 590/159/10 589/160/10 593/152/10
f 610/151/105 609/152/105 598/31/105
f 610/151/4 600/2/4 604/5/4
f 612/153/106 611/154/106 604/5/106
f 609/155/11 612/153/11 602/13/11
f 597/10/6 599/11/6 603/9/6
f 602/13/5 604/5/5 600/12/5
f 601/16/11 608/157/11 605/156/11
f 601/16/107 603/9/107 607/158/107
f 603/9/4 599/17/4 606/159/4
f 599/17/108 597/20/108 605/160/108
f 605/156/11 608/157/11 612/153/11
f 608/157/12 607/158/12 611/154/12
f 607/158/4 606/159/4 610/151/4
f 606/159/10 605/160/10 609/152/10
f 626/151/105 625/152/105 614/31/105
f 626/151/4 616/2/4 620/5/4
f 628/153/106 627/154/106 620/5/106
f 625/155/11 628/153/11 618/13/11
f 613/10/6 615/11/6 619/9/6
f 618/13/5 620/5/5 616/12/5
f 617/16/11 624/157/11 621/156/11
f 617/16/107 619/9/107 623/158/107
f 619/9/4 615/17/4 622/159/4
f 615/17/108 613/20/108 621/160/108
f 621/156/11 624/157/11 628/153/11
f 624/157/12 623/158/12 627/154/12
f 623/158/4 622/159/4 626/151/4
f 622/159/10 621/160/10 625/152/10
f 642/151/105 641/152/105 630/31/105
f 642/151/4 632/2/4 636/5/4
f 644/153/106 643/154/106 636/5/106
f 641/155/11 644/153/11 634/13/11
f 629/10/6 631/11/6 635/9/6
f 634/13/5 636/5/5 632/12/5
f 633/16/11 640/157/11 637/156/11
f 633/16/107 635/9/107 639/158/107
f 635/9/4 631/17/4 638/159/4
f 631/17/108 629/20/108 637/160/108
f 637/156/11 640/157/11 644/153/11
f 640/157/12 639/158/12 643/154/12
f 639/158/4 638/159/4 642/151/4
f 638/159/10 637/160/10 641/152/10
f 646/31/109 657/152/109 658/151/109
f 658/151/4 659/154/4 652/5/4
f 652/5/110 659/154/110 660/153/110
f 650/13/11 660/153/11 657/155/11
f 651/9/6 647/11/6 645/10/6
f 648/12/5 652/5/5 650/13/5
f 649/16/11 645/15/11 653/156/11
f 655/158/111 651/9/111 649/16/111
f 654/159/4 647/17/4 651/9/4
f 653/160/112 645/20/112 647/17/112
f 660/153/11 656/157/11 653/156/11
f 659/154/10 655/158/10 656/157/10
f 658/151/4 654/159/4 655/158/4
f 657/152/12 653/160/12 654/159/12
f 662/31/109 673/152/109 674/151/109
f 674/151/4 675/154/4 668/5/4
f 668/5/110 675/154/110 676/153/110
f 666/13/11 676/153/11 673/155/11
f 667/9/6 663/11/6 661/10/6
f 664/12/5 668/5/5 666/13/5
f 665/16/11 661/15/11 669/156/11
f 671/158/111 667/9/111 665/16/111
f 670/159/4 663/17/4 667/9/4
f 669/160/112 661/20/112 663/17/112
f 672/157/11 669/156/11 673/155/11
f 675/154/10 671/158/10 672/157/10
f 674/151/4 670/159/4 671/158/4
f 673/152/12 669/160/12 670/159/12
f 678/31/109 689/152/109 690/151/109
f 690/151/4 691/154/4 684/5/4
f 684/5/110 691/154/110 692/153/110
f 682/13/11 692/153/11 689/155/11
f 683/9/6 679/11/6 677/10/6
f 680/12/5 684/5/5 682/13/5
f 681/16/11 677/15/11 685/156/11
f 687/158/111 683/9/111 681/16/111
f 686/159/4 679/17/4 683/9/4
f 685/160/112 677/20/112 679/17/112
f 688/157/11 685/156/11 689/155/11
f 691/154/10 687/158/10 688/157/10
f 690/151/4 686/159/4 687/158/4
f 689/152/12 685/160/12 686/159/12
f 694/31/109 705/152/109 706/151/109
f 706/151/4 707/154/4 700/5/4
f 700/5/110 707/154/110 708/153/110
f 698/13/11 708/153/11 705/155/11
f 699/9/6 695/11/6 693/10/6
f 696/12/5 700/5/5 698/13/5
f 697/16/11 693/15/11 701/156/11
f 703/158/111 699/9/111 697/16/111
f 702/159/4 695/17/4 699/9/4
f 701/160/112 693/20/112 695/17/112
f 704/157/11 701/156/11 705/155/11
f 707/154/10 703/158/10 704/157/10
f 706/151/4 702/159/4 703/158/4
f 705/152/12 701/160/12 702/159/12
f 710/31/109 721/152/109 722/151/109
f 722/151/4 723/154/4 716/5/4
f 716/5/110 723/154/110 724/153/110
f 714/13/11 724/153/11 721/155/11
f 715/9/6 711/11/6 709/10/6
f 712/12/5 716/5/5 714/13/5
f 713/16/11 709/15/11 717/156/11
f 719/158/111 715/9/111 713/16/111
f 718/159/4 711/17/4 715/9/4
f 717/160/112 709/20/112 711/17/112
f 720/157/11 717/156/11 721/155/11
f 723/154/10 719/158/10 720/157/10
f 722/151/4 718/159/4 719/158/4
f 721/152/12 717/160/12 718/159/12
f 726/31/109 737/152/109 738/151/109
f 738/151/4 739/154/4 732/5/4
f 732/5/110 739/154/110 740/153/110
f 730/13/11 740/153/11 737/155/11
f 731/9/6 727/11/6 725/10/6
f 728/12/5 732/5/5 730/13/5
f 729/16/11 725/15/11 733/156/11
f 735/158/111 731/9/111 729/16/111
f 734/159/4 727/17/4 731/9/4
f 733/160/112 725/20/112 727/17/112
f 736/157/11 733/156/11 737/155/11
f 739/154/10 735/158/10 736/157/10
f 738/151/4 734/159/4 735/158/4
f 737/152/12 733/160/12 734/159/12
f 742/31/109 753/152/109 754/151/109
f 754/151/4 755/154/4 748/5/4
f 748/5/110 755/154/110 756/153/110
f 746/13/11 756/153/11 753/155/11
f 747/9/6 743/11/6 741/10/6
f 744/12/5 748/5/5 746/13/5
f 745/16/11 741/15/11 749/156/11
f 751/158/111 747/9/111 745/16/111
f 750/159/4 743/17/4 747/9/4
f 749/160/112 741/20/112 743/17/112
f 752/157/11 749/156/11 753/155/11
f 755/154/10 751/158/10 752/157/10
f 754/151/4 750/159/4 751/158/4
f 753/152/12 749/160/12 750/159/12
f 758/31/109 769/152/109 770/151/109
f 770/151/4 771/154/4 764/5/4
f 764/5/110 771/154/110 772/153/110
f 762/13/11 772/153/11 769/155/11
f 763/9/6 759/11/6 757/10/6
f 760/12/5 764/5/5 762/13/5
f 761/16/11 757/15/11 765/156/11
f 767/158/111 763/9/111 761/16/111
f 766/159/4 759/17/4 763/9/4
f 765/160/112 757/20/112 759/17/112
f 768/157/11 765/156/11 769/155/11
f 771/154/10 767/158/10 768/157/10
f 770/151/4 766/159/4 767/158/4
f 769/152/12 765/160/12 766/159/12
f 774/31/109 785/152/109 786/151/109
f 786/151/4 787/154/4 780/5/4
f 780/5/110 787/154/110 788/153/110
f 778/13/11 788/153/11 785/155/11
f 779/9/6 775/11/6 773/10/6
f 776/12/5 780/5/5 778/13/5
f 777/16/11 773/15/11 781/156/11
f 783/158/111 779/9/111 777/16/111
f 782/159/4 775/17/4 779/9/4
f 781/160/112 773/20/112 775/17/112
f 784/157/11 781/156/11 785/155/11
f 787/154/10 783/158/10 784/157/10
f 786/151/4 782/159/4 783/158/4
f 785/152/12 781/160/12 782/159/12
f 790/31/109 801/152/109 802/151/109
f 802/151/4 803/154/4 796/5/4
f 796/5/110 803/154/110 804/153/110
f 794/13/11 804/153/11 801/155/11
f 795/9/6 791/11/6 789/10/6
f 792/12/5 796/5/5 794/13/5
f 793/16/11 789/15/11 797/156/11
f 799/158/111 795/9/111 793/16/111
f 798/159/4 791/17/4 795/9/4
f 797/160/112 789/20/112 791/17/112
f 800/157/11 797/156/11 801/155/11
f 803/154/10 799/158/10 800/157/10
f 802/151/4 798/159/4 799/158/4
f 801/152/12 797/160/12 798/159/12
f 806/31/109 817/152/109 818/151/109
f 818/151/4 819/154/4 812/5/4
f 812/5/110 819/154/110 820/153/110
f 810/13/11 820/153/11 817/155/11
f 811/9/6 807/11/6 805/10/6
f 808/12/5 812/5/5 810/13/5
f 809/16/11 805/15/11 813/156/11
f 815/158/111 811/9/111 809/16/111
f 814/159/4 807/17/4 811/9/4
f 813/160/112 805/20/112 807/17/112
f 816/157/11 813/156/11 817/155/11
f 819/154/10 815/158/10 816/157/10
f 818/151/4 814/159/4 815/158/4
f 817/152/12 813/160/12 814/159/12
f 822/31/109 833/152/109 834/151/109
f 834/151/4 835/154/4 828/5/4
f 828/5/110 835/154/110 836/153/110
f 826/13/11 836/153/11 833/155/11
f 827/9/6 823/11/6 821/10/6
f 824/12/5 828/5/5 826/13/5
f 825/16/11 821/15/11 829/156/11
f 831/158/111 827/9/111 825/16/111
f 830/159/4 823/17/4 827/9/4
f 829/160/112 821/20/112 823/17/112
f 832/157/11 829/156/11 833/155/11
f 835/154/10 831/158/10 832/157/10
f 834/151/4 830/159/4 831/158/4
f 833/152/12 829/160/12 830/159/12
f 838/31/109 849/152/109 850/151/109
f 850/151/4 851/154/4 844/5/4
f 844/5/110 851/154/110 852/153/110
f 842/13/11 852/153/11 849/155/11
f 843/9/6 839/11/6 837/10/6
f 840/12/5 844/5/5 842/13/5
f 841/16/11 837/15/11 845/156/11
f 847/158/111 843/9/111 841/16/111
f 846/159/4 839/17/4 843/9/4
f 845/160/112 837/20/112 839/17/112
f 848/157/11 845/156/11 849/155/11
f 851/154/10 847/158/10 848/157/10
f 850/151/4 846/159/4 847/158/4
f 849/152/12 845/160/12 846/159/12
f 854/31/109 865/152/109 866/151/109
f 866/151/4 867/154/4 860/5/4
f 860/5/110 867/154/110 868/153/110
f 858/13/11 868/153/11 865/155/11
f 859/9/6 855/11/6 853/10/6
f 856/12/5 860/5/5 858/13/5
f 857/16/11 853/15/11 861/156/11
f 863/158/111 859/9/111 857/16/111
f 862/159/4 855/17/4 859/9/4
f 861/160/112 853/20/112 855/17/112
f 864/157/11 861/156/11 865/155/11
f 867/154/10 863/158/10 864/157/10
f 866/151/4 862/159/4 863/158/4
f 865/152/12 861/160/12 862/159/12
f 870/31/109 881/152/109 882/151/109
f 882/151/4 883/154/4 876/5/4
f 876/5/110 883/154/110 884/153/110
f 874/13/11 884/153/11 881/155/11
f 875/9/6 871/11/6 869/10/6
f 872/12/5 876/5/5 874/13/5
f 873/16/11 869/15/11 877/156/11
f 879/158/111 875/9/111 873/16/111
f 878/159/4 871/17/4 875/9/4
f 877/160/112 869/20/112 871/17/112
f 880/157/11 877/156/11 881/155/11
f 883/154/10 879/158/10 880/157/10
f 882/151/4 878/159/4 879/158/4
f 881/152/12 877/160/12 878/159/12
f 886/31/109 897/152/109 898/151/109
f 898/151/4 899/154/4 892/5/4
f 892/5/110 899/154/110 900/153/110
f 890/13/11 900/153/11 897/155/11
f 891/9/6 887/11/6 885/10/6
f 888/12/5 892/5/5 890/13/5
f 889/16/11 885/15/11 893/156/11
f 895/158/111 891/9/111 889/16/111
f 894/159/4 887/17/4 891/9/4
f 893/160/112 885/20/112 887/17/112
f 896/157/11 893/156/11 897/155/11
f 899/154/10 895/158/10 896/157/10
f 898/151/4 894/159/4 895/158/4
f 897/152/12 893/160/12 894/159/12
f 902/31/109 913/152/109 914/151/109
f 914/151/4 915/154/4 908/5/4
f 908/5/110 915/154/110 916/153/110
f 906/13/11 916/153/11 913/155/11
f 907/9/6 903/11/6 901/10/6
f 904/12/5 908/5/5 906/13/5
f 905/16/11 901/15/11 909/156/11
f 911/158/111 907/9/111 905/16/111
f 910/159/4 903/17/4 907/9/4
f 909/160/112 901/20/112 903/17/112
f 912/157/11 909/156/11 913/155/11
f 915/154/10 911/158/10 912/157/10
f 914/151/4 910/159/4 911/158/4
f 913/152/12 909/160/12 910/159/12
f 918/31/109 929/152/109 930/151/109
f 930/151/4 931/154/4 924/5/4
f 924/5/110 931/154/110 932/153/110
f 922/13/11 932/153/11 929/155/11
f 923/9/6 919/11/6 917/10/6
f 920/12/5 924/5/5 922/13/5
f 921/16/11 917/15/11 925/156/11
f 927/158/111 923/9/111 921/16/111
f 926/159/4 919/17/4 923/9/4
f 925/160/112 917/20/112 919/17/112
f 928/157/11 925/156/11 929/155/11
f 931/154/10 927/158/10 928/157/10
f 930/151/4 926/159/4 927/158/4
f 929/152/12 925/160/12 926/159/12
f 934/31/109 945/152/109 946/151/109
f 946/151/4 947/154/4 940/5/4
f 940/5/110 947/154/110 948/153/110
f 938/13/11 948/153/11 945/155/11
f 939/9/6 935/11/6 933/10/6
f 936/12/5 940/5/5 938/13/5
f 937/16/11 933/15/11 941/156/11
f 943/158/111 939/9/111 937/16/111
f 942/159/4 935/17/4 939/9/4
f 941/160/112 933/20/112 935/17/112
f 944/157/11 941/156/11 945/155/11
f 947/154/10 943/158/10 944/157/10
f 946/151/4 942/159/4 943/158/4
f 945/152/12 941/160/12 942/159/12
f 950/31/109 961/152/109 962/151/109
f 962/151/4 963/154/4 956/5/4
f 956/5/110 963/154/110 964/153/110
f 954/13/11 964/153/11 961/155/11
f 955/9/6 951/11/6 949/10/6
f 952/12/5 956/5/5 954/13/5
f 953/16/11 949/15/11 957/156/11
f 959/158/111 955/9/111 953/16/111
f 958/159/4 951/17/4 955/9/4
f 957/160/112 949/20/112 951/17/112
f 960/157/11 957/156/11 961/155/11
f 963/154/10 959/158/10 960/157/10
f 962/151/4 958/159/4 959/158/4
f 961/152/12 957/160/12 958/159/12
f 338/151/105 326/31/105 328/2/105
f 338/151/4 332/5/4 339/154/4
f 340/153/106 332/5/106 330/13/106
f 337/155/11 330/13/11 326/7/11
f 325/10/6 331/9/6 329/16/6
f 330/13/5 328/12/5 326/30/5
f 329/16/11 333/156/11 325/15/11
f 329/16/107 335/158/107 336/157/107
f 331/9/4 334/159/4 335/158/4
f 327/17/108 333/160/108 334/159/108
f 333/156/11 340/153/11 337/155/11
f 336/157/12 339/154/12 340/153/12
f 335/158/4 338/151/4 339/154/4
f 334/159/10 337/152/10 338/151/10
f 354/151/105 342/31/105 344/2/105
f 354/151/4 348/5/4 355/154/4
f 356/153/106 348/5/106 346/13/106
f 353/155/11 346/13/11 342/7/11
f 341/10/6 347/9/6 345/16/6
f 346/13/5 344/12/5 342/30/5
f 345/16/11 349/156/11 341/15/11
f 345/16/107 351/158/107 352/157/107
f 347/9/4 350/159/4 351/158/4
f 343/17/108 349/160/108 350/159/108
f 349/156/11 356/153/11 353/155/11
f 352/157/12 355/154/12 356/153/12
f 351/158/4 354/151/4 355/154/4
f 350/159/10 353/152/10 354/151/10
f 370/151/105 358/31/105 360/2/105
f 370/151/4 364/5/4 371/154/4
f 372/153/106 364/5/106 362/13/106
f 369/155/11 362/13/11 358/7/11
f 357/10/6 363/9/6 361/16/6
f 362/13/5 360/12/5 358/30/5
f 361/16/11 365/156/11 357/15/11
f 361/16/107 367/158/107 368/157/107
f 363/9/4 366/159/4 367/158/4
f 359/17/108 365/160/108 366/159/108
f 365/156/11 372/153/11 369/155/11
f 368/157/12 371/154/12 372/153/12
f 367/158/4 370/151/4 371/154/4
f 366/159/10 369/152/10 370/151/10
f 386/151/105 374/31/105 376/2/105
f 386/151/4 380/5/4 387/154/4
f 388/153/106 380/5/106 378/13/106
f 385/155/11 378/13/11 374/7/11
f 373/10/6 379/9/6 377/16/6
f 378/13/5 376/12/5 374/30/5
f 377/16/11 381/156/11 373/15/11
f 377/16/107 383/158/107 384/157/107
f 379/9/4 382/159/4 383/158/4
f 375/17/108 381/160/108 382/159/108
f 381/156/11 388/153/11 385/155/11
f 384/157/12 387/154/12 388/153/12
f 383/158/4 386/151/4 387/154/4
f 382/159/10 385/152/10 386/151/10
f 402/151/105 390/31/105 392/2/105
f 402/151/4 396/5/4 403/154/4
f 404/153/106 396/5/106 394/13/106
f 401/155/11 394/13/11 390/7/11
f 389/10/6 395/9/6 393/16/6
f 394/13/5 392/12/5 390/30/5
f 393/16/11 397/156/11 389/15/11
f 393/16/107 399/158/107 400/157/107
f 395/9/4 398/159/4 399/158/4
f 391/17/108 397/160/108 398/159/108
f 397/156/11 404/153/11 401/155/11
f 400/157/12 403/154/12 404/153/12
f 399/158/4 402/151/4 403/154/4
f 398/159/10 401/152/10 402/151/10
f 418/151/105 406/31/105 408/2/105
f 418/151/4 412/5/4 419/154/4
f 420/153/106 412/5/106 410/13/106
f 417/155/11 410/13/11 406/7/11
f 405/10/6 411/9/6 409/16/6
f 410/13/5 408/12/5 406/30/5
f 409/16/11 413/156/11 405/15/11
f 409/16/107 415/158/107 416/157/107
f 411/9/4 414/159/4 415/158/4
f 407/17/108 413/160/108 414/159/108
f 413/156/11 420/153/11 417/155/11
f 416/157/12 419/154/12 420/153/12
f 415/158/4 418/151/4 419/154/4
f 414/159/10 417/152/10 418/151/10
f 434/151/105 422/31/105 424/2/105
f 434/151/4 428/5/4 435/154/4
f 436/153/106 428/5/106 426/13/106
f 433/155/11 426/13/11 422/7/11
f 421/10/6 427/9/6 425/16/6
f 426/13/5 424/12/5 422/30/5
f 425/16/11 429/156/11 421/15/11
f 425/16/107 431/158/107 432/157/107
f 427/9/4 430/159/4 431/158/4
f 423/17/108 429/160/108 430/159/108
f 429/156/11 436/153/11 433/155/11
f 432/157/12 435/154/12 436/153/12
f 431/158/4 434/151/4 435/154/4
f 430/159/10 433/152/10 434/151/10
f 450/151/105 438/31/105 440/2/105
f 450/151/4 444/5/4 451/154/4
f 452/153/106 444/5/106 442/13/106
f 449/155/11 442/13/11 438/7/11
f 437/10/6 443/9/6 441/16/6
f 442/13/5 440/12/5 438/30/5
f 441/16/11 445/156/11 437/15/11
f 441/16/107 447/158/107 448/157/107
f 443/9/4 446/159/4 447/158/4
f 439/17/108 445/160/108 446/159/108
f 445/156/11 452/153/11 449/155/11
f 448/157/12 451/154/12 452/153/12
f 447/158/4 450/151/4 451/154/4
f 446/159/10 449/152/10 450/151/10
f 466/151/105 454/31/105 456/2/105
f 466/151/4 460/5/4 467/154/4
f 468/153/106 460/5/106 458/13/106
f 465/155/11 458/13/11 454/7/11
f 453/10/6 459/9/6 457/16/6
f 458/13/5 456/12/5 454/30/5
f 457/16/11 461/156/11 453/15/11
f 457/16/107 463/158/107 464/157/107
f 459/9/4 462/159/4 463/158/4
f 455/17/108 461/160/108 462/159/108
f 461/156/11 468/153/11 465/155/11
f 464/157/12 467/154/12 468/153/12
f 463/158/4 466/151/4 467/154/4
f 462/159/10 465/152/10 466/151/10
f 482/151/105 470/31/105 472/2/105
f 482/151/4 476/5/4 483/154/4
f 484/153/106 476/5/106 474/13/106
f 481/155/11 474/13/11 470/7/11
f 469/10/6 475/9/6 473/16/6
f 474/13/5 472/12/5 470/30/5
f 473/16/11 477/156/11 469/15/11
f 473/16/107 479/158/107 480/157/107
f 475/9/4 478/159/4 479/158/4
f 471/17/108 477/160/108 478/159/108
f 477/156/11 484/153/11 481/155/11
f 480/157/12 483/154/12 484/153/12
f 479/158/4 482/151/4 483/154/4
f 478/159/10 481/152/10 482/151/10
f 498/151/105 486/31/105 488/2/105
f 498/151/4 492/5/4 499/154/4
f 500/153/106 492/5/106 490/13/106
f 497/155/11 490/13/11 486/7/11
f 485/10/6 491/9/6 489/16/6
f 490/13/5 488/12/5 486/30/5
f 489/16/11 493/156/11 485/15/11
f 489/16/107 495/158/107 496/157/107
f 491/9/4 494/159/4 495/158/4
f 487/17/108 493/160/108 494/159/108
f 493/156/11 500/153/11 497/155/11
f 496/157/12 499/154/12 500/153/12
f 495/158/4 498/151/4 499/154/4
f 494/159/10 497/152/10 498/151/10
f 514/151/105 502/31/105 504/2/105
f 514/151/4 508/5/4 515/154/4
f 516/153/106 508/5/106 506/13/106
f 513/155/11 506/13/11 502/7/11
f 501/10/6 507/9/6 505/16/6
f 506/13/5 504/12/5 502/30/5
f 505/16/11 509/156/11 501/15/11
f 505/16/107 511/158/107 512/157/107
f 507/9/4 510/159/4 511/158/4
f 503/17/108 509/160/108 510/159/108
f 509/156/11 516/153/11 513/155/11
f 512/157/12 515/154/12 516/153/12
f 511/158/4 514/151/4 515/154/4
f 510/159/10 513/152/10 514/151/10
f 530/151/105 518/31/105 520/2/105
f 530/151/4 524/5/4 531/154/4
f 532/153/106 524/5/106 522/13/106
f 529/155/11 522/13/11 518/7/11
f 517/10/6 523/9/6 521/16/6
f 522/13/5 520/12/5 518/30/5
f 521/16/11 525/156/11 517/15/11
f 521/16/107 527/158/107 528/157/107
f 523/9/4 526/159/4 527/158/4
f 519/17/108 525/160/108 526/159/108
f 525/156/11 532/153/11 529/155/11
f 528/157/12 531/154/12 532/153/12
f 527/158/4 530/151/4 531/154/4
f 526/159/10 529/152/10 530/151/10
f 546/151/105 534/31/105 536/2/105
f 546/151/4 540/5/4 547/154/4
f 548/153/106 540/5/106 538/13/106
f 545/155/11 538/13/11 534/7/11
f 533/10/6 539/9/6 537/16/6
f 538/13/5 536/12/5 534/30/5
f 537/16/11 541/156/11 533/15/11
f 537/16/107 543/158/107 544/157/107
f 539/9/4 542/159/4 543/158/4
f 535/17/108 541/160/108 542/159/108
f 541/156/11 548/153/11 545/155/11
f 544/157/12 547/154/12 548/153/12
f 543/158/4 546/151/4 547/154/4
f 542/159/10 545/152/10 546/151/10
f 562/151/105 550/31/105 552/2/105
f 562/151/4 556/5/4 563/154/4
f 564/153/106 556/5/106 554/13/106
f 561/155/11 554/13/11 550/7/11
f 549/10/6 555/9/6 553/16/6
f 554/13/5 552/12/5 550/30/5
f 553/16/11 557/156/11 549/15/11
f 553/16/107 559/158/107 560/157/107
f 555/9/4 558/159/4 559/158/4
f 551/17/108 557/160/108 558/159/108
f 557/156/11 564/153/11 561/155/11
f 560/157/12 563/154/12 564/153/12
f 559/158/4 562/151/4 563/154/4
f 558/159/10 561/152/10 562/151/10
f 578/151/105 566/31/105 568/2/105
f 578/151/4 572/5/4 579/154/4
f 580/153/106 572/5/106 570/13/106
f 577/155/11 570/13/11 566/7/11
f 565/10/6 571/9/6 569/16/6
f 570/13/5 568/12/5 566/30/5
f 569/16/11 573/156/11 565/15/11
f 569/16/107 575/158/107 576/157/107
f 571/9/4 574/159/4 575/158/4
f 567/17/108 573/160/108 574/159/108
f 573/156/11 580/153/11 577/155/11
f 576/157/12 579/154/12 580/153/12
f 575/158/4 578/151/4 579/154/4
f 574/159/10 577/152/10 578/151/10
f 594/151/105 582/31/105 584/2/105
f 594/151/4 588/5/4 595/154/4
f 596/153/106 588/5/106 586/13/106
f 593/155/11 586/13/11 582/7/11
f 581/10/6 587/9/6 585/16/6
f 586/13/5 584/12/5 582/30/5
f 585/16/11 589/156/11 581/15/11
f 585/16/107 591/158/107 592/157/107
f 587/9/4 590/159/4 591/158/4
f 583/17/108 589/160/108 590/159/108
f 589/156/11 596/153/11 593/155/11
f 592/157/12 595/154/12 596/153/12
f 591/158/4 594/151/4 595/154/4
f 590/159/10 593/152/10 594/151/10
f 610/151/105 598/31/105 600/2/105
f 610/151/4 604/5/4 611/154/4
f 612/153/106 604/5/106 602/13/106
f 609/155/11 602/13/11 598/7/11
f 597/10/6 603/9/6 601/16/6
f 602/13/5 600/12/5 598/30/5
f 601/16/11 605/156/11 597/15/11
f 601/16/107 607/158/107 608/157/107
f 603/9/4 606/159/4 607/158/4
f 599/17/108 605/160/108 606/159/108
f 605/156/11 612/153/11 609/155/11
f 608/157/12 611/154/12 612/153/12
f 607/158/4 610/151/4 611/154/4
f 606/159/10 609/152/10 610/151/10
f 626/151/105 614/31/105 616/2/105
f 626/151/4 620/5/4 627/154/4
f 628/153/106 620/5/106 618/13/106
f 625/155/11 618/13/11 614/7/11
f 613/10/6 619/9/6 617/16/6
f 618/13/5 616/12/5 614/30/5
f 617/16/11 621/156/11 613/15/11
f 617/16/107 623/158/107 624/157/107
f 619/9/4 622/159/4 623/158/4
f 615/17/108 621/160/108 622/159/108
f 621/156/11 628/153/11 625/155/11
f 624/157/12 627/154/12 628/153/12
f 623/158/4 626/151/4 627/154/4
f 622/159/10 625/152/10 626/151/10
f 642/151/105 630/31/105 632/2/105
f 642/151/4 636/5/4 643/154/4
f 644/153/106 636/5/106 634/13/106
f 641/155/11 634/13/11 630/7/11
f 629/10/6 635/9/6 633/16/6
f 634/13/5 632/12/5 630/30/5
f 633/16/11 637/156/11 629/15/11
f 633/16/107 639/158/107 640/157/107
f 635/9/4 638/159/4 639/158/4
f 631/17/108 637/160/108 638/159/108
f 637/156/11 644/153/11 641/155/11
f 640/157/12 643/154/12 644/153/12
f 639/158/4 642/151/4 643/154/4
f 638/159/10 641/152/10 642/151/10
f 646/31/109 658/151/109 648/2/109
f 658/151/4 652/5/4 648/2/4
f 652/5/110 660/153/110 650/13/110
f 650/13/11 657/155/11 646/7/11
f 651/9/6 645/10/6 649/16/6
f 648/12/5 650/13/5 646/30/5
f 649/16/11 653/156/11 656/157/11
f 655/158/111 649/16/111 656/157/111
f 654/159/4 651/9/4 655/158/4
f 653/160/112 647/17/112 654/159/112
f 660/153/11 653/156/11 657/155/11
f 659/154/10 656/157/10 660/153/10
f 658/151/4 655/158/4 659/154/4
f 657/152/12 654/159/12 658/151/12
f 662/31/109 674/151/109 664/2/109
f 674/151/4 668/5/4 664/2/4
f 668/5/110 676/153/110 666/13/110
f 666/13/11 673/155/11 662/7/11
f 667/9/6 661/10/6 665/16/6
f 664/12/5 666/13/5 662/30/5
f 665/16/11 669/156/11 672/157/11
f 671/158/111 665/16/111 672/157/111
f 670/159/4 667/9/4 671/158/4
f 669/160/112 663/17/112 670/159/112
f 672/157/11 673/155/11 676/153/11
f 675/154/10 672/157/10 676/153/10
f 674/151/4 671/158/4 675/154/4
f 673/152/12 670/159/12 674/151/12
f 678/31/109 690/151/109 680/2/109
f 690/151/4 684/5/4 680/2/4
f 684/5/110 692/153/110 682/13/110
f 682/13/11 689/155/11 678/7/11
f 683/9/6 677/10/6 681/16/6
f 680/12/5 682/13/5 678/30/5
f 681/16/11 685/156/11 688/157/11
f 687/158/111 681/16/111 688/157/111
f 686/159/4 683/9/4 687/158/4
f 685/160/112 679/17/112 686/159/112
f 688/157/11 689/155/11 692/153/11
f 691/154/10 688/157/10 692/153/10
f 690/151/4 687/158/4 691/154/4
f 689/152/12 686/159/12 690/151/12
f 694/31/109 706/151/109 696/2/109
f 706/151/4 700/5/4 696/2/4
f 700/5/110 708/153/110 698/13/110
f 698/13/11 705/155/11 694/7/11
f 699/9/6 693/10/6 697/16/6
f 696/12/5 698/13/5 694/30/5
f 697/16/11 701/156/11 704/157/11
f 703/158/111 697/16/111 704/157/111
f 702/159/4 699/9/4 703/158/4
f 701/160/112 695/17/112 702/159/112
f 704/157/11 705/155/11 708/153/11
f 707/154/10 704/157/10 708/153/10
f 706/151/4 703/158/4 707/154/4
f 705/152/12 702/159/12 706/151/12
f 710/31/109 722/151/109 712/2/109
f 722/151/4 716/5/4 712/2/4
f 716/5/110 724/153/110 714/13/110
f 714/13/11 721/155/11 710/7/11
f 715/9/6 709/10/6 713/16/6
f 712/12/5 714/13/5 710/30/5
f 713/16/11 717/156/11 720/157/11
f 719/158/111 713/16/111 720/157/111
f 718/159/4 715/9/4 719/158/4
f 717/160/112 711/17/112 718/159/112
f 720/157/11 721/155/11 724/153/11
f 723/154/10 720/157/10 724/153/10
f 722/151/4 719/158/4 723/154/4
f 721/152/12 718/159/12 722/151/12
f 726/31/109 738/151/109 728/2/109
f 738/151/4 732/5/4 728/2/4
f 732/5/110 740/153/110 730/13/110
f 730/13/11 737/155/11 726/7/11
f 731/9/6 725/10/6 729/16/6
f 728/12/5 730/13/5 726/30/5
f 729/16/11 733/156/11 736/157/11
f 735/158/111 729/16/111 736/157/111
f 734/159/4 731/9/4 735/158/4
f 733/160/112 727/17/112 734/159/112
f 736/157/11 737/155/11 740/153/11
f 739/154/10 736/157/10 740/153/10
f 738/151/4 735/158/4 739/154/4
f 737/152/12 734/159/12 738/151/12
f 742/31/109 754/151/109 744/2/109
f 754/151/4 748/5/4 744/2/4
f 748/5/110 756/153/110 746/13/110
f 746/13/11 753/155/11 742/7/11
f 747/9/6 741/10/6 745/16/6
f 744/12/5 746/13/5 742/30/5
f 745/16/11 749/156/11 752/157/11
f 751/158/111 745/16/111 752/157/111
f 750/159/4 747/9/4 751/158/4
f 749/160/112 743/17/112 750/159/112
f 752/157/11 753/155/11 756/153/11
f 755/154/10 752/157/10 756/153/10
f 754/151/4 751/158/4 755/154/4
f 753/152/12 750/159/12 754/151/12
f 758/31/109 770/151/109 760/2/109
f 770/151/4 764/5/4 760/2/4
f 764/5/110 772/153/110 762/13/110
f 762/13/11 769/155/11 758/7/11
f 763/9/6 757/10/6 761/16/6
f 760/12/5 762/13/5 758/30/5
f 761/16/11 765/156/11 768/157/11
f 767/158/111 761/16/111 768/157/111
f 766/159/4 763/9/4 767/158/4
f 765/160/112 759/17/112 766/159/112
f 768/157/11 769/155/11 772/153/11
f 771/154/10 768/157/10 772/153/10
f 770/151/4 767/158/4 771/154/4
f 769/152/12 766/159/12 770/151/12
f 774/31/109 786/151/109 776/2/109
f 786/151/4 780/5/4 776/2/4
f 780/5/110 788/153/110 778/13/110
f 778/13/11 785/155/11 774/7/11
f 779/9/6 773/10/6 777/16/6
f 776/12/5 778/13/5 774/30/5
f 777/16/11 781/156/11 784/157/11
f 783/158/111 777/16/111 784/157/111
f 782/159/4 779/9/4 783/158/4
f 781/160/112 775/17/112 782/159/112
f 784/157/11 785/155/11 788/153/11
f 787/154/10 784/157/10 788/153/10
f 786/151/4 783/158/4 787/154/4
f 785/152/12 782/159/12 786/151/12
f 790/31/109 802/151/109 792/2/109
f 802/151/4 796/5/4 792/2/4
f 796/5/110 804/153/110 794/13/110
f 794/13/11 801/155/11 790/7/11
f 795/9/6 789/10/6 793/16/6
f 792/12/5 794/13/5 790/30/5
f 793/16/11 797/156/11 800/157/11
f 799/158/111 793/16/111 800/157/111
f 798/159/4 795/9/4 799/158/4
f 797/160/112 791/17/112 798/159/112
f 800/157/11 801/155/11 804/153/11
f 803/154/10 800/157/10 804/153/10
f 802/151/4 799/158/4 803/154/4
f 801/152/12 798/159/12 802/151/12
f 806/31/109 818/151/109 808/2/109
f 818/151/4 812/5/4 808/2/4
f 812/5/110 820/153/110 810/13/110
f 810/13/11 817/155/11 806/7/11
f 811/9/6 805/10/6 809/16/6
f 808/12/5 810/13/5 806/30/5
f 809/16/11 813/156/11 816/157/11
f 815/158/111 809/16/111 816/157/111
f 814/159/4 811/9/4 815/158/4
f 813/160/112 807/17/112 814/159/112
f 816/157/11 817/155/11 820/153/11
f 819/154/10 816/157/10 820/153/10
f 818/151/4 815/158/4 819/154/4
f 817/152/12 814/159/12 818/151/12
f 822/31/109 834/151/109 824/2/109
f 834/151/4 828/5/4 824/2/4
f 828/5/110 836/153/110 826/13/110
f 826/13/11 833/155/11 822/7/11
f 827/9/6 821/10/6 825/16/6
f 824/12/5 826/13/5 822/30/5
f 825/16/11 829/156/11 832/157/11
f 831/158/111 825/16/111 832/157/111
f 830/159/4 827/9/4 831/158/4
f 829/160/112 823/17/112 830/159/112
f 832/157/11 833/155/11 836/153/11
f 835/154/10 832/157/10 836/153/10
f 834/151/4 831/158/4 835/154/4
f 833/152/12 830/159/12 834/151/12
f 838/31/109 850/151/109 840/2/109
f 850/151/4 844/5/4 840/2/4
f 844/5/110 852/153/110 842/13/110
f 842/13/11 849/155/11 838/7/11
f 843/9/6 837/10/6 841/16/6
f 840/12/5 842/13/5 838/30/5
f 841/16/11 845/156/11 848/157/11
f 847/158/111 841/16/111 848/157/111
f 846/159/4 843/9/4 847/158/4
f 845/160/112 839/17/112 846/159/112
f 848/157/11 849/155/11 852/153/11
f 851/154/10 848/157/10 852/153/10
f 850/151/4 847/158/4 851/154/4
f 849/152/12 846/159/12 850/151/12
f 854/31/109 866/151/109 856/2/109
f 866/151/4 860/5/4 856/2/4
f 860/5/110 868/153/110 858/13/110
f 858/13/11 865/155/11 854/7/11
f 859/9/6 853/10/6 857/16/6
f 856/12/5 858/13/5 854/30/5
f 857/16/11 861/156/11 864/157/11
f 863/158/111 857/16/111 864/157/111
f 862/159/4 859/9/4 863/158/4
f 861/160/112 855/17/112 862/159/112
f 864/157/11 865/155/11 868/153/11
f 867/154/10 864/157/10 868/153/10
f 866/151/4 863/158/4 867/154/4
f 865/152/12 862/159/12 866/151/12
f 870/31/109 882/151/109 872/2/109
f 882/151/4 876/5/4 872/2/4
f 876/5/110 884/153/110 874/13/110
f 874/13/11 881/155/11 870/7/11
f 875/9/6 869/10/6 873/16/6
f 872/12/5 874/13/5 870/30/5
f 873/16/11 877/156/11 880/157/11
f 879/158/111 873/16/111 880/157/111
f 878/159/4 875/9/4 879/158/4
f 877/160/112 871/17/112 878/159/112
f 880/157/11 881/155/11 884/153/11
f 883/154/10 880/157/10 884/153/10
f 882/151/4 879/158/4 883/154/4
f 881/152/12 878/159/12 882/151/12
f 886/31/109 898/151/109 888/2/109
f 898/151/4 892/5/4 888/2/4
f 892/5/110 900/153/110 890/13/110
f 890/13/11 897/155/11 886/7/11
f 891/9/6 885/10/6 889/16/6
f 888/12/5 890/13/5 886/30/5
f 889/16/11 893/156/11 896/157/11
f 895/158/111 889/16/111 896/157/111
f 894/159/4 891/9/4 895/158/4
f 893/160/112 887/17/112 894/159/112
f 896/157/11 897/155/11 900/153/11
f 899/154/10 896/157/10 900/153/10
f 898/151/4 895/158/4 899/154/4
f 897/152/12 894/159/12 898/151/12
f 902/31/109 914/151/109 904/2/109
f 914/151/4 908/5/4 904/2/4
f 908/5/110 916/153/110 906/13/110
f 906/13/11 913/155/11 902/7/11
f 907/9/6 901/10/6 905/16/6
f 904/12/5 906/13/5 902/30/5
f 905/16/11 909/156/11 912/157/11
f 911/158/111 905/16/111 912/157/111
f 910/159/4 907/9/4 911/158/4
f 909/160/112 903/17/112 910/159/112
f 912/157/11 913/155/11 916/153/11
f 915/154/10 912/157/10 916/153/10
f 914/151/4 911/158/4 915/154/4
f 913/152/12 910/159/12 914/151/12
f 918/31/109 930/151/109 920/2/109
f 930/151/4 924/5/4 920/2/4
f 924/5/110 932/153/110 922/13/110
f 922/13/11 929/155/11 918/7/11
f 923/9/6 917/10/6 921/16/6
f 920/12/5 922/13/5 918/30/5
f 921/16/11 925/156/11 928/157/11
f 927/158/111 921/16/111 928/157/111
f 926/159/4 923/9/4 927/158/4
f 925/160/112 919/17/112 926/159/112
f 928/157/11 929/155/11 932/153/11
f 931/154/10 928/157/10 932/153/10
f 930/151/4 927/158/4 931/154/4
f 929/152/12 926/159/12 930/151/12
f 934/31/109 946/151/109 936/2/109
f 946/151/4 940/5/4 936/2/4
f 940/5/110 948/153/110 938/13/110
f 938/13/11 945/155/11 934/7/11
f 939/9/6 933/10/6 937/16/6
f 936/12/5 938/13/5 934/30/5
f 937/16/11 941/156/11 944/157/11
f 943/158/111 937/16/111 944/157/111
f 942/159/4 939/9/4 943/158/4
f 941/160/112 935/17/112 942/159/112
f 944/157/11 945/155/11 948/153/11
f 947/154/10 944/157/10 948/153/10
f 946/151/4 943/158/4 947/154/4
f 945/152/12 942/159/12 946/151/12
f 950/31/109 962/151/109 952/2/109
f 962/151/4 956/5/4 952/2/4
f 956/5/110 964/153/110 954/13/110
f 954/13/11 961/155/11 950/7/11
f 955/9/6 949/10/6 953/16/6
f 952/12/5 954/13/5 950/30/5
f 953/16/11 957/156/11 960/157/11
f 959/158/111 953/16/111 960/157/111
f 958/159/4 955/9/4 959/158/4
f 957/160/112 951/17/112 958/159/112
f 960/157/11 961/155/11 964/153/11
f 963/154/10 960/157/10 964/153/10
f 962/151/4 959/158/4 963/154/4
f 961/152/12 958/159/12 962/151/12
usemtl Material.009
f 1222/113/97 1205/117/97 1207/12/97
f 1221/126/98 1207/12/98 1209/127/98
f 1223/125/99 1209/127/99 1211/5/99
f 1211/5/100 1213/101/100 1225/95/100
f 1225/95/101 1213/101/101 1215/9/101
f 1226/15/102 1215/9/102 1217/128/102
f 1220/130/100 1206/129/100 1230/129/100
f 1217/128/103 1219/11/103 1228/131/103
f 1228/131/104 1219/11/104 1205/81/104
f 1211/134/10 1219/148/10 1215/133/10
f 1206/129/12 1222/149/12 1221/136/12
f 1208/137/12 1221/136/12 1223/138/12
f 1212/140/12 1210/139/12 1223/138/12
f 1214/142/12 1212/140/12 1224/141/12
f 1214/142/12 1225/150/12 1226/143/12
f 1216/144/12 1226/143/12 1227/145/12
f 1220/130/12 1218/146/12 1227/145/12
f 1206/129/12 1220/130/12 1228/147/12
f 1235/146/12 1231/139/12 1233/142/12
f 1216/144/98 1218/146/98 1235/146/98
f 1212/140/104 1214/142/104 1233/142/104
f 1208/137/102 1210/139/102 1231/139/102
f 1218/146/99 1220/130/99 1236/130/99
f 1214/142/97 1216/144/97 1234/144/97
f 1210/139/103 1212/140/103 1232/140/103
f 1208/137/101 1229/137/101 1230/129/101
f 1222/113/97 1207/12/97 1221/126/97
f 1221/126/98 1209/127/98 1223/125/98
f 1223/125/99 1211/5/99 1224/7/99
f 1211/5/100 1225/95/100 1224/7/100
f 1225/95/101 1215/9/101 1226/15/101
f 1226/15/102 1217/128/102 1227/132/102
f 1220/130/100 1230/129/100 1236/130/100
f 1217/128/103 1228/131/103 1227/132/103
f 1228/131/104 1205/81/104 1222/76/104
f 1219/148/10 1207/135/10 1205/165/10
f 1207/135/10 1211/134/10 1209/168/10
f 1211/134/10 1215/133/10 1213/167/10
f 1215/133/10 1219/148/10 1217/166/10
f 1219/148/10 1211/134/10 1207/135/10
f 1206/129/12 1221/136/12 1208/137/12
f 1208/137/12 1223/138/12 1210/139/12
f 1212/140/12 1223/138/12 1224/141/12
f 1214/142/12 1224/141/12 1225/150/12
f 1214/142/12 1226/143/12 1216/144/12
f 1216/144/12 1227/145/12 1218/146/12
f 1220/130/12 1227/145/12 1228/147/12
f 1206/129/12 1228/147/12 1222/149/12
f 1231/139/12 1230/129/12 1229/137/12
f 1230/129/12 1235/146/12 1236/130/12
f 1235/146/12 1233/142/12 1234/144/12
f 1233/142/12 1231/139/12 1232/140/12
f 1231/139/12 1235/146/12 1230/129/12
f 1216/144/98 1235/146/98 1234/144/98
f 1212/140/104 1233/142/104 1232/140/104
f 1208/137/102 1231/139/102 1229/137/102
f 1218/146/99 1236/130/99 1235/146/99
f 1214/142/97 1234/144/97 1233/142/97
f 1210/139/103 1232/140/103 1231/139/103
f 1208/137/101 1230/129/101 1206/129/101
usemtl Material.011
f 1239/12/97 1237/117/97 1254/113/97
f 1241/127/98 1239/12/98 1253/126/98
f 1243/5/99 1241/127/99 1255/125/99
f 1245/101/100 1243/5/100 1256/7/100
f 1247/9/101 1245/101/101 1257/95/101
f 1249/128/102 1247/9/102 1258/15/102
f 1262/129/100 1238/129/100 1252/130/100
f 1249/128/103 1259/132/103 1260/131/103
f 1237/81/104 1251/11/104 1260/131/104
f 1247/133/12 1239/135/12 1243/134/12
f 1238/129/10 1240/137/10 1253/136/10
f 1240/137/10 1242/139/10 1255/138/10
f 1255/138/10 1242/139/10 1244/140/10
f 1256/141/10 1244/140/10 1246/142/10
f 1246/142/10 1248/144/10 1258/143/10
f 1248/144/10 1250/146/10 1259/145/10
f 1259/145/10 1250/146/10 1252/130/10
f 1260/147/10 1252/130/10 1238/129/10
f 1265/142/10 1262/129/10 1267/146/10
f 1267/146/98 1250/146/98 1248/144/98
f 1265/142/104 1246/142/104 1244/140/104
f 1263/139/102 1242/139/102 1240/137/102
f 1268/130/99 1252/130/99 1250/146/99
f 1266/144/97 1248/144/97 1246/142/97
f 1264/140/103 1244/140/103 1242/139/103
f 1261/137/101 1240/137/101 1238/129/101
f 1239/12/97 1254/113/97 1253/126/97
f 1241/127/98 1253/126/98 1255/125/98
f 1243/5/99 1255/125/99 1256/7/99
f 1245/101/100 1256/7/100 1257/95/100
f 1247/9/101 1257/95/101 1258/15/101
f 1249/128/102 1258/15/102 1259/132/102
f 1262/129/100 1252/130/100 1268/130/100
f 1249/128/103 1260/131/103 1251/11/103
f 1237/81/104 1260/131/104 1254/76/104
f 1239/135/12 1251/148/12 1237/165/12
f 1251/148/12 1247/133/12 1249/166/12
f 1247/133/12 1243/134/12 1245/167/12
f 1243/134/12 1239/135/12 1241/168/12
f 1239/135/12 1247/133/12 1251/148/12
f 1238/129/10 1253/136/10 1254/149/10
f 1240/137/10 1255/138/10 1253/136/10
f 1255/138/10 1244/140/10 1256/141/10
f 1256/141/10 1246/142/10 1257/150/10
f 1246/142/10 1258/143/10 1257/150/10
f 1248/144/10 1259/145/10 1258/143/10
f 1259/145/10 1252/130/10 1260/147/10
f 1260/147/10 1238/129/10 1254/149/10
f 1262/129/10 1263/139/10 1261/137/10
f 1263/139/10 1265/142/10 1264/140/10
f 1265/142/10 1267/146/10 1266/144/10
f 1267/146/10 1262/129/10 1268/130/10
f 1262/129/10 1265/142/10 1263/139/10
f 1267/146/98 1248/144/98 1266/144/98
f 1265/142/104 1244/140/104 1264/140/104
f 1263/139/102 1240/137/102 1261/137/102
f 1268/130/99 1250/146/99 1267/146/99
f 1266/144/97 1246/142/97 1265/142/97
f 1264/140/103 1242/139/103 1263/139/103
f 1261/137/101 1238/129/101 1262/129/101
