# Blender 4.5.3 LTS
# www.blender.org
mtllib laser2_barrel.mtl
o Cylinder.008
v 0.338837 -0.232755 0.500719
v 0.316501 -0.599864 0.500719
v 0.302764 -0.232755 0.587809
v 0.286969 -0.599864 0.572015
v 0.215674 -0.232755 0.623883
v 0.215674 -0.599864 0.601546
v 0.128584 -0.232755 0.587809
v 0.144379 -0.599864 0.572015
v 0.092511 -0.232755 0.500719
v 0.114847 -0.599864 0.500719
v 0.128584 -0.232755 0.413630
v 0.144379 -0.599864 0.429424
v 0.215674 -0.232755 0.377556
v 0.215674 -0.599864 0.399892
v 0.302764 -0.232755 0.413630
v 0.286969 -0.599864 0.429424
v 0.302764 -0.599864 0.587809
v 0.338837 -0.599864 0.500719
v 0.215674 -0.599864 0.623883
v 0.128584 -0.599864 0.587809
v 0.092511 -0.599864 0.500719
v 0.128584 -0.599864 0.413630
v 0.215674 -0.599864 0.377556
v 0.302764 -0.599864 0.413630
v 0.286969 -0.588104 0.572015
v 0.316501 -0.588104 0.500719
v 0.215674 -0.588104 0.601546
v 0.144379 -0.588104 0.572015
v 0.114847 -0.588104 0.500719
v 0.144379 -0.588104 0.429424
v 0.215674 -0.588104 0.399892
v 0.286969 -0.588104 0.429424
v 1.115896 0.101177 0.222163
v 1.115896 0.183873 0.455334
v 2.613324 0.101177 0.222163
v 2.522649 0.183873 0.455334
v 1.115896 -0.091554 0.222163
v 1.115896 -0.181461 0.455334
v 2.613324 -0.091554 0.222163
v 2.522649 -0.181461 0.455334
v 1.115896 -0.066709 0.338588
v 1.115896 0.070816 0.338588
v 2.522649 0.067794 0.338588
v 2.522649 -0.068220 0.338588
v 1.115896 0.101177 0.846467
v 1.115896 0.183873 0.613297
v 2.613324 0.101177 0.846467
v 2.522649 0.183873 0.613297
v 1.115896 -0.091554 0.846467
v 1.115896 -0.182955 0.613297
v 2.613324 -0.091554 0.846467
v 2.522649 -0.182955 0.613297
v 1.115896 -0.066709 0.730043
v 1.115896 0.070816 0.730043
v 2.522649 0.067794 0.730043
v 2.522649 -0.068220 0.730043
v 1.636916 -0.135213 0.731222
v 1.636916 -0.135914 0.338021
v 1.316980 -0.135213 0.731222
v 1.316980 -0.135914 0.338021
v 1.636916 -0.121859 0.731222
v 1.636916 -0.122560 0.338021
v 1.316980 -0.121859 0.731222
v 1.316980 -0.122560 0.338021
v 1.636916 -0.180868 0.614198
v 1.113811 -0.180868 0.614198
v 1.113811 -0.167514 0.614198
v 1.636916 -0.167514 0.614198
v 1.636916 -0.180868 0.452660
v 1.113811 -0.180868 0.452660
v 1.113811 -0.167514 0.452660
v 1.636916 -0.167514 0.452660
v 1.636916 0.137410 0.731222
v 1.636916 0.138112 0.338021
v 1.316980 0.137410 0.731222
v 1.316980 0.138112 0.338021
v 1.636916 0.124057 0.731222
v 1.636916 0.124758 0.338021
v 1.316980 0.124057 0.731222
v 1.316980 0.124758 0.338021
v 1.636916 0.183066 0.614198
v 1.113811 0.183066 0.614198
v 1.113811 0.169712 0.614198
v 1.636916 0.169712 0.614198
v 1.636916 0.183066 0.452660
v 1.113811 0.183066 0.452660
v 1.113811 0.169712 0.452660
v 1.636916 0.169712 0.452660
v 1.035646 0.057042 0.669362
v 1.035646 0.139709 0.588126
v 1.035646 0.140720 0.472229
v 1.035646 0.059483 0.389562
v 1.035646 -0.056414 0.388550
v 1.035646 -0.139081 0.469787
v 1.035646 -0.140092 0.585684
v 1.035646 -0.058856 0.668351
v 1.325047 0.139709 0.588126
v 1.325047 0.057042 0.669362
v 1.325047 0.140720 0.472229
v 1.325047 0.059483 0.389562
v 1.325047 -0.056414 0.388550
v 1.325047 -0.139081 0.469787
v 1.325047 -0.140092 0.585684
v 1.325047 -0.058856 0.668351
v 1.325047 0.095163 0.569218
v 1.325047 0.038914 0.624494
v 1.325047 0.095851 0.490357
v 1.325047 0.040575 0.434108
v 1.325047 -0.038285 0.433419
v 1.325047 -0.094535 0.488696
v 1.325047 -0.095223 0.567556
v 1.325047 -0.039947 0.623805
v 1.111346 0.095163 0.569218
v 1.111346 0.038914 0.624494
v 1.111346 0.095851 0.490357
v 1.111346 0.040575 0.434108
v 1.111346 -0.038285 0.433419
v 1.111346 -0.094535 0.488696
v 1.111346 -0.095223 0.567556
v 1.111346 -0.039947 0.623805
v 1.167972 0.043641 0.421719
v 1.167972 -0.044878 0.422491
v 1.167972 -0.106924 0.485630
v 1.167972 -0.106151 0.574148
v 1.167972 -0.043013 0.636194
v 1.167972 0.045506 0.635421
v 1.167972 0.107552 0.572283
v 1.167972 0.106779 0.483765
v -0.982392 0.255780 0.138638
v -1.134687 0.255780 0.178501
v -0.982392 0.277245 0.178501
v -1.134687 0.190780 0.878775
v -0.982392 0.190780 0.918638
v -0.982392 0.212245 0.878775
v 0.998313 0.255780 0.138638
v 0.998313 0.277245 0.178501
v 1.150609 0.255780 0.178501
v 0.998313 0.190780 0.918638
v 1.150609 0.190780 0.878775
v 0.998313 0.212245 0.878775
v -0.982392 -0.251291 0.138638
v -0.982392 -0.272755 0.178501
v -1.134687 -0.251291 0.178501
v -0.982392 -0.186291 0.918638
v -1.134687 -0.186291 0.878775
v -0.982392 -0.207755 0.878775
v 0.998313 -0.251291 0.138638
v 1.150609 -0.251291 0.178501
v 0.998313 -0.272755 0.178501
v 0.998313 -0.186291 0.918638
v 0.998313 -0.207755 0.878775
v 1.150609 -0.186291 0.878775
v -1.134687 0.255780 0.693223
v -0.982392 0.277245 0.693223
v 1.150609 0.255780 0.693223
v 0.998313 0.277245 0.693223
v 0.998313 -0.272755 0.693223
v 1.150609 -0.251291 0.693223
v -1.134687 -0.251291 0.693223
v -0.982392 -0.272755 0.693223
v -0.949142 -0.109635 0.804024
v -0.940429 -0.109635 0.799117
v -0.936073 -0.100975 0.796661
v -0.940431 -0.092315 0.799112
v -0.949144 -0.092314 0.804020
v -0.953499 -0.100974 0.806476
v -0.911790 -0.109582 0.937185
v -0.904624 -0.109584 0.930211
v -0.901042 -0.100924 0.926720
v -0.904627 -0.092263 0.930203
v -0.911794 -0.092262 0.937177
v -0.915375 -0.100921 0.940668
v -0.519719 -0.109581 1.028566
v -0.518985 -0.109584 1.018621
v -0.518620 -0.100926 1.013645
v -0.518989 -0.092264 1.018615
v -0.519723 -0.092261 1.028560
v -0.520088 -0.100919 1.033536
v 0.566592 -0.109059 1.028004
v 0.565324 -0.109064 1.018084
v 0.564672 -0.100406 1.013123
v 0.565288 -0.091743 1.018080
v 0.566556 -0.091738 1.027999
v 0.567208 -0.100396 1.032961
v 0.881015 -0.108225 0.946075
v 0.875110 -0.108232 0.938005
v 0.872163 -0.099576 0.933958
v 0.875121 -0.090912 0.937981
v 0.881026 -0.090905 0.946051
v 0.883974 -0.099561 0.950098
v 1.057080 -0.109877 0.666277
v 1.047414 -0.109849 0.663714
v 1.042625 -0.101175 0.662366
v 1.047501 -0.092529 0.663580
v 1.057167 -0.092558 0.666143
v 1.061957 -0.101232 0.667491
v -0.949142 0.090075 0.804024
v -0.940429 0.090074 0.799117
v -0.936073 0.098734 0.796661
v -0.940431 0.107395 0.799112
v -0.949144 0.107395 0.804020
v -0.953499 0.098735 0.806476
v -0.911790 0.090128 0.937185
v -0.904624 0.090126 0.930211
v -0.901042 0.098786 0.926720
v -0.904627 0.107447 0.930203
v -0.911794 0.107448 0.937177
v -0.915375 0.098789 0.940668
v -0.519719 0.090129 1.028566
v -0.518985 0.090125 1.018621
v -0.518620 0.098784 1.013645
v -0.518989 0.107446 1.018615
v -0.519723 0.107449 1.028560
v -0.520088 0.098791 1.033536
v 0.566592 0.090651 1.028004
v 0.565324 0.090646 1.018085
v 0.564672 0.099304 1.013123
v 0.565288 0.107966 1.018080
v 0.566556 0.107972 1.027999
v 0.567208 0.099314 1.032961
v 0.881015 0.091484 0.946075
v 0.875110 0.091477 0.938005
v 0.872163 0.100134 0.933958
v 0.875121 0.108798 0.937981
v 0.881026 0.108805 0.946051
v 0.883974 0.100148 0.950098
v 1.057080 0.089832 0.666277
v 1.047414 0.089861 0.663714
v 1.042625 0.098535 0.662366
v 1.047501 0.107181 0.663580
v 1.057167 0.107152 0.666143
v 1.061957 0.098478 0.667491
v -0.949142 -0.006337 0.804024
v -0.940429 -0.006337 0.799117
v -0.936073 0.002323 0.796661
v -0.940431 0.010983 0.799112
v -0.949144 0.010984 0.804020
v -0.953499 0.002324 0.806476
v -0.911790 -0.006284 0.937185
v -0.904624 -0.006286 0.930211
v -0.901042 0.002374 0.926720
v -0.904627 0.011035 0.930203
v -0.911794 0.011037 0.937177
v -0.915375 0.002377 0.940668
v -0.519719 -0.006283 1.028566
v -0.518985 -0.006286 1.018621
v -0.518620 0.002372 1.013645
v -0.518989 0.011034 1.018615
v -0.519723 0.011038 1.028560
v -0.520088 0.002379 1.033536
v 0.566592 -0.005760 1.028004
v 0.565324 -0.005766 1.018085
v 0.564672 0.002892 1.013123
v 0.565288 0.011555 1.018080
v 0.566556 0.011560 1.027999
v 0.567208 0.002902 1.032961
v 0.881015 -0.004927 0.946075
v 0.875110 -0.004934 0.938005
v 0.872163 0.003722 0.933958
v 0.875121 0.012386 0.937981
v 0.881026 0.012393 0.946051
v 0.883974 0.003737 0.950098
v 1.057080 -0.006579 0.666277
v 1.047414 -0.006551 0.663714
v 1.042625 0.002123 0.662366
v 1.047501 0.010769 0.663580
v 1.057167 0.010740 0.666143
v 1.061957 0.002066 0.667491
v -0.505689 -0.578243 0.186671
v -0.565689 -0.439368 1.091773
v 0.505689 -0.578243 0.186671
v 0.565689 -0.439368 1.091773
v -0.505689 -0.388322 0.186671
v -0.565689 -0.249448 1.091773
v 0.505689 -0.388322 0.186671
v 0.565689 -0.249448 1.091773
v -0.565689 -0.578243 0.815478
v 0.565689 -0.578243 0.815478
v 0.565689 -0.388322 0.815478
v -0.565689 -0.388322 0.815478
v -0.505689 0.578242 0.186671
v -0.565689 0.439368 1.091773
v 0.505689 0.578242 0.186671
v 0.565689 0.439368 1.091773
v -0.505689 0.388322 0.186671
v -0.565689 0.249447 1.091773
v 0.505689 0.388322 0.186671
v 0.565689 0.249447 1.091773
v -0.565689 0.578242 0.815478
v 0.565689 0.578242 0.815478
v 0.565689 0.388321 0.815479
v -0.565689 0.388321 0.815479
v 0.338837 0.232755 0.500719
v 0.316501 0.599863 0.500719
v 0.302764 0.232755 0.587809
v 0.286969 0.599863 0.572015
v 0.215674 0.232755 0.623883
v 0.215674 0.599863 0.601546
v 0.128584 0.232755 0.587809
v 0.144379 0.599863 0.572015
v 0.092511 0.232755 0.500719
v 0.114847 0.599863 0.500719
v 0.128584 0.232755 0.413630
v 0.144379 0.599863 0.429424
v 0.215674 0.232755 0.377556
v 0.215674 0.599863 0.399892
v 0.302764 0.232755 0.413630
v 0.286969 0.599863 0.429424
v 0.302764 0.599863 0.587809
v 0.338837 0.599863 0.500719
v 0.215674 0.599863 0.623883
v 0.128584 0.599863 0.587809
v 0.092511 0.599863 0.500719
v 0.128584 0.599863 0.413630
v 0.215674 0.599863 0.377556
v 0.302764 0.599863 0.413630
v 0.286969 0.588104 0.572015
v 0.316501 0.588104 0.500719
v 0.215674 0.588104 0.601546
v 0.144379 0.588104 0.572015
v 0.114847 0.588104 0.500719
v 0.144379 0.588104 0.429424
v 0.215674 0.588104 0.399892
v 0.286969 0.588104 0.429424
v -0.118793 -0.232755 0.500719
v -0.141129 -0.599864 0.500719
v -0.154866 -0.232755 0.587809
v -0.170661 -0.599864 0.572015
v -0.241956 -0.232755 0.623883
v -0.241956 -0.599864 0.601546
v -0.329046 -0.232755 0.587809
v -0.313251 -0.599864 0.572015
v -0.365119 -0.232755 0.500719
v -0.342783 -0.599864 0.500719
v -0.329046 -0.232755 0.413630
v -0.313251 -0.599864 0.429424
v -0.241956 -0.232755 0.377556
v -0.241956 -0.599864 0.399892
v -0.154866 -0.232755 0.413630
v -0.170661 -0.599864 0.429424
v -0.154866 -0.599864 0.587809
v -0.118793 -0.599864 0.500719
v -0.241956 -0.599864 0.623883
v -0.329046 -0.599864 0.587809
v -0.365119 -0.599864 0.500719
v -0.329046 -0.599864 0.413630
v -0.241956 -0.599864 0.377556
v -0.154866 -0.599864 0.413630
v -0.170661 -0.588104 0.572015
v -0.141129 -0.588104 0.500719
v -0.241956 -0.588104 0.601546
v -0.313251 -0.588104 0.572015
v -0.342783 -0.588104 0.500719
v -0.313251 -0.588104 0.429424
v -0.241956 -0.588104 0.399892
v -0.170661 -0.588104 0.429424
v 0.922981 -0.243575 0.144526
v 0.922981 -0.179529 0.912750
v 0.992122 -0.243575 0.144526
v 0.992122 -0.179529 0.912750
v 0.922981 -0.289668 0.144526
v 0.922981 -0.225623 0.912750
v 0.992122 -0.289668 0.144526
v 0.992122 -0.225623 0.912750
v 0.922981 -0.262608 0.178740
v 0.992122 -0.262608 0.178740
v 0.992122 -0.308702 0.178740
v 0.922981 -0.308702 0.178740
v 0.922981 -0.262608 0.691413
v 0.992122 -0.262608 0.691413
v 0.992122 -0.308702 0.691413
v 0.922981 -0.308702 0.691413
v 0.822981 -0.243575 0.144526
v 0.822981 -0.179530 0.912750
v 0.892121 -0.243575 0.144526
v 0.892121 -0.179530 0.912750
v 0.822981 -0.289669 0.144526
v 0.822981 -0.225623 0.912750
v 0.892121 -0.289669 0.144526
v 0.892121 -0.225623 0.912750
v 0.822981 -0.262609 0.178740
v 0.892121 -0.262609 0.178740
v 0.892121 -0.308702 0.178740
v 0.822981 -0.308702 0.178740
v 0.822981 -0.262609 0.691413
v 0.892121 -0.262609 0.691413
v 0.892121 -0.308702 0.691413
v 0.822981 -0.308702 0.691413
v 0.622981 -0.243575 0.144526
v 0.622981 -0.179530 0.912750
v 0.692121 -0.243575 0.144526
v 0.692121 -0.179530 0.912750
v 0.622981 -0.289669 0.144526
v 0.622981 -0.225623 0.912750
v 0.692121 -0.289669 0.144526
v 0.692121 -0.225623 0.912750
v 0.622981 -0.262609 0.178740
v 0.692121 -0.262609 0.178740
v 0.692121 -0.308702 0.178740
v 0.622981 -0.308702 0.178740
v 0.622981 -0.262609 0.691413
v 0.692121 -0.262609 0.691413
v 0.692121 -0.308702 0.691413
v 0.622981 -0.308702 0.691413
v 0.722981 -0.243575 0.144526
v 0.722981 -0.179530 0.912750
v 0.792122 -0.243575 0.144526
v 0.792122 -0.179530 0.912750
v 0.722981 -0.289669 0.144526
v 0.722981 -0.225623 0.912750
v 0.792122 -0.289669 0.144526
v 0.792122 -0.225623 0.912750
v 0.722981 -0.262609 0.178740
v 0.792122 -0.262609 0.178740
v 0.792122 -0.308702 0.178740
v 0.722981 -0.308702 0.178740
v 0.722981 -0.262609 0.691413
v 0.792122 -0.262609 0.691413
v 0.792122 -0.308702 0.691413
v 0.722981 -0.308702 0.691413
v 0.322981 -0.243575 0.144526
v 0.322981 -0.179530 0.912750
v 0.392122 -0.243575 0.144526
v 0.392122 -0.179530 0.912750
v 0.322981 -0.289669 0.144526
v 0.322981 -0.225623 0.912750
v 0.392122 -0.289669 0.144526
v 0.392122 -0.225623 0.912750
v 0.322981 -0.262609 0.178740
v 0.392122 -0.262609 0.178740
v 0.392122 -0.308702 0.178740
v 0.322981 -0.308702 0.178740
v 0.322981 -0.262609 0.691413
v 0.392122 -0.262609 0.691413
v 0.392122 -0.308702 0.691413
v 0.322981 -0.308702 0.691413
v 0.222981 -0.243575 0.144526
v 0.222981 -0.179530 0.912750
v 0.292121 -0.243575 0.144526
v 0.292121 -0.179530 0.912750
v 0.222981 -0.289669 0.144526
v 0.222981 -0.225623 0.912750
v 0.292121 -0.289669 0.144526
v 0.292121 -0.225623 0.912750
v 0.222981 -0.262609 0.178740
v 0.292121 -0.262609 0.178740
v 0.292121 -0.308702 0.178740
v 0.222981 -0.308702 0.178740
v 0.222981 -0.262609 0.691413
v 0.292121 -0.262609 0.691413
v 0.292121 -0.308702 0.691413
v 0.222981 -0.308702 0.691413
v 0.422981 -0.243575 0.144526
v 0.422981 -0.179530 0.912750
v 0.492121 -0.243575 0.144526
v 0.492121 -0.179530 0.912750
v 0.422981 -0.289669 0.144526
v 0.422981 -0.225623 0.912750
v 0.492121 -0.289669 0.144526
v 0.492121 -0.225623 0.912750
v 0.422981 -0.262609 0.178740
v 0.492121 -0.262609 0.178740
v 0.492121 -0.308702 0.178740
v 0.422981 -0.308702 0.178740
v 0.422981 -0.262609 0.691413
v 0.492121 -0.262609 0.691413
v 0.492121 -0.308702 0.691413
v 0.422981 -0.308702 0.691413
v 0.522981 -0.243575 0.144526
v 0.522981 -0.179530 0.912750
v 0.592121 -0.243575 0.144526
v 0.592121 -0.179530 0.912750
v 0.522981 -0.289669 0.144526
v 0.522981 -0.225623 0.912750
v 0.592121 -0.289669 0.144526
v 0.592121 -0.225623 0.912750
v 0.522981 -0.262609 0.178740
v 0.592121 -0.262609 0.178740
v 0.592121 -0.308702 0.178740
v 0.522981 -0.308702 0.178740
v 0.522981 -0.262609 0.691413
v 0.592121 -0.262609 0.691413
v 0.592121 -0.308702 0.691413
v 0.522981 -0.308702 0.691413
v -0.277019 -0.243575 0.144526
v -0.277019 -0.179530 0.912750
v -0.207878 -0.243575 0.144526
v -0.207878 -0.179530 0.912750
v -0.277019 -0.289669 0.144526
v -0.277019 -0.225623 0.912750
v -0.207878 -0.289669 0.144526
v -0.207878 -0.225623 0.912750
v -0.277019 -0.262609 0.178740
v -0.207878 -0.262609 0.178740
v -0.207878 -0.308702 0.178740
v -0.277019 -0.308702 0.178740
v -0.277019 -0.262609 0.691413
v -0.207878 -0.262609 0.691413
v -0.207878 -0.308702 0.691413
v -0.277019 -0.308702 0.691413
v -0.377019 -0.243575 0.144526
v -0.377019 -0.179530 0.912750
v -0.307879 -0.243575 0.144526
v -0.307879 -0.179530 0.912750
v -0.377019 -0.289669 0.144526
v -0.377019 -0.225623 0.912750
v -0.307879 -0.289669 0.144526
v -0.307879 -0.225623 0.912750
v -0.377019 -0.262609 0.178740
v -0.307879 -0.262609 0.178740
v -0.307879 -0.308702 0.178740
v -0.377019 -0.308702 0.178740
v -0.377019 -0.262609 0.691413
v -0.307879 -0.262609 0.691413
v -0.307879 -0.308702 0.691413
v -0.377019 -0.308702 0.691413
v -0.577019 -0.243575 0.144526
v -0.577019 -0.179530 0.912750
v -0.507879 -0.243575 0.144526
v -0.507879 -0.179530 0.912750
v -0.577019 -0.289669 0.144526
v -0.577019 -0.225623 0.912750
v -0.507879 -0.289669 0.144526
v -0.507879 -0.225623 0.912750
v -0.577019 -0.262609 0.178740
v -0.507879 -0.262609 0.178740
v -0.507879 -0.308702 0.178740
v -0.577019 -0.308702 0.178740
v -0.577019 -0.262609 0.691413
v -0.507879 -0.262609 0.691413
v -0.507879 -0.308702 0.691413
v -0.577019 -0.308702 0.691413
v -0.477019 -0.243575 0.144526
v -0.477019 -0.179530 0.912750
v -0.407879 -0.243575 0.144526
v -0.407879 -0.179530 0.912750
v -0.477019 -0.289669 0.144526
v -0.477019 -0.225623 0.912750
v -0.407879 -0.289669 0.144526
v -0.407879 -0.225623 0.912750
v -0.477019 -0.262609 0.178740
v -0.407879 -0.262609 0.178740
v -0.407879 -0.308702 0.178740
v -0.477019 -0.308702 0.178740
v -0.477019 -0.262609 0.691413
v -0.407879 -0.262609 0.691413
v -0.407879 -0.308702 0.691413
v -0.477019 -0.308702 0.691413
v -0.077019 -0.243575 0.144526
v -0.077019 -0.179530 0.912750
v -0.007878 -0.243575 0.144526
v -0.007878 -0.179530 0.912750
v -0.077019 -0.289669 0.144526
v -0.077019 -0.225623 0.912750
v -0.007878 -0.289669 0.144526
v -0.007878 -0.225623 0.912750
v -0.077019 -0.262609 0.178740
v -0.007878 -0.262609 0.178740
v -0.007878 -0.308702 0.178740
v -0.077019 -0.308702 0.178740
v -0.077019 -0.262609 0.691413
v -0.007878 -0.262609 0.691413
v -0.007878 -0.308702 0.691413
v -0.077019 -0.308702 0.691413
v -0.177019 -0.243575 0.144526
v -0.177019 -0.179530 0.912750
v -0.107879 -0.243575 0.144526
v -0.107879 -0.179530 0.912750
v -0.177019 -0.289669 0.144526
v -0.177019 -0.225623 0.912750
v -0.107879 -0.289669 0.144526
v -0.107879 -0.225623 0.912750
v -0.177019 -0.262609 0.178740
v -0.107879 -0.262609 0.178740
v -0.107879 -0.308702 0.178740
v -0.177019 -0.308702 0.178740
v -0.177019 -0.262609 0.691413
v -0.107879 -0.262609 0.691413
v -0.107879 -0.308702 0.691413
v -0.177019 -0.308702 0.691413
v 0.022981 -0.243575 0.144526
v 0.022981 -0.179530 0.912750
v 0.092121 -0.243575 0.144526
v 0.092121 -0.179530 0.912750
v 0.022981 -0.289669 0.144526
v 0.022981 -0.225623 0.912750
v 0.092121 -0.289669 0.144526
v 0.092121 -0.225623 0.912750
v 0.022981 -0.262609 0.178740
v 0.092121 -0.262609 0.178740
v 0.092121 -0.308702 0.178740
v 0.022981 -0.308702 0.178740
v 0.022981 -0.262609 0.691413
v 0.092121 -0.262609 0.691413
v 0.092121 -0.308702 0.691413
v 0.022981 -0.308702 0.691413
v 0.122981 -0.243575 0.144526
v 0.122981 -0.179530 0.912750
v 0.192121 -0.243575 0.144526
v 0.192121 -0.179530 0.912750
v 0.122981 -0.289669 0.144526
v 0.122981 -0.225623 0.912750
v 0.192121 -0.289669 0.144526
v 0.192121 -0.225623 0.912750
v 0.122981 -0.262609 0.178740
v 0.192121 -0.262609 0.178740
v 0.192121 -0.308702 0.178740
v 0.122981 -0.308702 0.178740
v 0.122981 -0.262609 0.691413
v 0.192121 -0.262609 0.691413
v 0.192121 -0.308702 0.691413
v 0.122981 -0.308702 0.691413
v -0.877019 -0.243575 0.144526
v -0.877019 -0.179530 0.912750
v -0.807879 -0.243575 0.144526
v -0.807879 -0.179530 0.912750
v -0.877019 -0.289669 0.144526
v -0.877019 -0.225623 0.912750
v -0.807879 -0.289669 0.144526
v -0.807879 -0.225623 0.912750
v -0.877019 -0.262609 0.178740
v -0.807879 -0.262609 0.178740
v -0.807879 -0.308702 0.178740
v -0.877019 -0.308702 0.178740
v -0.877019 -0.262609 0.691413
v -0.807879 -0.262609 0.691413
v -0.807879 -0.308702 0.691413
v -0.877019 -0.308702 0.691413
v -0.977019 -0.243575 0.144526
v -0.977019 -0.179530 0.912750
v -0.907879 -0.243575 0.144526
v -0.907879 -0.179530 0.912750
v -0.977019 -0.289669 0.144526
v -0.977019 -0.225623 0.912750
v -0.907879 -0.289669 0.144526
v -0.907879 -0.225623 0.912750
v -0.977019 -0.262609 0.178740
v -0.907879 -0.262609 0.178740
v -0.907879 -0.308702 0.178740
v -0.977019 -0.308702 0.178740
v -0.977019 -0.262609 0.691413
v -0.907879 -0.262609 0.691413
v -0.907879 -0.308702 0.691413
v -0.977019 -0.308702 0.691413
v -0.777019 -0.243575 0.144526
v -0.777019 -0.179530 0.912750
v -0.707879 -0.243575 0.144526
v -0.707879 -0.179530 0.912750
v -0.777019 -0.289669 0.144526
v -0.777019 -0.225623 0.912750
v -0.707879 -0.289669 0.144526
v -0.707879 -0.225623 0.912750
v -0.777019 -0.262609 0.178740
v -0.707879 -0.262609 0.178740
v -0.707879 -0.308702 0.178740
v -0.777019 -0.308702 0.178740
v -0.777019 -0.262609 0.691413
v -0.707879 -0.262609 0.691413
v -0.707879 -0.308702 0.691413
v -0.777019 -0.308702 0.691413
v -0.677019 -0.243575 0.144526
v -0.677019 -0.179530 0.912750
v -0.607879 -0.243575 0.144526
v -0.607879 -0.179530 0.912750
v -0.677019 -0.289669 0.144526
v -0.677019 -0.225623 0.912750
v -0.607879 -0.289669 0.144526
v -0.607879 -0.225623 0.912750
v -0.677019 -0.262609 0.178740
v -0.607879 -0.262609 0.178740
v -0.607879 -0.308702 0.178740
v -0.677019 -0.308702 0.178740
v -0.677019 -0.262609 0.691413
v -0.607879 -0.262609 0.691413
v -0.607879 -0.308702 0.691413
v -0.677019 -0.308702 0.691413
v -0.977019 0.243575 0.144526
v -0.977019 0.179529 0.912750
v -0.907879 0.243575 0.144526
v -0.907879 0.179529 0.912750
v -0.977019 0.289668 0.144526
v -0.977019 0.225623 0.912750
v -0.907879 0.289668 0.144526
v -0.907879 0.225623 0.912750
v -0.977019 0.262608 0.178740
v -0.907879 0.262608 0.178740
v -0.907879 0.308702 0.178740
v -0.977019 0.308702 0.178740
v -0.977019 0.262608 0.691413
v -0.907879 0.262608 0.691413
v -0.907879 0.308702 0.691413
v -0.977019 0.308702 0.691413
v -0.677019 0.243575 0.144526
v -0.677019 0.179529 0.912750
v -0.607878 0.243575 0.144526
v -0.607878 0.179529 0.912750
v -0.677019 0.289668 0.144526
v -0.677019 0.225623 0.912750
v -0.607878 0.289668 0.144526
v -0.607878 0.225623 0.912750
v -0.677019 0.262608 0.178740
v -0.607878 0.262608 0.178740
v -0.607878 0.308702 0.178740
v -0.677019 0.308702 0.178740
v -0.677019 0.262608 0.691413
v -0.607878 0.262608 0.691413
v -0.607878 0.308702 0.691413
v -0.677019 0.308702 0.691413
v -0.777019 0.243575 0.144526
v -0.777019 0.179529 0.912750
v -0.707878 0.243575 0.144526
v -0.707878 0.179529 0.912750
v -0.777019 0.289668 0.144526
v -0.777019 0.225623 0.912750
v -0.707878 0.289668 0.144526
v -0.707878 0.225623 0.912750
v -0.777019 0.262608 0.178740
v -0.707878 0.262608 0.178740
v -0.707878 0.308702 0.178740
v -0.777019 0.308702 0.178740
v -0.777019 0.262608 0.691413
v -0.707878 0.262608 0.691413
v -0.707878 0.308702 0.691413
v -0.777019 0.308702 0.691413
v -0.877019 0.243575 0.144526
v -0.877019 0.179529 0.912750
v -0.807878 0.243575 0.144526
v -0.807878 0.179529 0.912750
v -0.877019 0.289668 0.144526
v -0.877019 0.225623 0.912750
v -0.807878 0.289668 0.144526
v -0.807878 0.225623 0.912750
v -0.877019 0.262608 0.178740
v -0.807878 0.262608 0.178740
v -0.807878 0.308702 0.178740
v -0.877019 0.308702 0.178740
v -0.877019 0.262608 0.691413
v -0.807878 0.262608 0.691413
v -0.807878 0.308702 0.691413
v -0.877019 0.308702 0.691413
v 0.122981 0.243575 0.144526
v 0.122981 0.179529 0.912750
v 0.192122 0.243575 0.144526
v 0.192122 0.179529 0.912750
v 0.122981 0.289668 0.144526
v 0.122981 0.225623 0.912750
v 0.192122 0.289668 0.144526
v 0.192122 0.225623 0.912750
v 0.122981 0.262608 0.178740
v 0.192122 0.262608 0.178740
v 0.192122 0.308702 0.178740
v 0.122981 0.308702 0.178740
v 0.122981 0.262608 0.691413
v 0.192122 0.262608 0.691413
v 0.192122 0.308702 0.691413
v 0.122981 0.308702 0.691413
v 0.022981 0.243575 0.144526
v 0.022981 0.179529 0.912750
v 0.092122 0.243575 0.144526
v 0.092122 0.179529 0.912750
v 0.022981 0.289668 0.144526
v 0.022981 0.225623 0.912750
v 0.092122 0.289668 0.144526
v 0.092122 0.225623 0.912750
v 0.022981 0.262608 0.178740
v 0.092122 0.262608 0.178740
v 0.092122 0.308702 0.178740
v 0.022981 0.308702 0.178740
v 0.022981 0.262608 0.691413
v 0.092122 0.262608 0.691413
v 0.092122 0.308702 0.691413
v 0.022981 0.308702 0.691413
v -0.177019 0.243575 0.144526
v -0.177019 0.179529 0.912750
v -0.107878 0.243575 0.144526
v -0.107878 0.179529 0.912750
v -0.177019 0.289668 0.144526
v -0.177019 0.225623 0.912750
v -0.107878 0.289668 0.144526
v -0.107878 0.225623 0.912750
v -0.177019 0.262608 0.178740
v -0.107878 0.262608 0.178740
v -0.107878 0.308702 0.178740
v -0.177019 0.308702 0.178740
v -0.177019 0.262608 0.691413
v -0.107878 0.262608 0.691413
v -0.107878 0.308702 0.691413
v -0.177019 0.308702 0.691413
v -0.077019 0.243575 0.144526
v -0.077019 0.179529 0.912750
v -0.007878 0.243575 0.144526
v -0.007878 0.179529 0.912750
v -0.077019 0.289668 0.144526
v -0.077019 0.225623 0.912750
v -0.007878 0.289668 0.144526
v -0.007878 0.225623 0.912750
v -0.077019 0.262608 0.178740
v -0.007878 0.262608 0.178740
v -0.007878 0.308702 0.178740
v -0.077019 0.308702 0.178740
v -0.077019 0.262608 0.691413
v -0.007878 0.262608 0.691413
v -0.007878 0.308702 0.691413
v -0.077019 0.308702 0.691413
v -0.477019 0.243575 0.144526
v -0.477019 0.179529 0.912750
v -0.407878 0.243575 0.144526
v -0.407878 0.179529 0.912750
v -0.477019 0.289668 0.144526
v -0.477019 0.225623 0.912750
v -0.407878 0.289668 0.144526
v -0.407878 0.225623 0.912750
v -0.477019 0.262608 0.178740
v -0.407878 0.262608 0.178740
v -0.407878 0.308702 0.178740
v -0.477019 0.308702 0.178740
v -0.477019 0.262608 0.691413
v -0.407878 0.262608 0.691413
v -0.407878 0.308702 0.691413
v -0.477019 0.308702 0.691413
v -0.577019 0.243575 0.144526
v -0.577019 0.179529 0.912750
v -0.507878 0.243575 0.144526
v -0.507878 0.179529 0.912750
v -0.577019 0.289668 0.144526
v -0.577019 0.225623 0.912750
v -0.507878 0.289668 0.144526
v -0.507878 0.225623 0.912750
v -0.577019 0.262608 0.178740
v -0.507878 0.262608 0.178740
v -0.507878 0.308702 0.178740
v -0.577019 0.308702 0.178740
v -0.577019 0.262608 0.691413
v -0.507878 0.262608 0.691413
v -0.507878 0.308702 0.691413
v -0.577019 0.308702 0.691413
v -0.377019 0.243575 0.144526
v -0.377019 0.179529 0.912750
v -0.307878 0.243575 0.144526
v -0.307878 0.179529 0.912750
v -0.377019 0.289668 0.144526
v -0.377019 0.225623 0.912750
v -0.307878 0.289668 0.144526
v -0.307878 0.225623 0.912750
v -0.377019 0.262608 0.178740
v -0.307878 0.262608 0.178740
v -0.307878 0.308702 0.178740
v -0.377019 0.308702 0.178740
v -0.377019 0.262608 0.691413
v -0.307878 0.262608 0.691413
v -0.307878 0.308702 0.691413
v -0.377019 0.308702 0.691413
v -0.277019 0.243575 0.144526
v -0.277019 0.179529 0.912750
v -0.207878 0.243575 0.144526
v -0.207878 0.179529 0.912750
v -0.277019 0.289668 0.144526
v -0.277019 0.225623 0.912750
v -0.207878 0.289668 0.144526
v -0.207878 0.225623 0.912750
v -0.277019 0.262608 0.178740
v -0.207878 0.262608 0.178740
v -0.207878 0.308702 0.178740
v -0.277019 0.308702 0.178740
v -0.277019 0.262608 0.691413
v -0.207878 0.262608 0.691413
v -0.207878 0.308702 0.691413
v -0.277019 0.308702 0.691413
v 0.522981 0.243575 0.144526
v 0.522981 0.179529 0.912750
v 0.592122 0.243575 0.144526
v 0.592122 0.179529 0.912750
v 0.522981 0.289668 0.144526
v 0.522981 0.225623 0.912750
v 0.592122 0.289668 0.144526
v 0.592122 0.225623 0.912750
v 0.522981 0.262608 0.178740
v 0.592122 0.262608 0.178740
v 0.592122 0.308702 0.178740
v 0.522981 0.308702 0.178740
v 0.522981 0.262608 0.691413
v 0.592122 0.262608 0.691413
v 0.592122 0.308702 0.691413
v 0.522981 0.308702 0.691413
v 0.422981 0.243575 0.144526
v 0.422981 0.179529 0.912750
v 0.492122 0.243575 0.144526
v 0.492122 0.179529 0.912750
v 0.422981 0.289668 0.144526
v 0.422981 0.225623 0.912750
v 0.492122 0.289668 0.144526
v 0.492122 0.225623 0.912750
v 0.422981 0.262608 0.178740
v 0.492122 0.262608 0.178740
v 0.492122 0.308702 0.178740
v 0.422981 0.308702 0.178740
v 0.422981 0.262608 0.691413
v 0.492122 0.262608 0.691413
v 0.492122 0.308702 0.691413
v 0.422981 0.308702 0.691413
v 0.222982 0.243575 0.144526
v 0.222982 0.179529 0.912750
v 0.292122 0.243575 0.144526
v 0.292122 0.179529 0.912750
v 0.222982 0.289668 0.144526
v 0.222982 0.225623 0.912750
v 0.292122 0.289668 0.144526
v 0.292122 0.225623 0.912750
v 0.222982 0.262608 0.178740
v 0.292122 0.262608 0.178740
v 0.292122 0.308702 0.178740
v 0.222982 0.308702 0.178740
v 0.222982 0.262608 0.691413
v 0.292122 0.262608 0.691413
v 0.292122 0.308702 0.691413
v 0.222982 0.308702 0.691413
v 0.322981 0.243575 0.144526
v 0.322981 0.179529 0.912750
v 0.392122 0.243575 0.144526
v 0.392122 0.179529 0.912750
v 0.322981 0.289668 0.144526
v 0.322981 0.225623 0.912750
v 0.392122 0.289668 0.144526
v 0.392122 0.225623 0.912750
v 0.322981 0.262608 0.178740
v 0.392122 0.262608 0.178740
v 0.392122 0.308702 0.178740
v 0.322981 0.308702 0.178740
v 0.322981 0.262608 0.691413
v 0.392122 0.262608 0.691413
v 0.392122 0.308702 0.691413
v 0.322981 0.308702 0.691413
v 0.722981 0.243575 0.144526
v 0.722981 0.179529 0.912750
v 0.792122 0.243575 0.144526
v 0.792122 0.179529 0.912750
v 0.722981 0.289668 0.144526
v 0.722981 0.225623 0.912750
v 0.792122 0.289668 0.144526
v 0.792122 0.225623 0.912750
v 0.722981 0.262608 0.178740
v 0.792122 0.262608 0.178740
v 0.792122 0.308702 0.178740
v 0.722981 0.308702 0.178740
v 0.722981 0.262608 0.691413
v 0.792122 0.262608 0.691413
v 0.792122 0.308702 0.691413
v 0.722981 0.308702 0.691413
v 0.622981 0.243575 0.144526
v 0.622981 0.179529 0.912750
v 0.692122 0.243575 0.144526
v 0.692122 0.179529 0.912750
v 0.622981 0.289668 0.144526
v 0.622981 0.225623 0.912750
v 0.692122 0.289668 0.144526
v 0.692122 0.225623 0.912750
v 0.622981 0.262608 0.178740
v 0.692122 0.262608 0.178740
v 0.692122 0.308702 0.178740
v 0.622981 0.308702 0.178740
v 0.622981 0.262608 0.691413
v 0.692122 0.262608 0.691413
v 0.692122 0.308702 0.691413
v 0.622981 0.308702 0.691413
v 0.822981 0.243575 0.144526
v 0.822981 0.179529 0.912750
v 0.892122 0.243575 0.144526
v 0.892122 0.179529 0.912750
v 0.822981 0.289668 0.144526
v 0.822981 0.225623 0.912750
v 0.892122 0.289668 0.144526
v 0.892122 0.225623 0.912750
v 0.822981 0.262608 0.178740
v 0.892122 0.262608 0.178740
v 0.892122 0.308702 0.178740
v 0.822981 0.308702 0.178740
v 0.822981 0.262608 0.691413
v 0.892122 0.262608 0.691413
v 0.892122 0.308702 0.691413
v 0.822981 0.308702 0.691413
v 0.922981 0.243575 0.144526
v 0.922981 0.179529 0.912750
v 0.992122 0.243575 0.144526
v 0.992122 0.179529 0.912750
v 0.922981 0.289668 0.144526
v 0.922981 0.225623 0.912750
v 0.992122 0.289668 0.144526
v 0.992122 0.225623 0.912750
v 0.922981 0.262608 0.178740
v 0.992122 0.262608 0.178740
v 0.992122 0.308702 0.178740
v 0.922981 0.308702 0.178740
v 0.922981 0.262608 0.691413
v 0.992122 0.262608 0.691413
v 0.992122 0.308702 0.691413
v 0.922981 0.308702 0.691413
v 0.417916 0.334434 0.887262
v 0.405233 0.519216 0.968671
v 0.402901 0.314666 0.932789
v 0.392941 0.503032 1.005941
v 0.357188 0.304837 0.955208
v 0.355519 0.494986 1.024294
v 0.307555 0.310705 0.941387
v 0.314887 0.499789 1.012980
v 0.283076 0.328832 0.899422
v 0.294847 0.514630 0.978625
v 0.298091 0.348601 0.853896
v 0.307139 0.530813 0.941355
v 0.343804 0.358430 0.831476
v 0.344562 0.538860 0.923002
v 0.393437 0.352562 0.845297
v 0.385193 0.534056 0.934316
v 0.402445 0.499955 1.013095
v 0.417460 0.519724 0.967568
v 0.356733 0.490126 1.035514
v 0.307099 0.495994 1.021693
v 0.282620 0.514122 0.979728
v 0.297635 0.533890 0.934201
v 0.343348 0.543719 0.911782
v 0.392981 0.537851 0.925603
v 0.392956 0.497097 1.003368
v 0.405248 0.513280 0.966098
v 0.355533 0.489050 1.021722
v 0.314902 0.493854 1.010407
v 0.294862 0.508694 0.976053
v 0.307154 0.524878 0.938783
v 0.344576 0.532924 0.920429
v 0.385208 0.528120 0.931744
v 0.418240 0.202457 0.830062
v 0.403226 0.182689 0.875589
v 0.357513 0.172859 0.898008
v 0.307880 0.178727 0.884187
v 0.283401 0.196855 0.842222
v 0.298415 0.216624 0.796696
v 0.344128 0.226453 0.774276
v 0.393761 0.220585 0.788097
v 0.059572 0.334434 0.887262
v 0.046890 0.519216 0.968671
v 0.044558 0.314666 0.932789
v 0.034598 0.503032 1.005941
v -0.001155 0.304837 0.955208
v -0.002825 0.494986 1.024294
v -0.050788 0.310705 0.941387
v -0.043457 0.499789 1.012980
v -0.075267 0.328832 0.899422
v -0.063496 0.514630 0.978625
v -0.060253 0.348601 0.853896
v -0.051205 0.530813 0.941355
v -0.014540 0.358430 0.831476
v -0.013782 0.538860 0.923002
v 0.035093 0.352562 0.845297
v 0.026850 0.534056 0.934316
v 0.044102 0.499955 1.013095
v 0.059117 0.519724 0.967568
v -0.001611 0.490126 1.035514
v -0.051244 0.495994 1.021693
v -0.075723 0.514122 0.979728
v -0.060709 0.533890 0.934201
v -0.014996 0.543719 0.911782
v 0.034638 0.537851 0.925603
v 0.034613 0.497097 1.003368
v 0.046904 0.513280 0.966098
v -0.002810 0.489050 1.021722
v -0.043442 0.493854 1.010407
v -0.063482 0.508694 0.976053
v -0.051190 0.524878 0.938783
v -0.013767 0.532924 0.920429
v 0.026865 0.528120 0.931744
v 0.059897 0.202457 0.830062
v 0.044882 0.182689 0.875589
v -0.000831 0.172859 0.898008
v -0.050464 0.178727 0.884187
v -0.074943 0.196855 0.842222
v -0.059928 0.216624 0.796696
v -0.014215 0.226453 0.774276
v 0.035418 0.220585 0.788097
v -0.290831 0.334434 0.887262
v -0.303513 0.519216 0.968671
v -0.305845 0.314666 0.932789
v -0.315805 0.503032 1.005941
v -0.351558 0.304837 0.955208
v -0.353227 0.494986 1.024294
v -0.401191 0.310705 0.941387
v -0.393859 0.499789 1.012980
v -0.425670 0.328832 0.899422
v -0.413899 0.514630 0.978625
v -0.410656 0.348601 0.853896
v -0.401607 0.530813 0.941355
v -0.364943 0.358430 0.831476
v -0.364185 0.538860 0.923002
v -0.315310 0.352562 0.845297
v -0.323553 0.534056 0.934316
v -0.306301 0.499955 1.013095
v -0.291286 0.519724 0.967568
v -0.352014 0.490126 1.035514
v -0.401647 0.495994 1.021693
v -0.426126 0.514122 0.979728
v -0.411111 0.533890 0.934201
v -0.365398 0.543719 0.911782
v -0.315765 0.537851 0.925603
v -0.315790 0.497097 1.003368
v -0.303499 0.513280 0.966098
v -0.353213 0.489050 1.021722
v -0.393845 0.493854 1.010407
v -0.413884 0.508694 0.976053
v -0.401593 0.524878 0.938783
v -0.364170 0.532924 0.920429
v -0.323538 0.528120 0.931744
v -0.290506 0.202457 0.830062
v -0.305521 0.182689 0.875589
v -0.351234 0.172859 0.898008
v -0.400867 0.178727 0.884187
v -0.425346 0.196855 0.842222
v -0.410331 0.216624 0.796696
v -0.364618 0.226453 0.774276
v -0.314985 0.220585 0.788097
v -0.290831 -0.334487 0.887262
v -0.303513 -0.519268 0.968671
v -0.305845 -0.314718 0.932789
v -0.315805 -0.503084 1.005941
v -0.351558 -0.304889 0.955208
v -0.353227 -0.495038 1.024294
v -0.401191 -0.310757 0.941387
v -0.393859 -0.499842 1.012980
v -0.425670 -0.328885 0.899422
v -0.413899 -0.514682 0.978625
v -0.410656 -0.348653 0.853896
v -0.401607 -0.530865 0.941355
v -0.364943 -0.358482 0.831476
v -0.364185 -0.538912 0.923002
v -0.315310 -0.352614 0.845297
v -0.323553 -0.534108 0.934316
v -0.306301 -0.500007 1.013095
v -0.291286 -0.519776 0.967568
v -0.352014 -0.490178 1.035514
v -0.401647 -0.496046 1.021693
v -0.426126 -0.514174 0.979728
v -0.411111 -0.533942 0.934201
v -0.365398 -0.543772 0.911782
v -0.315765 -0.537904 0.925603
v -0.315790 -0.497149 1.003368
v -0.303499 -0.513332 0.966098
v -0.353213 -0.489102 1.021722
v -0.393845 -0.493906 1.010407
v -0.413884 -0.508747 0.976053
v -0.401593 -0.524930 0.938783
v -0.364170 -0.532976 0.920429
v -0.323538 -0.528173 0.931744
v -0.290506 -0.202509 0.830062
v -0.305521 -0.182741 0.875589
v -0.351233 -0.172912 0.898008
v -0.400867 -0.178780 0.884187
v -0.425346 -0.196907 0.842222
v -0.410331 -0.216676 0.796696
v -0.364618 -0.226505 0.774276
v -0.314985 -0.220637 0.788097
v 0.059572 -0.334487 0.887262
v 0.046890 -0.519268 0.968671
v 0.044558 -0.314718 0.932789
v 0.034598 -0.503084 1.005941
v -0.001155 -0.304889 0.955208
v -0.002825 -0.495038 1.024294
v -0.050788 -0.310757 0.941387
v -0.043457 -0.499842 1.012980
v -0.075267 -0.328885 0.899422
v -0.063496 -0.514682 0.978625
v -0.060253 -0.348653 0.853896
v -0.051205 -0.530865 0.941355
v -0.014540 -0.358482 0.831476
v -0.013782 -0.538912 0.923002
v 0.035093 -0.352614 0.845297
v 0.026850 -0.534108 0.934316
v 0.044102 -0.500007 1.013095
v 0.059117 -0.519776 0.967568
v -0.001611 -0.490178 1.035514
v -0.051244 -0.496046 1.021693
v -0.075723 -0.514174 0.979728
v -0.060709 -0.533942 0.934201
v -0.014996 -0.543772 0.911782
v 0.034638 -0.537904 0.925603
v 0.034613 -0.497149 1.003368
v 0.046904 -0.513332 0.966098
v -0.002810 -0.489102 1.021722
v -0.043442 -0.493906 1.010407
v -0.063482 -0.508747 0.976053
v -0.051190 -0.524930 0.938783
v -0.013767 -0.532976 0.920429
v 0.026865 -0.528173 0.931744
v 0.059897 -0.202509 0.830062
v 0.044882 -0.182741 0.875589
v -0.000831 -0.172912 0.898008
v -0.050464 -0.178780 0.884187
v -0.074943 -0.196907 0.842222
v -0.059928 -0.216676 0.796696
v -0.014215 -0.226505 0.774276
v 0.035418 -0.220637 0.788097
v 0.417916 -0.334487 0.887262
v 0.405233 -0.519268 0.968671
v 0.402901 -0.314718 0.932789
v 0.392941 -0.503084 1.005941
v 0.357188 -0.304889 0.955208
v 0.355519 -0.495038 1.024294
v 0.307555 -0.310757 0.941387
v 0.314887 -0.499842 1.012980
v 0.283076 -0.328885 0.899422
v 0.294847 -0.514682 0.978625
v 0.298091 -0.348653 0.853896
v 0.307139 -0.530865 0.941355
v 0.343804 -0.358482 0.831476
v 0.344562 -0.538912 0.923002
v 0.393437 -0.352614 0.845297
v 0.385193 -0.534108 0.934316
v 0.402445 -0.500007 1.013095
v 0.417460 -0.519776 0.967568
v 0.356733 -0.490178 1.035514
v 0.307099 -0.496046 1.021693
v 0.282620 -0.514174 0.979728
v 0.297635 -0.533942 0.934201
v 0.343348 -0.543772 0.911782
v 0.392981 -0.537904 0.925603
v 0.392956 -0.497149 1.003368
v 0.405248 -0.513332 0.966098
v 0.355533 -0.489102 1.021722
v 0.314902 -0.493906 1.010407
v 0.294862 -0.508747 0.976053
v 0.307154 -0.524930 0.938783
v 0.344576 -0.532976 0.920429
v 0.385208 -0.528173 0.931744
v 0.418240 -0.202509 0.830062
v 0.403226 -0.182741 0.875589
v 0.357513 -0.172912 0.898008
v 0.307880 -0.178780 0.884187
v 0.283401 -0.196907 0.842222
v 0.298415 -0.216676 0.796696
v 0.344128 -0.226505 0.774276
v 0.393761 -0.220637 0.788097
v -0.118793 0.232755 0.500719
v -0.141129 0.599863 0.500719
v -0.154866 0.232755 0.587809
v -0.170661 0.599863 0.572015
v -0.241956 0.232755 0.623883
v -0.241956 0.599863 0.601546
v -0.329046 0.232755 0.587809
v -0.313251 0.599863 0.572015
v -0.365119 0.232755 0.500719
v -0.342783 0.599863 0.500719
v -0.329046 0.232755 0.413630
v -0.313251 0.599863 0.429424
v -0.241956 0.232755 0.377556
v -0.241956 0.599863 0.399892
v -0.154866 0.232755 0.413630
v -0.170661 0.599863 0.429424
v -0.154866 0.599863 0.587809
v -0.118793 0.599863 0.500719
v -0.241956 0.599863 0.623883
v -0.329046 0.599863 0.587809
v -0.365119 0.599863 0.500719
v -0.329046 0.599863 0.413630
v -0.241956 0.599863 0.377556
v -0.154866 0.599863 0.413630
v -0.170661 0.588104 0.572015
v -0.141129 0.588104 0.500719
v -0.241956 0.588104 0.601546
v -0.313251 0.588104 0.572015
v -0.342783 0.588104 0.500719
v -0.313251 0.588104 0.429424
v -0.241956 0.588104 0.399892
v -0.170661 0.588104 0.429424
vn 0.9239 -0.0000 0.3827
vn 0.3827 -0.0000 0.9239
vn -0.3827 -0.0000 0.9239
vn -0.9239 -0.0000 0.3827
vn -0.9239 -0.0000 -0.3827
vn -0.3827 -0.0000 -0.9239
vn 0.3827 -0.0000 -0.9239
vn 0.9239 -0.0000 -0.3827
vn -0.0000 1.0000 -0.0000
vn -0.0000 -1.0000 -0.0000
vn -0.0000 0.9425 -0.3343
vn 0.7889 -0.0000 0.6145
vn -0.0000 -0.9330 -0.3598
vn -1.0000 -0.0000 -0.0000
vn -0.0000 -0.0000 -1.0000
vn -0.0000 0.7178 0.6962
vn -0.0000 -0.0000 1.0000
vn -0.0015 -0.7091 0.7051
vn -0.0000 0.9425 0.3343
vn 0.7889 -0.0000 -0.6145
vn -0.0000 -0.9310 0.3650
vn -0.0000 0.7132 -0.7009
vn -0.0000 -0.7184 -0.6957
vn -0.0000 -0.9310 -0.3651
vn -0.4914 -0.0000 -0.8709
vn -0.0000 0.9310 0.3651
vn 1.0000 -0.0000 -0.0000
vn -0.0000 0.9316 -0.3635
vn -0.4991 -0.0000 0.8665
vn -0.0000 -0.9316 0.3635
vn -0.0000 0.9310 -0.3651
vn -0.0000 -0.9310 0.3651
vn -0.0000 -0.9316 -0.3635
vn -0.0000 0.9316 0.3635
vn -0.0000 -1.0000 -0.0087
vn -0.0000 0.0087 -1.0000
vn -0.0000 1.0000 0.0087
vn -0.0000 -0.7133 0.7009
vn -0.0000 -0.7009 -0.7133
vn -0.0000 0.7009 0.7133
vn -0.0000 -0.0087 1.0000
vn -0.0000 0.7133 -0.7009
vn -0.0000 0.7009 0.7132
vn -0.1231 0.8738 -0.4705
vn -0.1231 0.8738 0.4705
vn 0.1231 0.8738 -0.4705
vn 0.1231 0.8738 0.4705
vn -0.1231 -0.8738 -0.4705
vn -0.1231 -0.8738 0.4705
vn 0.1231 -0.8738 -0.4705
vn 0.1231 -0.8738 0.4705
vn -0.0000 0.8805 -0.4741
vn -0.1319 0.9355 0.3277
vn -0.0000 0.8805 0.4741
vn 0.1396 0.9902 -0.0000
vn 0.2532 -0.0000 -0.9674
vn 0.2532 -0.0000 0.9674
vn 0.1396 -0.9902 -0.0000
vn -0.0000 -0.8805 -0.4741
vn -0.0000 -0.8805 0.4741
vn -0.1396 -0.9902 -0.0000
vn -0.2532 -0.0000 -0.9674
vn -0.2532 -0.0000 0.9674
vn -0.0000 0.9438 0.3306
vn -0.0000 -0.9438 0.3306
vn -0.1319 -0.9355 0.3277
vn 0.1319 -0.9355 0.3277
vn 0.1319 0.9355 0.3277
vn -0.1396 0.9902 -0.0000
vn -0.8397 -0.4892 0.2357
vn 0.0001 -1.0000 0.0004
vn 0.8427 -0.4882 -0.2268
vn 0.8609 0.4510 -0.2353
vn -0.0001 1.0000 -0.0004
vn -0.8577 0.4529 0.2435
vn -0.1973 -0.4942 0.8467
vn -0.0001 -1.0000 0.0003
vn 0.1926 -0.4950 -0.8473
vn 0.2011 0.4360 -0.8772
vn -0.0000 1.0000 -0.0002
vn -0.2056 0.4379 0.8752
vn 0.0007 -0.4976 0.8674
vn 0.0005 -1.0000 0.0004
vn -0.0002 -0.4982 -0.8670
vn -0.0007 0.4967 -0.8679
vn -0.0005 1.0000 -0.0005
vn 0.0002 0.4973 0.8676
vn 0.2201 -0.4962 0.8398
vn 0.0027 -1.0000 0.0002
vn -0.2150 -0.4978 -0.8403
vn -0.2218 0.4720 -0.8532
vn -0.0024 1.0000 0.0009
vn 0.2217 0.4739 0.8522
vn 0.7398 -0.4830 0.4684
vn -0.0039 -1.0000 0.0035
vn -0.7432 -0.4824 -0.4636
vn -0.7448 0.4729 -0.4707
vn 0.0037 1.0000 -0.0036
vn 0.7469 0.4728 0.4676
vn -0.2150 -0.4978 -0.8402
vn -0.0000 -0.8935 0.4491
vn -0.0000 0.8935 -0.4491
vn -0.9955 -0.0000 -0.0950
vn 0.9955 -0.0000 -0.0950
vn -0.0000 0.8935 0.4491
vn -0.0000 -0.8935 -0.4491
vn -0.0000 0.9362 -0.3514
vn -0.0000 -0.9362 0.3514
vn -0.0000 -0.8739 -0.4861
vn -0.0000 0.8739 0.4861
vn -0.0000 -0.9362 -0.3514
vn -0.0000 0.9362 0.3514
vn -0.0000 0.8739 -0.4861
vn -0.0000 -0.8739 0.4861
vn 0.9572 -0.1132 0.2665
vn 0.4721 -0.3496 0.8093
vn -0.2896 -0.3812 0.8780
vn -0.8816 -0.1896 0.4323
vn -0.9572 0.1132 -0.2665
vn -0.4721 0.3496 -0.8093
vn -0.8816 -0.1896 0.4324
vn 0.2896 0.3812 -0.8780
vn 0.8816 0.1896 -0.4323
vn -0.0023 0.9175 0.3977
vn 0.0023 -0.9175 -0.3977
vn 0.2895 0.3812 -0.8780
vn 0.9572 0.1132 0.2665
vn 0.4721 0.3496 0.8093
vn -0.2895 0.3812 0.8780
vn -0.8816 0.1896 0.4323
vn -0.9572 -0.1132 -0.2665
vn -0.4721 -0.3496 -0.8093
vn 0.2896 -0.3812 -0.8780
vn 0.8816 -0.1896 -0.4324
vn -0.0023 -0.9175 0.3977
vn 0.8816 -0.1896 -0.4323
vn -0.2896 0.3812 0.8780
vn 0.0023 0.9175 -0.3977
vn -0.8816 0.1896 0.4324
vn 0.8816 -0.1895 -0.4324
vn 0.9320 -0.0000 0.3624
vn 0.7333 0.4880 0.4734
vn -0.3226 -0.6712 0.6674
vn 0.0008 0.7132 0.7010
vn -0.0000 -0.7184 0.6957
vn 0.9320 -0.0000 -0.3624
vn -0.3226 -0.6712 -0.6674
vn 0.7349 0.4837 -0.4754
vn 0.0008 0.7086 -0.7056
vn -0.0015 -0.7091 -0.7051
vn -0.8575 -0.4530 0.2438
vn 0.8611 -0.4509 -0.2350
vn 0.8426 0.4883 -0.2272
vn -0.8398 0.4892 0.2354
vn -0.2057 -0.4373 0.8755
vn -0.0000 -1.0000 0.0002
vn 0.2010 -0.4366 -0.8769
vn 0.1927 0.4945 -0.8476
vn 0.0001 1.0000 -0.0003
vn -0.1973 0.4947 0.8464
vn 0.0007 -0.4967 0.8679
vn 0.0005 -1.0000 0.0005
vn -0.0002 -0.4973 -0.8676
vn -0.0007 0.4976 -0.8674
vn -0.0005 1.0000 -0.0004
vn 0.0002 0.4982 0.8670
vn 0.2242 -0.4724 0.8524
vn 0.0024 -1.0000 -0.0009
vn -0.2193 -0.4734 -0.8531
vn -0.2177 0.4964 -0.8404
vn -0.0027 1.0000 -0.0002
vn 0.2175 0.4976 0.8397
vn 0.7442 -0.4731 0.4715
vn -0.0037 -1.0000 0.0036
vn -0.7475 -0.4727 -0.4668
vn -0.7403 0.4832 -0.4675
vn 0.0039 1.0000 -0.0035
vn 0.7427 0.4823 0.4645
vn 0.8426 0.4882 -0.2272
vn 0.8816 0.1895 -0.4323
vn -0.2895 -0.3812 0.8780
vn -0.0022 -0.9175 0.3977
vn 0.2895 -0.3812 -0.8780
vn 0.8816 -0.1895 -0.4323
vt 1.000000 0.500000
vt 0.875000 1.000000
vt 0.875000 0.500000
vt 0.750000 1.000000
vt 0.750000 0.500000
vt 0.625000 0.500000
vt 0.625000 1.000000
vt 0.500000 0.500000
vt 0.500000 1.000000
vt 0.375000 0.500000
vt 0.250000 1.000000
vt 0.250000 0.500000
vt 0.111072 0.388929
vt 0.250000 0.446475
vt 0.125000 0.500000
vt 0.125000 1.000000
vt 0.000000 0.500000
vt 0.919706 0.080294
vt 0.580294 0.080294
vt 0.580294 0.419706
vt 0.388929 0.388929
vt 0.250000 0.490000
vt 0.446475 0.250000
vt 0.419706 0.419706
vt 0.388928 0.111072
vt 0.490000 0.250000
vt 0.250000 0.010000
vt 0.419706 0.080294
vt 0.111072 0.111072
vt 0.250000 0.053525
vt 0.053525 0.250000
vt 0.080294 0.080294
vt 0.080294 0.419706
vt 0.010000 0.250000
vt 0.375000 0.000000
vt 0.625000 0.250000
vt 0.625000 0.000000
vt 0.625000 0.421806
vt 0.625000 0.329110
vt 0.375000 0.750000
vt 0.375000 1.000000
vt 0.625000 0.829224
vt 0.125000 0.750000
vt 0.625000 0.750000
vt 0.703194 0.500000
vt 0.704224 0.750000
vt 0.795890 0.500000
vt 0.797949 0.750000
vt 0.375000 0.250000
vt 0.625000 0.922949
vt 0.875000 0.750000
vt 0.552112 0.000000
vt 0.552112 0.250000
vt 0.552112 0.500000
vt 0.552112 0.750000
vt 0.552112 1.000000
vt 0.449405 0.750000
vt 0.449405 0.500000
vt 0.449405 0.000000
vt 0.449405 1.000000
vt 0.449405 0.250000
vt 0.000000 0.000000
vt 0.137776 0.737223
vt 0.125000 0.737224
vt 0.137776 0.750000
vt 0.612224 0.000000
vt 0.612224 0.012776
vt 0.625000 0.012776
vt 0.137776 0.512776
vt 0.137776 0.500000
vt 0.125000 0.512777
vt 0.625000 0.249781
vt 0.612224 0.237224
vt 0.612224 0.262746
vt 0.362224 0.737223
vt 0.385947 0.761862
vt 0.387746 0.737223
vt 0.636862 0.739053
vt 0.612224 0.737254
vt 0.612224 0.762776
vt 0.362224 0.512776
vt 0.387746 0.512776
vt 0.385947 0.488138
vt 0.636862 0.510947
vt 0.612224 0.487224
vt 0.612224 0.512746
vt 0.552751 0.000000
vt 0.552752 0.237224
vt 0.387776 0.262776
vt 0.552751 0.262754
vt 0.552267 0.487466
vt 0.552743 0.512754
vt 0.552743 0.737246
vt 0.552267 0.762534
vt 0.625000 0.987224
vt 0.552751 0.012776
vt 0.552751 0.987224
vt 0.862224 0.512776
vt 0.387776 0.987223
vt 0.387776 0.237224
vt 0.387776 0.012776
vt 0.387776 0.000000
vt 0.000000 0.833333
vt 0.166667 1.000000
vt 0.000000 1.000000
vt 0.166667 0.166667
vt 0.000000 0.166667
vt 0.166667 0.333333
vt 0.000000 0.333333
vt 0.166667 0.500000
vt 0.000000 0.666667
vt 0.166667 0.666667
vt 0.166667 0.833333
vt 0.333333 0.833333
vt 0.333333 1.000000
vt 0.333333 0.000000
vt 0.333333 0.166667
vt 0.333333 0.333333
vt 0.333333 0.500000
vt 0.333333 0.666667
vt 0.500000 0.833333
vt 0.666667 1.000000
vt 0.500000 0.000000
vt 0.666667 0.166667
vt 0.500000 0.166667
vt 0.666667 0.333333
vt 0.500000 0.333333
vt 0.666667 0.500000
vt 0.500000 0.666667
vt 0.666667 0.666667
vt 0.666667 0.833333
vt 0.833333 1.000000
vt 0.666667 0.000000
vt 0.833333 0.166667
vt 0.833333 0.333333
vt 0.833333 0.500000
vt 0.833333 0.666667
vt 0.833333 0.833333
vt 1.000000 0.833333
vt 1.000000 1.000000
vt 1.000000 0.000000
vt 1.000000 0.166667
vt 1.000000 0.333333
vt 1.000000 0.666667
vt 0.548684 0.250000
vt 0.548684 0.000000
vt 0.548684 0.500000
vt 0.548684 0.750000
vt 0.548684 1.000000
vt 0.919706 0.419706
vt 0.552971 0.250000
vt 0.552971 0.000000
vt 0.552971 0.750000
vt 0.552971 0.500000
vt 0.552971 1.000000
vt 0.386134 1.000000
vt 0.386134 0.750000
vt 0.386134 0.500000
vt 0.386134 0.250000
vt 0.386134 0.000000
vt 0.750000 0.490000
vt 0.990000 0.250000
vt 0.750000 0.010000
vt 0.510000 0.250000
vt 0.612224 0.987224
vt 0.862224 0.737223
vt 0.166667 0.000000
vt 0.833333 0.000000
s 0
usemtl Material.009
f 1/1/1 3/3/1 17/2/1
f 3/3/2 5/5/2 19/4/2
f 19/4/3 5/5/3 7/6/3
f 20/7/4 7/6/4 9/8/4
f 21/9/5 9/8/5 11/10/5
f 11/10/6 13/12/6 23/11/6
f 16/13/4 2/14/4 26/14/4
f 23/11/7 13/12/7 15/15/7
f 24/16/8 15/15/8 1/17/8
f 7/18/9 15/20/9 11/19/9
f 4/21/10 2/14/10 18/22/10
f 6/23/10 4/21/10 17/24/10
f 8/25/10 6/23/10 19/26/10
f 8/25/10 20/28/10 21/27/10
f 12/29/10 10/30/10 21/27/10
f 14/31/10 12/29/10 22/32/10
f 14/31/10 23/34/10 24/33/10
f 16/13/10 24/33/10 18/22/10
f 31/31/10 27/23/10 29/30/10
f 12/29/2 14/31/2 31/31/2
f 8/25/8 10/30/8 29/30/8
f 4/21/6 6/23/6 27/23/6
f 14/31/3 16/13/3 32/13/3
f 10/30/1 12/29/1 30/29/1
f 6/23/7 8/25/7 28/25/7
f 2/14/5 4/21/5 25/21/5
f 1/1/1 17/2/1 18/140/1
f 3/3/2 19/4/2 17/2/2
f 19/4/3 7/6/3 20/7/3
f 20/7/4 9/8/4 21/9/4
f 21/9/5 11/10/5 22/41/5
f 11/10/6 23/11/6 22/41/6
f 16/13/4 26/14/4 32/13/4
f 23/11/7 15/15/7 24/16/7
f 24/16/8 1/17/8 18/105/8
f 15/20/9 3/150/9 1/161/9
f 3/150/9 7/18/9 5/162/9
f 7/18/9 11/19/9 9/163/9
f 11/19/9 15/20/9 13/164/9
f 15/20/9 7/18/9 3/150/9
f 4/21/10 18/22/10 17/24/10
f 6/23/10 17/24/10 19/26/10
f 8/25/10 19/26/10 20/28/10
f 8/25/10 21/27/10 10/30/10
f 12/29/10 21/27/10 22/32/10
f 14/31/10 22/32/10 23/34/10
f 14/31/10 24/33/10 16/13/10
f 16/13/10 18/22/10 2/14/10
f 27/23/10 26/14/10 25/21/10
f 26/14/10 31/31/10 32/13/10
f 31/31/10 29/30/10 30/29/10
f 29/30/10 27/23/10 28/25/10
f 27/23/10 31/31/10 26/14/10
f 12/29/2 31/31/2 30/29/2
f 8/25/8 29/30/8 28/25/8
f 4/21/6 27/23/6 25/21/6
f 14/31/3 32/13/3 31/31/3
f 10/30/1 30/29/1 29/30/1
f 6/23/7 28/25/7 27/23/7
f 2/14/5 25/21/5 26/14/5
usemtl Material.005
f 33/35/11 34/37/11 36/36/11
f 39/10/12 43/39/12 44/38/12
f 37/40/13 39/10/13 40/6/13
f 37/40/14 41/42/14 33/41/14
f 33/43/15 35/15/15 39/10/15
f 38/44/16 40/6/16 44/45/16
f 41/46/17 44/45/17 43/47/17
f 42/48/18 43/47/18 36/3/18
f 45/35/19 47/49/19 48/36/19
f 55/39/20 51/10/20 56/38/20
f 52/6/21 51/10/21 49/40/21
f 49/40/14 45/41/14 54/50/14
f 51/10/17 47/15/17 45/43/17
f 56/45/22 52/6/22 50/44/22
f 53/46/15 54/48/15 55/47/15
f 54/48/23 46/51/23 48/3/23
f 69/52/24 70/53/24 60/36/24
f 60/36/25 70/53/25 71/54/25
f 64/6/26 71/54/26 72/55/26
f 72/55/27 69/56/27 58/7/27
f 63/10/17 59/15/17 57/43/17
f 60/3/15 64/6/15 62/44/15
f 68/57/27 61/40/27 57/41/27
f 63/10/28 61/40/28 68/57/28
f 59/49/29 63/10/29 67/58/29
f 65/59/30 57/35/30 59/49/30
f 72/55/27 68/57/27 65/60/27
f 71/54/9 67/58/9 68/57/9
f 70/53/14 66/61/14 67/58/14
f 69/52/10 65/59/10 66/61/10
f 85/52/31 74/37/31 76/36/31
f 87/54/25 86/53/25 76/36/25
f 88/55/32 87/54/32 80/6/32
f 88/55/27 78/44/27 74/7/27
f 73/43/17 75/15/17 79/10/17
f 78/44/15 80/6/15 76/3/15
f 73/41/27 77/40/27 84/57/27
f 79/10/33 83/58/33 84/57/33
f 75/49/29 82/61/29 83/58/29
f 75/49/34 73/35/34 81/59/34
f 81/60/27 84/57/27 88/55/27
f 84/57/10 83/58/10 87/54/10
f 83/58/14 82/61/14 86/53/14
f 82/61/9 81/59/9 85/52/9
f 33/35/11 36/36/11 35/49/11
f 36/36/141 39/10/141 35/49/141
f 39/10/142 44/38/142 40/6/142
f 43/39/143 39/10/143 36/36/143
f 37/40/13 40/6/13 38/44/13
f 33/41/14 42/50/14 34/7/14
f 41/42/14 37/40/14 38/44/14
f 33/41/14 41/42/14 42/50/14
f 33/43/15 39/10/15 37/40/15
f 38/44/144 44/45/144 41/46/144
f 41/46/17 43/47/17 42/48/17
f 42/48/145 36/3/145 34/51/145
f 45/35/19 48/36/19 46/37/19
f 51/10/146 48/36/146 47/49/146
f 51/10/147 55/39/147 48/36/147
f 56/38/148 51/10/148 52/6/148
f 52/6/21 49/40/21 50/44/21
f 49/40/14 53/42/14 50/44/14
f 54/50/14 45/41/14 46/7/14
f 49/40/14 54/50/14 53/42/14
f 51/10/17 45/43/17 49/40/17
f 56/45/149 50/44/149 53/46/149
f 53/46/15 55/47/15 56/45/15
f 54/48/150 48/3/150 55/47/150
f 69/52/24 60/36/24 58/37/24
f 60/36/25 71/54/25 64/6/25
f 64/6/26 72/55/26 62/44/26
f 72/55/27 58/7/27 62/44/27
f 63/10/17 57/43/17 61/40/17
f 60/3/15 62/44/15 58/51/15
f 68/57/27 57/41/27 65/60/27
f 63/10/28 68/57/28 67/58/28
f 59/49/29 67/58/29 66/61/29
f 65/59/30 59/49/30 66/61/30
f 72/55/27 65/60/27 69/56/27
f 71/54/9 68/57/9 72/55/9
f 70/53/14 67/58/14 71/54/14
f 69/52/10 66/61/10 70/53/10
f 85/52/31 76/36/31 86/53/31
f 87/54/25 76/36/25 80/6/25
f 88/55/32 80/6/32 78/44/32
f 88/55/27 74/7/27 85/56/27
f 73/43/17 79/10/17 77/40/17
f 78/44/15 76/3/15 74/51/15
f 73/41/27 84/57/27 81/60/27
f 79/10/33 84/57/33 77/40/33
f 75/49/29 83/58/29 79/10/29
f 75/49/34 81/59/34 82/61/34
f 81/60/27 88/55/27 85/56/27
f 84/57/10 87/54/10 88/55/10
f 83/58/14 86/53/14 87/54/14
f 82/61/9 85/52/9 86/53/9
usemtl Material.003
f 95/62/14 91/62/14 93/62/14
f 104/62/27 103/62/27 111/62/27
f 95/62/35 94/62/35 102/62/35
f 93/62/36 92/62/36 100/62/36
f 90/62/37 97/62/37 99/62/37
f 96/62/38 95/62/38 103/62/38
f 94/62/39 93/62/39 101/62/39
f 92/62/22 91/62/22 99/62/22
f 90/62/40 89/62/40 98/62/40
f 89/62/41 96/62/41 104/62/41
f 112/62/42 111/62/42 119/62/42
f 102/62/27 101/62/27 109/62/27
f 99/62/27 107/62/27 108/62/27
f 98/62/27 106/62/27 105/62/27
f 98/62/27 104/62/27 112/62/27
f 103/62/27 102/62/27 110/62/27
f 100/62/27 108/62/27 109/62/27
f 97/62/27 105/62/27 107/62/27
f 117/62/27 114/62/27 119/62/27
f 110/62/43 109/62/43 117/62/43
f 107/62/38 115/62/38 116/62/38
f 105/62/39 106/62/39 114/62/39
f 106/62/36 112/62/36 120/62/36
f 111/62/37 110/62/37 118/62/37
f 109/62/41 108/62/41 116/62/41
f 107/62/35 105/62/35 113/62/35
f 295/3/1 293/1/1 310/140/1
f 297/5/2 295/3/2 309/2/2
f 299/6/3 297/5/3 311/4/3
f 301/8/4 299/6/4 312/7/4
f 303/10/5 301/8/5 313/9/5
f 303/10/6 314/41/6 315/11/6
f 318/14/4 294/14/4 308/13/4
f 307/15/7 305/12/7 315/11/7
f 293/17/8 307/15/8 316/16/8
f 303/19/10 295/150/10 299/18/10
f 310/22/9 294/14/9 296/21/9
f 309/24/9 296/21/9 298/23/9
f 311/26/9 298/23/9 300/25/9
f 300/25/9 302/30/9 313/27/9
f 313/27/9 302/30/9 304/29/9
f 314/32/9 304/29/9 306/31/9
f 306/31/9 308/13/9 316/33/9
f 308/13/9 294/14/9 310/22/9
f 321/30/9 318/14/9 323/31/9
f 323/31/2 306/31/2 304/29/2
f 321/30/8 302/30/8 300/25/8
f 319/23/6 298/23/6 296/21/6
f 324/13/3 308/13/3 306/31/3
f 322/29/1 304/29/1 302/30/1
f 320/25/7 300/25/7 298/23/7
f 317/21/5 296/21/5 294/14/5
f 342/140/1 325/1/1 327/3/1
f 341/2/2 327/3/2 329/5/2
f 343/4/3 329/5/3 331/6/3
f 344/7/4 331/6/4 333/8/4
f 345/9/5 333/8/5 335/10/5
f 346/41/6 335/10/6 337/12/6
f 340/13/4 326/14/4 350/14/4
f 347/11/7 337/12/7 339/15/7
f 348/16/8 339/15/8 325/17/8
f 331/18/9 339/20/9 335/19/9
f 326/14/10 342/22/10 341/24/10
f 328/21/10 341/24/10 343/26/10
f 330/23/10 343/26/10 344/28/10
f 334/30/10 332/25/10 344/28/10
f 336/29/10 334/30/10 345/27/10
f 338/31/10 336/29/10 346/32/10
f 338/31/10 347/34/10 348/33/10
f 326/14/10 340/13/10 348/33/10
f 355/31/10 351/23/10 353/30/10
f 336/29/2 338/31/2 355/31/2
f 332/25/8 334/30/8 353/30/8
f 328/21/6 330/23/6 351/23/6
f 338/31/3 340/13/3 356/13/3
f 334/30/1 336/29/1 354/29/1
f 330/23/7 332/25/7 352/25/7
f 326/14/5 328/21/5 349/21/5
f 997/1/115 1014/140/115 1013/2/115
f 1001/5/116 999/3/116 1013/2/116
f 1003/6/117 1001/5/117 1015/4/117
f 1003/6/118 1016/7/118 1017/9/118
f 1005/8/119 1017/9/119 1018/41/119
f 1009/12/120 1007/10/120 1018/41/120
f 998/14/121 1012/13/121 1028/13/121
f 1011/15/122 1009/12/122 1019/11/122
f 997/17/123 1011/15/123 1020/16/123
f 1030/3/116 999/3/116 1001/5/116
f 1014/22/124 998/14/124 1000/21/124
f 1000/21/124 1002/23/124 1015/26/124
f 1015/26/124 1002/23/124 1004/25/124
f 1004/25/124 1006/30/124 1017/27/124
f 1006/30/124 1008/29/124 1018/32/124
f 1008/29/124 1010/31/124 1019/34/124
f 1019/34/124 1010/31/124 1012/13/124
f 1020/33/124 1012/13/124 998/14/124
f 1025/30/124 1022/14/124 1027/31/124
f 1027/31/116 1010/31/116 1008/29/116
f 1006/30/123 1004/25/123 1024/25/123
f 1023/23/120 1002/23/120 1000/21/120
f 1028/13/117 1012/13/117 1010/31/117
f 1008/29/115 1006/30/115 1025/30/115
f 1024/25/122 1004/25/122 1002/23/122
f 1021/21/119 1000/21/119 998/14/119
f 1034/19/125 1030/150/125 1032/18/125
f 1005/8/119 1007/10/119 1034/10/119
f 1036/15/123 1011/15/123 997/17/123
f 997/1/115 999/3/115 1030/3/115
f 1031/5/117 1001/5/117 1003/6/117
f 1034/10/120 1007/10/120 1009/12/120
f 1032/6/121 1003/6/121 1005/8/121
f 1009/12/122 1011/15/122 1036/15/122
f 1037/1/115 1054/140/115 1053/2/115
f 1039/3/116 1053/2/116 1055/4/116
f 1043/6/117 1041/5/117 1055/4/117
f 1043/6/118 1056/7/118 1057/9/118
f 1047/10/119 1045/8/119 1057/9/119
f 1049/12/120 1047/10/120 1058/41/120
f 1038/14/118 1052/13/118 1068/13/118
f 1051/15/122 1049/12/122 1059/11/122
f 1037/17/123 1051/15/123 1060/16/123
f 1070/3/116 1039/3/116 1041/5/116
f 1054/22/124 1038/14/124 1040/21/124
f 1040/21/124 1042/23/124 1055/26/124
f 1042/23/124 1044/25/124 1056/28/124
f 1044/25/124 1046/30/124 1057/27/124
f 1046/30/124 1048/29/124 1058/32/124
f 1058/32/124 1048/29/124 1050/31/124
f 1050/31/124 1052/13/124 1060/33/124
f 1060/33/124 1052/13/124 1038/14/124
f 1065/30/124 1062/14/124 1067/31/124
f 1050/31/116 1048/29/116 1066/29/116
f 1046/30/123 1044/25/123 1064/25/123
f 1063/23/120 1042/23/120 1040/21/120
f 1068/13/117 1052/13/117 1050/31/117
f 1048/29/115 1046/30/115 1065/30/115
f 1044/25/122 1042/23/122 1063/23/122
f 1061/21/119 1040/21/119 1038/14/119
f 1074/19/125 1070/150/125 1072/18/125
f 1073/8/119 1045/8/119 1047/10/119
f 1076/15/123 1051/15/123 1037/17/123
f 1037/1/115 1039/3/115 1070/3/115
f 1071/5/117 1041/5/117 1043/6/117
f 1074/10/120 1047/10/120 1049/12/120
f 1072/6/121 1043/6/121 1045/8/121
f 1049/12/122 1051/15/122 1076/15/122
f 1077/1/115 1094/140/115 1093/2/115
f 1079/3/116 1093/2/116 1095/4/116
f 1083/6/117 1081/5/117 1095/4/117
f 1083/6/118 1096/7/118 1097/9/118
f 1085/8/119 1097/9/119 1098/41/119
f 1089/12/120 1087/10/120 1098/41/120
f 1102/14/118 1078/14/118 1092/13/118
f 1091/15/122 1089/12/122 1099/11/122
f 1091/15/123 1100/16/123 1094/105/123
f 1110/3/116 1079/3/116 1081/5/116
f 1094/22/124 1078/14/124 1080/21/124
f 1080/21/124 1082/23/124 1095/26/124
f 1082/23/124 1084/25/124 1096/28/124
f 1084/25/124 1086/30/124 1097/27/124
f 1086/30/124 1088/29/124 1098/32/124
f 1088/29/124 1090/31/124 1099/34/124
f 1099/34/124 1090/31/124 1092/13/124
f 1100/33/124 1092/13/124 1078/14/124
f 1105/30/124 1102/14/124 1107/31/124
f 1090/31/116 1088/29/116 1106/29/116
f 1086/30/123 1084/25/123 1104/25/123
f 1103/23/120 1082/23/120 1080/21/120
f 1092/13/117 1090/31/117 1107/31/117
f 1106/29/115 1088/29/115 1086/30/115
f 1104/25/122 1084/25/122 1082/23/122
f 1101/21/119 1080/21/119 1078/14/119
f 1114/19/125 1110/150/125 1112/18/125
f 1113/8/119 1085/8/119 1087/10/119
f 1091/15/123 1077/17/123 1109/17/123
f 1077/1/115 1079/3/115 1110/3/115
f 1111/5/117 1081/5/117 1083/6/117
f 1114/10/120 1087/10/120 1089/12/120
f 1112/6/121 1083/6/121 1085/8/121
f 1115/12/126 1089/12/126 1091/15/126
f 1134/140/127 1117/1/127 1119/3/127
f 1133/2/128 1119/3/128 1121/5/128
f 1135/4/129 1121/5/129 1123/6/129
f 1136/7/130 1123/6/130 1125/8/130
f 1137/9/131 1125/8/131 1127/10/131
f 1127/10/132 1129/12/132 1139/11/132
f 1132/13/130 1118/14/130 1142/14/130
f 1139/11/133 1129/12/133 1131/15/133
f 1140/16/134 1131/15/134 1117/17/134
f 1119/3/128 1150/3/128 1151/5/128
f 1118/14/135 1134/22/135 1133/24/135
f 1120/21/135 1133/24/135 1135/26/135
f 1122/23/135 1135/26/135 1136/28/135
f 1126/30/135 1124/25/135 1136/28/135
f 1128/29/135 1126/30/135 1137/27/135
f 1128/29/135 1138/32/135 1139/34/135
f 1132/13/135 1130/31/135 1139/34/135
f 1132/13/135 1140/33/135 1134/22/135
f 1147/31/135 1143/23/135 1145/30/135
f 1128/29/128 1130/31/128 1147/31/128
f 1126/30/136 1145/30/136 1144/25/136
f 1120/21/132 1122/23/132 1143/23/132
f 1130/31/137 1132/13/137 1148/13/137
f 1126/30/127 1128/29/127 1146/29/127
f 1122/23/133 1124/25/133 1144/25/133
f 1120/21/131 1141/21/131 1142/14/131
f 1152/18/138 1156/20/138 1154/19/138
f 1127/10/131 1125/8/131 1153/8/131
f 1117/17/134 1131/15/134 1156/15/134
f 1117/1/127 1149/1/127 1150/3/127
f 1123/6/137 1121/5/137 1151/5/137
f 1129/12/132 1127/10/132 1154/10/132
f 1125/8/139 1123/6/139 1152/6/139
f 1129/12/133 1155/12/133 1156/15/133
f 1174/140/127 1157/1/127 1159/3/127
f 1159/3/128 1161/5/128 1175/4/128
f 1161/5/137 1163/6/137 1176/7/137
f 1163/6/139 1165/8/139 1177/9/139
f 1177/9/131 1165/8/131 1167/10/131
f 1167/10/132 1169/12/132 1179/11/132
f 1172/13/130 1158/14/130 1182/14/130
f 1179/11/133 1169/12/133 1171/15/133
f 1180/16/136 1171/15/136 1157/17/136
f 1161/5/128 1159/3/128 1190/3/128
f 1158/14/135 1174/22/135 1173/24/135
f 1160/21/135 1173/24/135 1175/26/135
f 1164/25/135 1162/23/135 1175/26/135
f 1166/30/135 1164/25/135 1176/28/135
f 1168/29/135 1166/30/135 1177/27/135
f 1170/31/135 1168/29/135 1178/32/135
f 1170/31/135 1179/34/135 1180/33/135
f 1172/13/135 1180/33/135 1174/22/135
f 1187/31/135 1183/23/135 1185/30/135
f 1170/31/128 1187/31/128 1186/29/128
f 1164/25/136 1166/30/136 1185/30/136
f 1162/23/132 1183/23/132 1181/21/132
f 1172/13/137 1188/13/137 1187/31/137
f 1166/30/127 1168/29/127 1186/29/127
f 1162/23/133 1164/25/133 1184/25/133
f 1160/21/131 1181/21/131 1182/14/131
f 1192/18/138 1196/20/138 1194/19/138
f 1167/10/131 1165/8/131 1193/8/131
f 1157/17/136 1171/15/136 1196/15/136
f 1157/1/127 1189/1/127 1190/3/127
f 1163/6/137 1161/5/137 1191/5/137
f 1169/12/132 1167/10/132 1194/10/132
f 1165/8/139 1163/6/139 1192/6/139
f 1171/15/133 1169/12/133 1195/12/133
f 1214/140/127 1197/1/127 1199/3/127
f 1199/3/128 1201/5/128 1215/4/128
f 1215/4/129 1201/5/129 1203/6/129
f 1203/6/139 1205/8/139 1217/9/139
f 1217/9/131 1205/8/131 1207/10/131
f 1207/10/132 1209/12/132 1219/11/132
f 1198/14/130 1222/14/130 1228/13/130
f 1219/11/133 1209/12/133 1211/15/133
f 1220/16/136 1211/15/136 1197/17/136
f 1199/3/128 1230/3/128 1231/5/128
f 1198/14/135 1214/22/135 1213/24/135
f 1200/21/135 1213/24/135 1215/26/135
f 1202/23/135 1215/26/135 1216/28/135
f 1206/30/135 1204/25/135 1216/28/135
f 1208/29/135 1206/30/135 1217/27/135
f 1210/31/135 1208/29/135 1218/32/135
f 1210/31/135 1219/34/135 1220/33/135
f 1212/13/135 1220/33/135 1214/22/135
f 1227/31/135 1223/23/135 1225/30/135
f 1210/31/128 1227/31/128 1226/29/128
f 1204/25/140 1206/30/140 1225/30/140
f 1200/21/132 1202/23/132 1223/23/132
f 1210/31/137 1212/13/137 1228/13/137
f 1208/29/127 1226/29/127 1225/30/127
f 1202/23/133 1204/25/133 1224/25/133
f 1200/21/131 1221/21/131 1222/14/131
f 1232/18/138 1236/20/138 1234/19/138
f 1207/10/131 1205/8/131 1233/8/131
f 1197/17/136 1211/15/136 1236/15/136
f 1197/1/127 1229/1/127 1230/3/127
f 1201/5/137 1231/5/137 1232/6/137
f 1209/12/132 1207/10/132 1234/10/132
f 1205/8/139 1203/6/139 1232/6/139
f 1211/15/133 1209/12/133 1235/12/133
f 91/62/14 89/62/14 90/62/14
f 89/62/14 95/62/14 96/62/14
f 95/62/14 93/62/14 94/62/14
f 93/62/14 91/62/14 92/62/14
f 91/62/14 95/62/14 89/62/14
f 104/62/27 111/62/27 112/62/27
f 95/62/35 102/62/35 103/62/35
f 93/62/36 100/62/36 101/62/36
f 90/62/37 99/62/37 91/62/37
f 96/62/38 103/62/38 104/62/38
f 94/62/39 101/62/39 102/62/39
f 92/62/42 99/62/42 100/62/42
f 90/62/40 98/62/40 97/62/40
f 89/62/41 104/62/41 98/62/41
f 112/62/42 119/62/42 120/62/42
f 102/62/27 109/62/27 110/62/27
f 99/62/27 108/62/27 100/62/27
f 98/62/27 105/62/27 97/62/27
f 98/62/27 112/62/27 106/62/27
f 103/62/27 110/62/27 111/62/27
f 100/62/27 109/62/27 101/62/27
f 97/62/27 107/62/27 99/62/27
f 114/62/27 115/62/27 113/62/27
f 115/62/27 117/62/27 116/62/27
f 117/62/27 119/62/27 118/62/27
f 119/62/27 114/62/27 120/62/27
f 114/62/27 117/62/27 115/62/27
f 110/62/40 117/62/40 118/62/40
f 107/62/38 116/62/38 108/62/38
f 105/62/39 114/62/39 113/62/39
f 106/62/36 120/62/36 114/62/36
f 111/62/37 118/62/37 119/62/37
f 109/62/41 116/62/41 117/62/41
f 107/62/35 113/62/35 115/62/35
f 295/3/1 310/140/1 309/2/1
f 297/5/2 309/2/2 311/4/2
f 299/6/3 311/4/3 312/7/3
f 301/8/4 312/7/4 313/9/4
f 303/10/5 313/9/5 314/41/5
f 303/10/6 315/11/6 305/12/6
f 318/14/4 308/13/4 324/13/4
f 307/15/7 315/11/7 316/16/7
f 293/17/8 316/16/8 310/105/8
f 295/150/10 307/20/10 293/161/10
f 307/20/10 303/19/10 305/164/10
f 303/19/10 299/18/10 301/163/10
f 299/18/10 295/150/10 297/162/10
f 295/150/10 303/19/10 307/20/10
f 310/22/9 296/21/9 309/24/9
f 309/24/9 298/23/9 311/26/9
f 311/26/9 300/25/9 312/28/9
f 300/25/9 313/27/9 312/28/9
f 313/27/9 304/29/9 314/32/9
f 314/32/9 306/31/9 315/34/9
f 306/31/9 316/33/9 315/34/9
f 308/13/9 310/22/9 316/33/9
f 318/14/9 319/23/9 317/21/9
f 319/23/9 321/30/9 320/25/9
f 321/30/9 323/31/9 322/29/9
f 323/31/9 318/14/9 324/13/9
f 318/14/9 321/30/9 319/23/9
f 323/31/2 304/29/2 322/29/2
f 321/30/8 300/25/8 320/25/8
f 319/23/6 296/21/6 317/21/6
f 324/13/3 306/31/3 323/31/3
f 322/29/1 302/30/1 321/30/1
f 320/25/7 298/23/7 319/23/7
f 317/21/5 294/14/5 318/14/5
f 342/140/1 327/3/1 341/2/1
f 341/2/2 329/5/2 343/4/2
f 343/4/3 331/6/3 344/7/3
f 344/7/4 333/8/4 345/9/4
f 345/9/5 335/10/5 346/41/5
f 346/41/6 337/12/6 347/11/6
f 340/13/4 350/14/4 356/13/4
f 347/11/7 339/15/7 348/16/7
f 348/16/8 325/17/8 342/105/8
f 339/20/9 327/150/9 325/161/9
f 327/150/9 331/18/9 329/162/9
f 331/18/9 335/19/9 333/163/9
f 335/19/9 339/20/9 337/164/9
f 339/20/9 331/18/9 327/150/9
f 326/14/10 341/24/10 328/21/10
f 328/21/10 343/26/10 330/23/10
f 330/23/10 344/28/10 332/25/10
f 334/30/10 344/28/10 345/27/10
f 336/29/10 345/27/10 346/32/10
f 338/31/10 346/32/10 347/34/10
f 338/31/10 348/33/10 340/13/10
f 326/14/10 348/33/10 342/22/10
f 351/23/10 350/14/10 349/21/10
f 350/14/10 355/31/10 356/13/10
f 355/31/10 353/30/10 354/29/10
f 353/30/10 351/23/10 352/25/10
f 351/23/10 355/31/10 350/14/10
f 336/29/2 355/31/2 354/29/2
f 332/25/8 353/30/8 352/25/8
f 328/21/6 351/23/6 349/21/6
f 338/31/3 356/13/3 355/31/3
f 334/30/1 354/29/1 353/30/1
f 330/23/7 352/25/7 351/23/7
f 326/14/5 349/21/5 350/14/5
f 997/1/115 1013/2/115 999/3/115
f 1001/5/116 1013/2/116 1015/4/116
f 1003/6/117 1015/4/117 1016/7/117
f 1003/6/118 1017/9/118 1005/8/118
f 1005/8/119 1018/41/119 1007/10/119
f 1009/12/120 1018/41/120 1019/11/120
f 998/14/118 1028/13/118 1022/14/118
f 1011/15/122 1019/11/122 1020/16/122
f 997/17/123 1020/16/123 1014/105/123
f 1030/3/116 1001/5/116 1031/5/116
f 1014/22/124 1000/21/124 1013/24/124
f 1000/21/124 1015/26/124 1013/24/124
f 1015/26/124 1004/25/124 1016/28/124
f 1004/25/124 1017/27/124 1016/28/124
f 1006/30/124 1018/32/124 1017/27/124
f 1008/29/124 1019/34/124 1018/32/124
f 1019/34/124 1012/13/124 1020/33/124
f 1020/33/124 998/14/124 1014/22/124
f 1022/14/124 1023/23/124 1021/21/124
f 1023/23/124 1025/30/124 1024/25/124
f 1025/30/124 1027/31/124 1026/29/124
f 1027/31/124 1022/14/124 1028/13/124
f 1022/14/124 1025/30/124 1023/23/124
f 1027/31/116 1008/29/116 1026/29/116
f 1006/30/180 1024/25/180 1025/30/180
f 1023/23/120 1000/21/120 1021/21/120
f 1028/13/181 1010/31/181 1027/31/181
f 1008/29/115 1025/30/115 1026/29/115
f 1024/25/122 1002/23/122 1023/23/122
f 1021/21/119 998/14/119 1022/14/119
f 1030/150/125 1036/20/125 1029/161/125
f 1036/20/125 1034/19/125 1035/164/125
f 1034/19/125 1032/18/125 1033/163/125
f 1032/18/125 1030/150/125 1031/162/125
f 1030/150/125 1034/19/125 1036/20/125
f 1005/8/119 1034/10/119 1033/8/119
f 1036/15/123 997/17/123 1029/17/123
f 997/1/115 1030/3/115 1029/1/115
f 1031/5/117 1003/6/117 1032/6/117
f 1034/10/120 1009/12/120 1035/12/120
f 1032/6/118 1005/8/118 1033/8/118
f 1009/12/122 1036/15/122 1035/12/122
f 1037/1/115 1053/2/115 1039/3/115
f 1039/3/116 1055/4/116 1041/5/116
f 1043/6/117 1055/4/117 1056/7/117
f 1043/6/118 1057/9/118 1045/8/118
f 1047/10/119 1057/9/119 1058/41/119
f 1049/12/120 1058/41/120 1059/11/120
f 1038/14/118 1068/13/118 1062/14/118
f 1051/15/122 1059/11/122 1060/16/122
f 1037/17/123 1060/16/123 1054/105/123
f 1070/3/116 1041/5/116 1071/5/116
f 1054/22/124 1040/21/124 1053/24/124
f 1040/21/124 1055/26/124 1053/24/124
f 1042/23/124 1056/28/124 1055/26/124
f 1044/25/124 1057/27/124 1056/28/124
f 1046/30/124 1058/32/124 1057/27/124
f 1058/32/124 1050/31/124 1059/34/124
f 1050/31/124 1060/33/124 1059/34/124
f 1060/33/124 1038/14/124 1054/22/124
f 1062/14/124 1063/23/124 1061/21/124
f 1063/23/124 1065/30/124 1064/25/124
f 1065/30/124 1067/31/124 1066/29/124
f 1067/31/124 1062/14/124 1068/13/124
f 1062/14/124 1065/30/124 1063/23/124
f 1050/31/116 1066/29/116 1067/31/116
f 1046/30/180 1064/25/180 1065/30/180
f 1063/23/120 1040/21/120 1061/21/120
f 1068/13/117 1050/31/117 1067/31/117
f 1048/29/115 1065/30/115 1066/29/115
f 1044/25/122 1063/23/122 1064/25/122
f 1061/21/119 1038/14/119 1062/14/119
f 1070/150/125 1076/20/125 1069/161/125
f 1076/20/125 1074/19/125 1075/164/125
f 1074/19/125 1072/18/125 1073/163/125
f 1072/18/125 1070/150/125 1071/162/125
f 1070/150/125 1074/19/125 1076/20/125
f 1073/8/119 1047/10/119 1074/10/119
f 1076/15/123 1037/17/123 1069/17/123
f 1037/1/115 1070/3/115 1069/1/115
f 1071/5/117 1043/6/117 1072/6/117
f 1074/10/120 1049/12/120 1075/12/120
f 1072/6/118 1045/8/118 1073/8/118
f 1049/12/122 1076/15/122 1075/12/122
f 1077/1/115 1093/2/115 1079/3/115
f 1079/3/116 1095/4/116 1081/5/116
f 1083/6/117 1095/4/117 1096/7/117
f 1083/6/121 1097/9/121 1085/8/121
f 1085/8/119 1098/41/119 1087/10/119
f 1089/12/120 1098/41/120 1099/11/120
f 1102/14/121 1092/13/121 1108/13/121
f 1091/15/122 1099/11/122 1100/16/122
f 1091/15/123 1094/105/123 1077/17/123
f 1110/3/116 1081/5/116 1111/5/116
f 1094/22/124 1080/21/124 1093/24/124
f 1080/21/124 1095/26/124 1093/24/124
f 1082/23/124 1096/28/124 1095/26/124
f 1084/25/124 1097/27/124 1096/28/124
f 1086/30/124 1098/32/124 1097/27/124
f 1088/29/124 1099/34/124 1098/32/124
f 1099/34/124 1092/13/124 1100/33/124
f 1100/33/124 1078/14/124 1094/22/124
f 1102/14/124 1103/23/124 1101/21/124
f 1103/23/124 1105/30/124 1104/25/124
f 1105/30/124 1107/31/124 1106/29/124
f 1107/31/124 1102/14/124 1108/13/124
f 1102/14/124 1105/30/124 1103/23/124
f 1090/31/116 1106/29/116 1107/31/116
f 1086/30/123 1104/25/123 1105/30/123
f 1103/23/120 1080/21/120 1101/21/120
f 1092/13/181 1107/31/181 1108/13/181
f 1106/29/115 1086/30/115 1105/30/115
f 1104/25/122 1082/23/122 1103/23/122
f 1101/21/119 1078/14/119 1102/14/119
f 1110/150/125 1116/20/125 1109/161/125
f 1116/20/125 1114/19/125 1115/164/125
f 1114/19/125 1112/18/125 1113/163/125
f 1112/18/125 1110/150/125 1111/162/125
f 1110/150/125 1114/19/125 1116/20/125
f 1113/8/119 1087/10/119 1114/10/119
f 1091/15/123 1109/17/123 1116/15/123
f 1077/1/115 1110/3/115 1109/1/115
f 1111/5/117 1083/6/117 1112/6/117
f 1114/10/120 1089/12/120 1115/12/120
f 1112/6/118 1085/8/118 1113/8/118
f 1115/12/122 1091/15/122 1116/15/122
f 1134/140/127 1119/3/127 1133/2/127
f 1133/2/128 1121/5/128 1135/4/128
f 1135/4/137 1123/6/137 1136/7/137
f 1136/7/130 1125/8/130 1137/9/130
f 1137/9/131 1127/10/131 1138/41/131
f 1127/10/132 1139/11/132 1138/41/132
f 1132/13/139 1142/14/139 1148/13/139
f 1139/11/133 1131/15/133 1140/16/133
f 1140/16/136 1117/17/136 1134/105/136
f 1119/3/128 1151/5/128 1121/5/128
f 1118/14/135 1133/24/135 1120/21/135
f 1120/21/135 1135/26/135 1122/23/135
f 1122/23/135 1136/28/135 1124/25/135
f 1126/30/182 1136/28/182 1137/27/182
f 1128/29/135 1137/27/135 1138/32/135
f 1128/29/135 1139/34/135 1130/31/135
f 1132/13/135 1139/34/135 1140/33/135
f 1132/13/135 1134/22/135 1118/14/135
f 1143/23/135 1142/14/135 1141/21/135
f 1142/14/135 1147/31/135 1148/13/135
f 1147/31/135 1145/30/135 1146/29/135
f 1145/30/135 1143/23/135 1144/25/135
f 1143/23/135 1147/31/135 1142/14/135
f 1128/29/128 1147/31/128 1146/29/128
f 1126/30/136 1144/25/136 1124/25/136
f 1120/21/132 1143/23/132 1141/21/132
f 1130/31/129 1148/13/129 1147/31/129
f 1126/30/127 1146/29/127 1145/30/127
f 1122/23/133 1144/25/133 1143/23/133
f 1120/21/131 1142/14/131 1118/14/131
f 1156/20/138 1150/150/138 1149/161/138
f 1150/150/138 1152/18/138 1151/162/138
f 1152/18/138 1154/19/138 1153/163/138
f 1154/19/138 1156/20/138 1155/164/138
f 1156/20/138 1152/18/138 1150/150/138
f 1127/10/131 1153/8/131 1154/10/131
f 1117/17/136 1156/15/136 1149/17/136
f 1117/1/127 1150/3/127 1119/3/127
f 1123/6/137 1151/5/137 1152/6/137
f 1129/12/132 1154/10/132 1155/12/132
f 1125/8/130 1152/6/130 1153/8/130
f 1129/12/133 1156/15/133 1131/15/133
f 1174/140/127 1159/3/127 1173/2/127
f 1159/3/128 1175/4/128 1173/2/128
f 1161/5/137 1176/7/137 1175/4/137
f 1163/6/130 1177/9/130 1176/7/130
f 1177/9/131 1167/10/131 1178/41/131
f 1167/10/132 1179/11/132 1178/41/132
f 1172/13/139 1182/14/139 1188/13/139
f 1179/11/133 1171/15/133 1180/16/133
f 1180/16/136 1157/17/136 1174/105/136
f 1161/5/128 1190/3/128 1191/5/128
f 1158/14/135 1173/24/135 1160/21/135
f 1160/21/135 1175/26/135 1162/23/135
f 1164/25/135 1175/26/135 1176/28/135
f 1166/30/182 1176/28/182 1177/27/182
f 1168/29/135 1177/27/135 1178/32/135
f 1170/31/135 1178/32/135 1179/34/135
f 1170/31/135 1180/33/135 1172/13/135
f 1172/13/135 1174/22/135 1158/14/135
f 1183/23/135 1182/14/135 1181/21/135
f 1182/14/135 1187/31/135 1188/13/135
f 1187/31/135 1185/30/135 1186/29/135
f 1185/30/135 1183/23/135 1184/25/135
f 1183/23/135 1187/31/135 1182/14/135
f 1170/31/128 1186/29/128 1168/29/128
f 1164/25/136 1185/30/136 1184/25/136
f 1162/23/132 1181/21/132 1160/21/132
f 1172/13/137 1187/31/137 1170/31/137
f 1166/30/127 1186/29/127 1185/30/127
f 1162/23/133 1184/25/133 1183/23/133
f 1160/21/131 1182/14/131 1158/14/131
f 1196/20/138 1190/150/138 1189/161/138
f 1190/150/138 1192/18/138 1191/162/138
f 1192/18/138 1194/19/138 1193/163/138
f 1194/19/138 1196/20/138 1195/164/138
f 1196/20/138 1192/18/138 1190/150/138
f 1167/10/131 1193/8/131 1194/10/131
f 1157/17/136 1196/15/136 1189/17/136
f 1157/1/127 1190/3/127 1159/3/127
f 1163/6/137 1191/5/137 1192/6/137
f 1169/12/132 1194/10/132 1195/12/132
f 1165/8/130 1192/6/130 1193/8/130
f 1171/15/183 1195/12/183 1196/15/183
f 1214/140/127 1199/3/127 1213/2/127
f 1199/3/128 1215/4/128 1213/2/128
f 1215/4/137 1203/6/137 1216/7/137
f 1203/6/130 1217/9/130 1216/7/130
f 1217/9/131 1207/10/131 1218/41/131
f 1207/10/132 1219/11/132 1218/41/132
f 1198/14/139 1228/13/139 1212/13/139
f 1219/11/133 1211/15/133 1220/16/133
f 1220/16/136 1197/17/136 1214/105/136
f 1199/3/128 1231/5/128 1201/5/128
f 1198/14/135 1213/24/135 1200/21/135
f 1200/21/135 1215/26/135 1202/23/135
f 1202/23/135 1216/28/135 1204/25/135
f 1206/30/182 1216/28/182 1217/27/182
f 1208/29/135 1217/27/135 1218/32/135
f 1210/31/135 1218/32/135 1219/34/135
f 1210/31/135 1220/33/135 1212/13/135
f 1212/13/135 1214/22/135 1198/14/135
f 1223/23/135 1222/14/135 1221/21/135
f 1222/14/135 1227/31/135 1228/13/135
f 1227/31/135 1225/30/135 1226/29/135
f 1225/30/135 1223/23/135 1224/25/135
f 1223/23/135 1227/31/135 1222/14/135
f 1210/31/128 1226/29/128 1208/29/128
f 1204/25/184 1225/30/184 1224/25/184
f 1200/21/132 1223/23/132 1221/21/132
f 1210/31/137 1228/13/137 1227/31/137
f 1208/29/127 1225/30/127 1206/30/127
f 1202/23/133 1224/25/133 1223/23/133
f 1200/21/131 1222/14/131 1198/14/131
f 1236/20/138 1230/150/138 1229/161/138
f 1230/150/138 1232/18/138 1231/162/138
f 1232/18/138 1234/19/138 1233/163/138
f 1234/19/138 1236/20/138 1235/164/138
f 1236/20/138 1232/18/138 1230/150/138
f 1207/10/131 1233/8/131 1234/10/131
f 1197/17/136 1236/15/136 1229/17/136
f 1197/1/127 1230/3/127 1199/3/127
f 1201/5/137 1232/6/137 1203/6/137
f 1209/12/132 1234/10/132 1235/12/132
f 1205/8/130 1232/6/130 1233/8/130
f 1211/15/183 1235/12/183 1236/15/183
usemtl Material.002
f 127/62/14 123/62/14 125/62/14
f 123/62/14 121/62/14 122/62/14
f 121/62/14 127/62/14 128/62/14
f 127/62/14 125/62/14 126/62/14
f 125/62/14 123/62/14 124/62/14
f 123/62/14 127/62/14 121/62/14
usemtl Material.004
f 129/63/44 130/65/44 131/64/44
f 132/66/45 133/68/45 134/67/45
f 135/69/46 136/71/46 137/70/46
f 138/72/47 139/74/47 140/73/47
f 141/75/48 142/77/48 143/76/48
f 144/78/49 145/80/49 146/79/49
f 147/81/50 148/83/50 149/82/50
f 150/84/51 151/86/51 152/85/51
f 136/71/52 135/69/52 129/63/52
f 153/87/53 132/66/53 134/67/53
f 134/67/54 133/68/54 138/72/54
f 156/88/55 155/90/55 137/89/55
f 148/83/56 147/81/56 135/69/56
f 139/74/57 138/72/57 150/84/57
f 158/91/58 157/92/58 149/82/58
f 142/77/59 141/75/59 147/81/59
f 151/86/60 150/84/60 144/78/60
f 160/93/61 159/94/61 143/76/61
f 130/65/62 129/63/62 141/75/62
f 145/80/63 144/78/63 133/95/63
f 129/63/15 135/69/15 147/81/15
f 156/88/64 154/96/64 134/67/64
f 153/97/14 159/94/14 145/80/14
f 144/78/17 150/84/17 138/98/17
f 155/90/27 139/74/27 152/85/27
f 160/93/65 157/92/65 151/86/65
f 142/77/10 149/82/10 157/92/10
f 148/83/27 137/89/27 155/90/27
f 130/99/14 143/76/14 159/94/14
f 136/100/9 131/101/9 154/96/9
f 146/79/66 145/80/66 159/94/66
f 151/86/67 157/92/67 158/91/67
f 140/73/68 139/74/68 155/90/68
f 131/101/69 130/102/69 153/87/69
f 136/71/52 129/63/52 131/64/52
f 153/87/53 134/67/53 154/96/53
f 134/67/54 138/72/54 140/73/54
f 156/88/55 137/89/55 136/100/55
f 148/83/56 135/69/56 137/70/56
f 139/74/57 150/84/57 152/85/57
f 158/91/58 149/82/58 148/83/58
f 142/77/59 147/81/59 149/82/59
f 151/86/60 144/78/60 146/79/60
f 160/93/61 143/76/61 142/77/61
f 130/65/62 141/75/62 143/76/62
f 145/80/63 133/95/63 132/165/63
f 129/63/15 147/81/15 141/75/15
f 156/88/64 134/67/64 140/73/64
f 153/97/14 145/80/14 132/165/14
f 144/78/17 138/98/17 133/166/17
f 155/90/27 152/85/27 158/91/27
f 160/93/65 151/86/65 146/79/65
f 142/77/10 157/92/10 160/93/10
f 148/83/27 155/90/27 158/91/27
f 130/99/14 159/94/14 153/97/14
f 136/100/9 154/96/9 156/88/9
f 146/79/66 159/94/66 160/93/66
f 151/86/67 158/91/67 152/85/67
f 140/73/68 155/90/68 156/88/68
f 131/101/69 153/87/69 154/96/69
usemtl Material.007
f 166/103/70 161/105/70 167/104/70
f 161/62/71 162/107/71 168/106/71
f 162/107/72 163/109/72 169/108/72
f 164/17/73 170/110/73 169/108/73
f 165/111/74 171/112/74 170/110/74
f 166/103/75 172/113/75 171/112/75
f 167/104/76 173/115/76 178/114/76
f 168/106/77 174/117/77 173/116/77
f 169/108/78 175/118/78 174/117/78
f 169/108/79 170/110/79 176/119/79
f 170/110/80 171/112/80 177/120/80
f 171/112/81 172/113/81 178/114/81
f 178/121/82 173/9/82 179/122/82
f 173/123/83 174/125/83 180/124/83
f 174/125/84 175/127/84 181/126/84
f 176/8/85 182/128/85 181/126/85
f 177/129/86 183/130/86 182/128/86
f 178/121/87 184/131/87 183/130/87
f 184/131/88 179/122/88 185/132/88
f 179/133/89 180/124/89 186/134/89
f 180/124/90 181/126/90 187/135/90
f 182/128/91 188/136/91 187/135/91
f 183/130/92 189/137/92 188/136/92
f 184/131/93 190/138/93 189/137/93
f 185/132/94 191/140/94 196/139/94
f 186/134/95 192/142/95 191/141/95
f 187/135/96 193/143/96 192/142/96
f 187/135/97 188/136/97 194/1/97
f 188/136/98 189/137/98 195/144/98
f 189/137/99 190/138/99 196/139/99
f 166/103/151 167/104/151 172/113/151
f 161/62/71 168/106/71 167/167/71
f 162/107/152 169/108/152 168/106/152
f 164/17/153 169/108/153 163/109/153
f 165/111/74 170/110/74 164/17/74
f 166/103/154 171/112/154 165/111/154
f 167/104/155 178/114/155 172/113/155
f 168/106/156 173/116/156 167/167/156
f 169/108/157 174/117/157 168/106/157
f 169/108/158 176/119/158 175/118/158
f 170/110/159 177/120/159 176/119/159
f 171/112/160 178/114/160 177/120/160
f 178/121/161 179/122/161 184/131/161
f 173/123/162 180/124/162 179/133/162
f 174/125/163 181/126/163 180/124/163
f 176/8/164 181/126/164 175/127/164
f 177/129/165 182/128/165 176/8/165
f 178/121/166 183/130/166 177/129/166
f 184/131/167 185/132/167 190/138/167
f 179/133/168 186/134/168 185/168/168
f 180/124/169 187/135/169 186/134/169
f 182/128/170 187/135/170 181/126/170
f 183/130/171 188/136/171 182/128/171
f 184/131/172 189/137/172 183/130/172
f 185/132/173 196/139/173 190/138/173
f 186/134/174 191/141/174 185/168/174
f 187/135/175 192/142/175 186/134/175
f 187/135/176 194/1/176 193/143/176
f 188/136/177 195/144/177 194/1/177
f 189/137/178 196/139/178 195/144/178
usemtl Material.010
f 202/103/70 197/105/70 203/104/70
f 197/62/71 198/107/71 204/106/71
f 198/107/72 199/109/72 205/108/72
f 200/17/73 206/110/73 205/108/73
f 201/111/74 207/112/74 206/110/74
f 202/103/75 208/113/75 207/112/75
f 203/104/76 209/115/76 214/114/76
f 204/106/77 210/117/77 209/116/77
f 205/108/78 211/118/78 210/117/78
f 205/108/79 206/110/79 212/119/79
f 206/110/80 207/112/80 213/120/80
f 207/112/81 208/113/81 214/114/81
f 214/121/82 209/9/82 215/122/82
f 209/123/83 210/125/83 216/124/83
f 210/125/84 211/127/84 217/126/84
f 212/8/85 218/128/85 217/126/85
f 213/129/86 219/130/86 218/128/86
f 214/121/87 220/131/87 219/130/87
f 220/131/88 215/122/88 221/132/88
f 215/133/89 216/124/89 222/134/89
f 216/124/100 217/126/100 223/135/100
f 218/128/91 224/136/91 223/135/91
f 219/130/92 225/137/92 224/136/92
f 220/131/93 226/138/93 225/137/93
f 221/132/94 227/140/94 232/139/94
f 222/134/95 228/142/95 227/141/95
f 223/135/96 229/143/96 228/142/96
f 223/135/97 224/136/97 230/1/97
f 224/136/98 225/137/98 231/144/98
f 225/137/99 226/138/99 232/139/99
f 202/103/151 203/104/151 208/113/151
f 197/62/71 204/106/71 203/167/71
f 198/107/152 205/108/152 204/106/152
f 200/17/179 205/108/179 199/109/179
f 201/111/74 206/110/74 200/17/74
f 202/103/154 207/112/154 201/111/154
f 203/104/155 214/114/155 208/113/155
f 204/106/156 209/116/156 203/167/156
f 205/108/157 210/117/157 204/106/157
f 205/108/158 212/119/158 211/118/158
f 206/110/159 213/120/159 212/119/159
f 207/112/160 214/114/160 213/120/160
f 214/121/161 215/122/161 220/131/161
f 209/123/162 216/124/162 215/133/162
f 210/125/163 217/126/163 216/124/163
f 212/8/164 217/126/164 211/127/164
f 213/129/165 218/128/165 212/8/165
f 214/121/166 219/130/166 213/129/166
f 220/131/167 221/132/167 226/138/167
f 215/133/168 222/134/168 221/168/168
f 216/124/169 223/135/169 222/134/169
f 218/128/170 223/135/170 217/126/170
f 219/130/171 224/136/171 218/128/171
f 220/131/172 225/137/172 219/130/172
f 221/132/173 232/139/173 226/138/173
f 222/134/174 227/141/174 221/168/174
f 223/135/175 228/142/175 222/134/175
f 223/135/176 230/1/176 229/143/176
f 224/136/177 231/144/177 230/1/177
f 225/137/178 232/139/178 231/144/178
usemtl Material.008
f 238/103/70 233/105/70 239/104/70
f 233/62/71 234/107/71 240/106/71
f 234/107/72 235/109/72 241/108/72
f 236/17/73 242/110/73 241/108/73
f 237/111/74 243/112/74 242/110/74
f 238/103/75 244/113/75 243/112/75
f 239/104/76 245/115/76 250/114/76
f 240/106/77 246/117/77 245/116/77
f 241/108/78 247/118/78 246/117/78
f 241/108/79 242/110/79 248/119/79
f 242/110/80 243/112/80 249/120/80
f 243/112/81 244/113/81 250/114/81
f 250/121/82 245/9/82 251/122/82
f 245/123/83 246/125/83 252/124/83
f 246/125/84 247/127/84 253/126/84
f 248/8/85 254/128/85 253/126/85
f 249/129/86 255/130/86 254/128/86
f 250/121/87 256/131/87 255/130/87
f 256/131/88 251/122/88 257/132/88
f 251/133/89 252/124/89 258/134/89
f 252/124/100 253/126/100 259/135/100
f 254/128/91 260/136/91 259/135/91
f 255/130/92 261/137/92 260/136/92
f 256/131/93 262/138/93 261/137/93
f 257/132/94 263/140/94 268/139/94
f 258/134/95 264/142/95 263/141/95
f 259/135/96 265/143/96 264/142/96
f 259/135/97 260/136/97 266/1/97
f 260/136/98 261/137/98 267/144/98
f 261/137/99 262/138/99 268/139/99
f 238/103/151 239/104/151 244/113/151
f 233/62/71 240/106/71 239/167/71
f 234/107/152 241/108/152 240/106/152
f 236/17/153 241/108/153 235/109/153
f 237/111/74 242/110/74 236/17/74
f 238/103/154 243/112/154 237/111/154
f 239/104/155 250/114/155 244/113/155
f 240/106/156 245/116/156 239/167/156
f 241/108/157 246/117/157 240/106/157
f 241/108/158 248/119/158 247/118/158
f 242/110/159 249/120/159 248/119/159
f 243/112/160 250/114/160 249/120/160
f 250/121/161 251/122/161 256/131/161
f 245/123/162 252/124/162 251/133/162
f 246/125/163 253/126/163 252/124/163
f 248/8/164 253/126/164 247/127/164
f 249/129/165 254/128/165 248/8/165
f 250/121/166 255/130/166 249/129/166
f 256/131/167 257/132/167 262/138/167
f 251/133/168 258/134/168 257/168/168
f 252/124/169 259/135/169 258/134/169
f 254/128/170 259/135/170 253/126/170
f 255/130/171 260/136/171 254/128/171
f 256/131/172 261/137/172 255/130/172
f 257/132/173 268/139/173 262/138/173
f 258/134/174 263/141/174 257/168/174
f 259/135/175 264/142/175 258/134/175
f 259/135/176 266/1/176 265/143/176
f 260/136/177 267/144/177 266/1/177
f 261/137/178 268/139/178 267/144/178
usemtl Material.006
f 270/37/101 277/146/101 278/145/101
f 272/36/27 278/145/27 279/147/27
f 276/6/102 279/147/102 280/148/102
f 280/148/14 277/149/14 270/7/14
f 275/10/15 271/15/15 269/43/15
f 272/3/17 276/6/17 274/44/17
f 280/148/103 273/40/103 269/41/103
f 279/147/9 275/10/9 273/40/9
f 278/145/104 271/49/104 275/10/104
f 277/146/10 269/35/10 271/49/10
f 290/145/105 289/146/105 282/37/105
f 291/147/27 290/145/27 284/36/27
f 292/148/106 291/147/106 288/6/106
f 292/148/14 286/44/14 282/7/14
f 281/43/15 283/15/15 287/10/15
f 286/44/17 288/6/17 284/3/17
f 281/41/103 285/40/103 292/148/103
f 287/10/10 291/147/10 292/148/10
f 287/10/104 283/49/104 290/145/104
f 281/35/9 289/146/9 290/145/9
f 270/37/101 278/145/101 272/36/101
f 272/36/27 279/147/27 276/6/27
f 276/6/102 280/148/102 274/44/102
f 280/148/14 270/7/14 274/44/14
f 275/10/15 269/43/15 273/40/15
f 272/3/17 274/44/17 270/51/17
f 280/148/103 269/41/103 277/149/103
f 279/147/9 273/40/9 280/148/9
f 278/145/104 275/10/104 279/147/104
f 277/146/10 271/49/10 278/145/10
f 290/145/105 282/37/105 284/36/105
f 291/147/27 284/36/27 288/6/27
f 292/148/106 288/6/106 286/44/106
f 292/148/14 282/7/14 289/149/14
f 281/43/15 287/10/15 285/40/15
f 286/44/17 284/3/17 282/51/17
f 281/41/103 292/148/103 289/149/103
f 287/10/10 292/148/10 285/40/10
f 287/10/104 290/145/104 291/147/104
f 281/35/9 290/145/9 283/49/9
usemtl Material.014
f 370/151/107 369/152/107 358/37/107
f 370/151/27 360/36/27 364/6/27
f 372/153/108 371/154/108 364/6/108
f 369/155/14 372/153/14 362/44/14
f 357/43/15 359/15/15 363/10/15
f 362/44/17 364/6/17 360/3/17
f 361/40/14 368/157/14 365/156/14
f 361/40/109 363/10/109 367/158/109
f 363/10/27 359/49/27 366/159/27
f 359/49/110 357/35/110 365/160/110
f 368/157/14 372/153/14 369/155/14
f 368/157/10 367/158/10 371/154/10
f 366/159/27 370/151/27 371/154/27
f 366/159/9 365/160/9 369/152/9
f 386/151/107 385/152/107 374/37/107
f 386/151/27 376/36/27 380/6/27
f 388/153/108 387/154/108 380/6/108
f 385/155/14 388/153/14 378/44/14
f 373/43/15 375/15/15 379/10/15
f 378/44/17 380/6/17 376/3/17
f 377/40/14 384/157/14 381/156/14
f 377/40/109 379/10/109 383/158/109
f 379/10/27 375/49/27 382/159/27
f 375/49/110 373/35/110 381/160/110
f 381/156/14 384/157/14 388/153/14
f 384/157/10 383/158/10 387/154/10
f 383/158/27 382/159/27 386/151/27
f 382/159/9 381/160/9 385/152/9
f 402/151/107 401/152/107 390/37/107
f 402/151/27 392/36/27 396/6/27
f 404/153/108 403/154/108 396/6/108
f 401/155/14 404/153/14 394/44/14
f 389/43/15 391/15/15 395/10/15
f 394/44/17 396/6/17 392/3/17
f 393/40/14 400/157/14 397/156/14
f 393/40/109 395/10/109 399/158/109
f 395/10/27 391/49/27 398/159/27
f 391/49/110 389/35/110 397/160/110
f 397/156/14 400/157/14 404/153/14
f 400/157/10 399/158/10 403/154/10
f 399/158/27 398/159/27 402/151/27
f 398/159/9 397/160/9 401/152/9
f 418/151/107 417/152/107 406/37/107
f 418/151/27 408/36/27 412/6/27
f 420/153/108 419/154/108 412/6/108
f 417/155/14 420/153/14 410/44/14
f 405/43/15 407/15/15 411/10/15
f 410/44/17 412/6/17 408/3/17
f 409/40/14 416/157/14 413/156/14
f 409/40/109 411/10/109 415/158/109
f 411/10/27 407/49/27 414/159/27
f 407/49/110 405/35/110 413/160/110
f 413/156/14 416/157/14 420/153/14
f 416/157/10 415/158/10 419/154/10
f 415/158/27 414/159/27 418/151/27
f 414/159/9 413/160/9 417/152/9
f 434/151/107 433/152/107 422/37/107
f 434/151/27 424/36/27 428/6/27
f 436/153/108 435/154/108 428/6/108
f 433/155/14 436/153/14 426/44/14
f 421/43/15 423/15/15 427/10/15
f 426/44/17 428/6/17 424/3/17
f 425/40/14 432/157/14 429/156/14
f 425/40/109 427/10/109 431/158/109
f 427/10/27 423/49/27 430/159/27
f 423/49/110 421/35/110 429/160/110
f 429/156/14 432/157/14 436/153/14
f 432/157/10 431/158/10 435/154/10
f 431/158/27 430/159/27 434/151/27
f 430/159/9 429/160/9 433/152/9
f 450/151/107 449/152/107 438/37/107
f 450/151/27 440/36/27 444/6/27
f 452/153/108 451/154/108 444/6/108
f 449/155/14 452/153/14 442/44/14
f 437/43/15 439/15/15 443/10/15
f 442/44/17 444/6/17 440/3/17
f 441/40/14 448/157/14 445/156/14
f 441/40/109 443/10/109 447/158/109
f 443/10/27 439/49/27 446/159/27
f 439/49/110 437/35/110 445/160/110
f 445/156/14 448/157/14 452/153/14
f 448/157/10 447/158/10 451/154/10
f 447/158/27 446/159/27 450/151/27
f 446/159/9 445/160/9 449/152/9
f 466/151/107 465/152/107 454/37/107
f 466/151/27 456/36/27 460/6/27
f 468/153/108 467/154/108 460/6/108
f 465/155/14 468/153/14 458/44/14
f 453/43/15 455/15/15 459/10/15
f 458/44/17 460/6/17 456/3/17
f 457/40/14 464/157/14 461/156/14
f 457/40/109 459/10/109 463/158/109
f 459/10/27 455/49/27 462/159/27
f 455/49/110 453/35/110 461/160/110
f 461/156/14 464/157/14 468/153/14
f 464/157/10 463/158/10 467/154/10
f 463/158/27 462/159/27 466/151/27
f 462/159/9 461/160/9 465/152/9
f 482/151/107 481/152/107 470/37/107
f 482/151/27 472/36/27 476/6/27
f 484/153/108 483/154/108 476/6/108
f 481/155/14 484/153/14 474/44/14
f 469/43/15 471/15/15 475/10/15
f 474/44/17 476/6/17 472/3/17
f 473/40/14 480/157/14 477/156/14
f 473/40/109 475/10/109 479/158/109
f 475/10/27 471/49/27 478/159/27
f 471/49/110 469/35/110 477/160/110
f 477/156/14 480/157/14 484/153/14
f 480/157/10 479/158/10 483/154/10
f 479/158/27 478/159/27 482/151/27
f 478/159/9 477/160/9 481/152/9
f 497/152/107 486/37/107 488/36/107
f 498/151/27 488/36/27 492/6/27
f 500/153/108 499/154/108 492/6/108
f 497/155/14 500/153/14 490/44/14
f 485/43/15 487/15/15 491/10/15
f 490/44/17 492/6/17 488/3/17
f 489/40/14 496/157/14 493/156/14
f 489/40/109 491/10/109 495/158/109
f 491/10/27 487/49/27 494/159/27
f 487/49/110 485/35/110 493/160/110
f 493/156/14 496/157/14 500/153/14
f 496/157/10 495/158/10 499/154/10
f 495/158/27 494/159/27 498/151/27
f 494/159/9 493/160/9 497/152/9
f 514/151/107 513/152/107 502/37/107
f 514/151/27 504/36/27 508/6/27
f 516/153/108 515/154/108 508/6/108
f 513/155/14 516/153/14 506/44/14
f 501/43/15 503/15/15 507/10/15
f 506/44/17 508/6/17 504/3/17
f 505/40/14 512/157/14 509/156/14
f 505/40/109 507/10/109 511/158/109
f 507/10/27 503/49/27 510/159/27
f 503/49/110 501/35/110 509/160/110
f 509/156/14 512/157/14 516/153/14
f 512/157/10 511/158/10 515/154/10
f 511/158/27 510/159/27 514/151/27
f 510/159/9 509/160/9 513/152/9
f 529/152/107 518/37/107 520/36/107
f 530/151/27 520/36/27 524/6/27
f 532/153/108 531/154/108 524/6/108
f 529/155/14 532/153/14 522/44/14
f 517/43/15 519/15/15 523/10/15
f 522/44/17 524/6/17 520/3/17
f 521/40/14 528/157/14 525/156/14
f 521/40/109 523/10/109 527/158/109
f 523/10/27 519/49/27 526/159/27
f 519/49/110 517/35/110 525/160/110
f 525/156/14 528/157/14 532/153/14
f 528/157/10 527/158/10 531/154/10
f 527/158/27 526/159/27 530/151/27
f 526/159/9 525/160/9 529/152/9
f 546/151/107 545/152/107 534/37/107
f 546/151/27 536/36/27 540/6/27
f 548/153/108 547/154/108 540/6/108
f 545/155/14 548/153/14 538/44/14
f 533/43/15 535/15/15 539/10/15
f 538/44/17 540/6/17 536/3/17
f 537/40/14 544/157/14 541/156/14
f 537/40/109 539/10/109 543/158/109
f 539/10/27 535/49/27 542/159/27
f 535/49/110 533/35/110 541/160/110
f 541/156/14 544/157/14 548/153/14
f 544/157/10 543/158/10 547/154/10
f 543/158/27 542/159/27 546/151/27
f 542/159/9 541/160/9 545/152/9
f 561/152/107 550/37/107 552/36/107
f 562/151/27 552/36/27 556/6/27
f 564/153/108 563/154/108 556/6/108
f 561/155/14 564/153/14 554/44/14
f 549/43/15 551/15/15 555/10/15
f 554/44/17 556/6/17 552/3/17
f 553/40/14 560/157/14 557/156/14
f 553/40/109 555/10/109 559/158/109
f 555/10/27 551/49/27 558/159/27
f 551/49/110 549/35/110 557/160/110
f 557/156/14 560/157/14 564/153/14
f 560/157/10 559/158/10 563/154/10
f 559/158/27 558/159/27 562/151/27
f 558/159/9 557/160/9 561/152/9
f 578/151/107 577/152/107 566/37/107
f 578/151/27 568/36/27 572/6/27
f 580/153/108 579/154/108 572/6/108
f 577/155/14 580/153/14 570/44/14
f 565/43/15 567/15/15 571/10/15
f 570/44/17 572/6/17 568/3/17
f 569/40/14 576/157/14 573/156/14
f 569/40/109 571/10/109 575/158/109
f 571/10/27 567/49/27 574/159/27
f 567/49/110 565/35/110 573/160/110
f 573/156/14 576/157/14 580/153/14
f 576/157/10 575/158/10 579/154/10
f 575/158/27 574/159/27 578/151/27
f 574/159/9 573/160/9 577/152/9
f 593/152/107 582/37/107 584/36/107
f 594/151/27 584/36/27 588/6/27
f 596/153/108 595/154/108 588/6/108
f 593/155/14 596/153/14 586/44/14
f 581/43/15 583/15/15 587/10/15
f 586/44/17 588/6/17 584/3/17
f 585/40/14 592/157/14 589/156/14
f 585/40/109 587/10/109 591/158/109
f 587/10/27 583/49/27 590/159/27
f 583/49/110 581/35/110 589/160/110
f 589/156/14 592/157/14 596/153/14
f 592/157/10 591/158/10 595/154/10
f 591/158/27 590/159/27 594/151/27
f 590/159/9 589/160/9 593/152/9
f 610/151/107 609/152/107 598/37/107
f 610/151/27 600/36/27 604/6/27
f 612/153/108 611/154/108 604/6/108
f 609/155/14 612/153/14 602/44/14
f 597/43/15 599/15/15 603/10/15
f 602/44/17 604/6/17 600/3/17
f 601/40/14 608/157/14 605/156/14
f 601/40/109 603/10/109 607/158/109
f 603/10/27 599/49/27 606/159/27
f 599/49/110 597/35/110 605/160/110
f 605/156/14 608/157/14 612/153/14
f 608/157/10 607/158/10 611/154/10
f 607/158/27 606/159/27 610/151/27
f 606/159/9 605/160/9 609/152/9
f 625/152/107 614/37/107 616/36/107
f 626/151/27 616/36/27 620/6/27
f 628/153/108 627/154/108 620/6/108
f 625/155/14 628/153/14 618/44/14
f 613/43/15 615/15/15 619/10/15
f 618/44/17 620/6/17 616/3/17
f 617/40/14 624/157/14 621/156/14
f 617/40/109 619/10/109 623/158/109
f 619/10/27 615/49/27 622/159/27
f 615/49/110 613/35/110 621/160/110
f 621/156/14 624/157/14 628/153/14
f 624/157/10 623/158/10 627/154/10
f 623/158/27 622/159/27 626/151/27
f 622/159/9 621/160/9 625/152/9
f 642/151/107 641/152/107 630/37/107
f 642/151/27 632/36/27 636/6/27
f 644/153/108 643/154/108 636/6/108
f 641/155/14 644/153/14 634/44/14
f 629/43/15 631/15/15 635/10/15
f 634/44/17 636/6/17 632/3/17
f 633/40/14 640/157/14 637/156/14
f 633/40/109 635/10/109 639/158/109
f 635/10/27 631/49/27 638/159/27
f 631/49/110 629/35/110 637/160/110
f 637/156/14 640/157/14 644/153/14
f 640/157/10 639/158/10 643/154/10
f 639/158/27 638/159/27 642/151/27
f 638/159/9 637/160/9 641/152/9
f 658/151/107 657/152/107 646/37/107
f 658/151/27 648/36/27 652/6/27
f 660/153/108 659/154/108 652/6/108
f 657/155/14 660/153/14 650/44/14
f 645/43/15 647/15/15 651/10/15
f 650/44/17 652/6/17 648/3/17
f 649/40/14 656/157/14 653/156/14
f 649/40/109 651/10/109 655/158/109
f 651/10/27 647/49/27 654/159/27
f 647/49/110 645/35/110 653/160/110
f 653/156/14 656/157/14 660/153/14
f 656/157/10 655/158/10 659/154/10
f 655/158/27 654/159/27 658/151/27
f 654/159/9 653/160/9 657/152/9
f 674/151/107 673/152/107 662/37/107
f 674/151/27 664/36/27 668/6/27
f 676/153/108 675/154/108 668/6/108
f 673/155/14 676/153/14 666/44/14
f 661/43/15 663/15/15 667/10/15
f 666/44/17 668/6/17 664/3/17
f 665/40/14 672/157/14 669/156/14
f 665/40/109 667/10/109 671/158/109
f 667/10/27 663/49/27 670/159/27
f 663/49/110 661/35/110 669/160/110
f 669/156/14 672/157/14 676/153/14
f 672/157/10 671/158/10 675/154/10
f 671/158/27 670/159/27 674/151/27
f 670/159/9 669/160/9 673/152/9
f 678/37/111 689/152/111 690/151/111
f 690/151/27 691/154/27 684/6/27
f 684/6/112 691/154/112 692/153/112
f 682/44/14 692/153/14 689/155/14
f 683/10/15 679/15/15 677/43/15
f 680/3/17 684/6/17 682/44/17
f 681/40/14 677/41/14 685/156/14
f 687/158/113 683/10/113 681/40/113
f 686/159/27 679/49/27 683/10/27
f 685/160/114 677/35/114 679/49/114
f 692/153/14 688/157/14 685/156/14
f 691/154/9 687/158/9 688/157/9
f 690/151/27 686/159/27 687/158/27
f 689/152/10 685/160/10 686/159/10
f 694/37/111 705/152/111 706/151/111
f 706/151/27 707/154/27 700/6/27
f 700/6/112 707/154/112 708/153/112
f 698/44/14 708/153/14 705/155/14
f 699/10/15 695/15/15 693/43/15
f 696/3/17 700/6/17 698/44/17
f 697/40/14 693/41/14 701/156/14
f 703/158/113 699/10/113 697/40/113
f 702/159/27 695/49/27 699/10/27
f 701/160/114 693/35/114 695/49/114
f 708/153/14 704/157/14 701/156/14
f 707/154/9 703/158/9 704/157/9
f 706/151/27 702/159/27 703/158/27
f 705/152/10 701/160/10 702/159/10
f 710/37/111 721/152/111 722/151/111
f 722/151/27 723/154/27 716/6/27
f 716/6/112 723/154/112 724/153/112
f 714/44/14 724/153/14 721/155/14
f 715/10/15 711/15/15 709/43/15
f 712/3/17 716/6/17 714/44/17
f 713/40/14 709/41/14 717/156/14
f 719/158/113 715/10/113 713/40/113
f 718/159/27 711/49/27 715/10/27
f 717/160/114 709/35/114 711/49/114
f 724/153/14 720/157/14 717/156/14
f 723/154/9 719/158/9 720/157/9
f 722/151/27 718/159/27 719/158/27
f 721/152/10 717/160/10 718/159/10
f 726/37/111 737/152/111 738/151/111
f 738/151/27 739/154/27 732/6/27
f 732/6/112 739/154/112 740/153/112
f 730/44/14 740/153/14 737/155/14
f 731/10/15 727/15/15 725/43/15
f 728/3/17 732/6/17 730/44/17
f 729/40/14 725/41/14 733/156/14
f 735/158/113 731/10/113 729/40/113
f 734/159/27 727/49/27 731/10/27
f 733/160/114 725/35/114 727/49/114
f 740/153/14 736/157/14 733/156/14
f 739/154/9 735/158/9 736/157/9
f 738/151/27 734/159/27 735/158/27
f 737/152/10 733/160/10 734/159/10
f 742/37/111 753/152/111 754/151/111
f 754/151/27 755/154/27 748/6/27
f 748/6/112 755/154/112 756/153/112
f 746/44/14 756/153/14 753/155/14
f 747/10/15 743/15/15 741/43/15
f 744/3/17 748/6/17 746/44/17
f 745/40/14 741/41/14 749/156/14
f 751/158/113 747/10/113 745/40/113
f 750/159/27 743/49/27 747/10/27
f 749/160/114 741/35/114 743/49/114
f 756/153/14 752/157/14 749/156/14
f 755/154/9 751/158/9 752/157/9
f 754/151/27 750/159/27 751/158/27
f 753/152/10 749/160/10 750/159/10
f 758/37/111 769/152/111 770/151/111
f 770/151/27 771/154/27 764/6/27
f 764/6/112 771/154/112 772/153/112
f 762/44/14 772/153/14 769/155/14
f 763/10/15 759/15/15 757/43/15
f 760/3/17 764/6/17 762/44/17
f 761/40/14 757/41/14 765/156/14
f 767/158/113 763/10/113 761/40/113
f 766/159/27 759/49/27 763/10/27
f 765/160/114 757/35/114 759/49/114
f 772/153/14 768/157/14 765/156/14
f 771/154/9 767/158/9 768/157/9
f 770/151/27 766/159/27 767/158/27
f 769/152/10 765/160/10 766/159/10
f 774/37/111 785/152/111 786/151/111
f 786/151/27 787/154/27 780/6/27
f 780/6/112 787/154/112 788/153/112
f 778/44/14 788/153/14 785/155/14
f 779/10/15 775/15/15 773/43/15
f 776/3/17 780/6/17 778/44/17
f 777/40/14 773/41/14 781/156/14
f 783/158/113 779/10/113 777/40/113
f 782/159/27 775/49/27 779/10/27
f 781/160/114 773/35/114 775/49/114
f 788/153/14 784/157/14 781/156/14
f 787/154/9 783/158/9 784/157/9
f 786/151/27 782/159/27 783/158/27
f 785/152/10 781/160/10 782/159/10
f 790/37/111 801/152/111 802/151/111
f 802/151/27 803/154/27 796/6/27
f 796/6/112 803/154/112 804/153/112
f 794/44/14 804/153/14 801/155/14
f 795/10/15 791/15/15 789/43/15
f 792/3/17 796/6/17 794/44/17
f 793/40/14 789/41/14 797/156/14
f 799/158/113 795/10/113 793/40/113
f 798/159/27 791/49/27 795/10/27
f 797/160/114 789/35/114 791/49/114
f 804/153/14 800/157/14 797/156/14
f 803/154/9 799/158/9 800/157/9
f 802/151/27 798/159/27 799/158/27
f 801/152/10 797/160/10 798/159/10
f 806/37/111 817/152/111 818/151/111
f 818/151/27 819/154/27 812/6/27
f 812/6/112 819/154/112 820/153/112
f 810/44/14 820/153/14 817/155/14
f 811/10/15 807/15/15 805/43/15
f 808/3/17 812/6/17 810/44/17
f 809/40/14 805/41/14 813/156/14
f 815/158/113 811/10/113 809/40/113
f 814/159/27 807/49/27 811/10/27
f 813/160/114 805/35/114 807/49/114
f 820/153/14 816/157/14 813/156/14
f 819/154/9 815/158/9 816/157/9
f 818/151/27 814/159/27 815/158/27
f 817/152/10 813/160/10 814/159/10
f 822/37/111 833/152/111 834/151/111
f 834/151/27 835/154/27 828/6/27
f 828/6/112 835/154/112 836/153/112
f 826/44/14 836/153/14 833/155/14
f 827/10/15 823/15/15 821/43/15
f 824/3/17 828/6/17 826/44/17
f 825/40/14 821/41/14 829/156/14
f 831/158/113 827/10/113 825/40/113
f 830/159/27 823/49/27 827/10/27
f 829/160/114 821/35/114 823/49/114
f 836/153/14 832/157/14 829/156/14
f 835/154/9 831/158/9 832/157/9
f 834/151/27 830/159/27 831/158/27
f 833/152/10 829/160/10 830/159/10
f 838/37/111 849/152/111 850/151/111
f 850/151/27 851/154/27 844/6/27
f 844/6/112 851/154/112 852/153/112
f 842/44/14 852/153/14 849/155/14
f 843/10/15 839/15/15 837/43/15
f 840/3/17 844/6/17 842/44/17
f 841/40/14 837/41/14 845/156/14
f 847/158/113 843/10/113 841/40/113
f 846/159/27 839/49/27 843/10/27
f 845/160/114 837/35/114 839/49/114
f 852/153/14 848/157/14 845/156/14
f 851/154/9 847/158/9 848/157/9
f 850/151/27 846/159/27 847/158/27
f 849/152/10 845/160/10 846/159/10
f 854/37/111 865/152/111 866/151/111
f 866/151/27 867/154/27 860/6/27
f 860/6/112 867/154/112 868/153/112
f 858/44/14 868/153/14 865/155/14
f 859/10/15 855/15/15 853/43/15
f 856/3/17 860/6/17 858/44/17
f 857/40/14 853/41/14 861/156/14
f 863/158/113 859/10/113 857/40/113
f 862/159/27 855/49/27 859/10/27
f 861/160/114 853/35/114 855/49/114
f 868/153/14 864/157/14 861/156/14
f 867/154/9 863/158/9 864/157/9
f 866/151/27 862/159/27 863/158/27
f 865/152/10 861/160/10 862/159/10
f 870/37/111 881/152/111 882/151/111
f 882/151/27 883/154/27 876/6/27
f 876/6/112 883/154/112 884/153/112
f 874/44/14 884/153/14 881/155/14
f 875/10/15 871/15/15 869/43/15
f 872/3/17 876/6/17 874/44/17
f 873/40/14 869/41/14 877/156/14
f 879/158/113 875/10/113 873/40/113
f 878/159/27 871/49/27 875/10/27
f 877/160/114 869/35/114 871/49/114
f 884/153/14 880/157/14 877/156/14
f 883/154/9 879/158/9 880/157/9
f 882/151/27 878/159/27 879/158/27
f 881/152/10 877/160/10 878/159/10
f 886/37/111 897/152/111 898/151/111
f 898/151/27 899/154/27 892/6/27
f 892/6/112 899/154/112 900/153/112
f 890/44/14 900/153/14 897/155/14
f 891/10/15 887/15/15 885/43/15
f 888/3/17 892/6/17 890/44/17
f 889/40/14 885/41/14 893/156/14
f 895/158/113 891/10/113 889/40/113
f 894/159/27 887/49/27 891/10/27
f 893/160/114 885/35/114 887/49/114
f 900/153/14 896/157/14 893/156/14
f 899/154/9 895/158/9 896/157/9
f 898/151/27 894/159/27 895/158/27
f 897/152/10 893/160/10 894/159/10
f 902/37/111 913/152/111 914/151/111
f 914/151/27 915/154/27 908/6/27
f 908/6/112 915/154/112 916/153/112
f 906/44/14 916/153/14 913/155/14
f 907/10/15 903/15/15 901/43/15
f 904/3/17 908/6/17 906/44/17
f 905/40/14 901/41/14 909/156/14
f 911/158/113 907/10/113 905/40/113
f 910/159/27 903/49/27 907/10/27
f 909/160/114 901/35/114 903/49/114
f 916/153/14 912/157/14 909/156/14
f 915/154/9 911/158/9 912/157/9
f 914/151/27 910/159/27 911/158/27
f 913/152/10 909/160/10 910/159/10
f 918/37/111 929/152/111 930/151/111
f 930/151/27 931/154/27 924/6/27
f 924/6/112 931/154/112 932/153/112
f 922/44/14 932/153/14 929/155/14
f 923/10/15 919/15/15 917/43/15
f 920/3/17 924/6/17 922/44/17
f 921/40/14 917/41/14 925/156/14
f 927/158/113 923/10/113 921/40/113
f 926/159/27 919/49/27 923/10/27
f 925/160/114 917/35/114 919/49/114
f 932/153/14 928/157/14 925/156/14
f 931/154/9 927/158/9 928/157/9
f 930/151/27 926/159/27 927/158/27
f 929/152/10 925/160/10 926/159/10
f 934/37/111 945/152/111 946/151/111
f 946/151/27 947/154/27 940/6/27
f 940/6/112 947/154/112 948/153/112
f 938/44/14 948/153/14 945/155/14
f 939/10/15 935/15/15 933/43/15
f 936/3/17 940/6/17 938/44/17
f 937/40/14 933/41/14 941/156/14
f 943/158/113 939/10/113 937/40/113
f 942/159/27 935/49/27 939/10/27
f 941/160/114 933/35/114 935/49/114
f 948/153/14 944/157/14 941/156/14
f 947/154/9 943/158/9 944/157/9
f 946/151/27 942/159/27 943/158/27
f 945/152/10 941/160/10 942/159/10
f 950/37/111 961/152/111 962/151/111
f 962/151/27 963/154/27 956/6/27
f 956/6/112 963/154/112 964/153/112
f 954/44/14 964/153/14 961/155/14
f 955/10/15 951/15/15 949/43/15
f 952/3/17 956/6/17 954/44/17
f 953/40/14 949/41/14 957/156/14
f 959/158/113 955/10/113 953/40/113
f 958/159/27 951/49/27 955/10/27
f 957/160/114 949/35/114 951/49/114
f 964/153/14 960/157/14 957/156/14
f 963/154/9 959/158/9 960/157/9
f 962/151/27 958/159/27 959/158/27
f 961/152/10 957/160/10 958/159/10
f 966/37/111 977/152/111 978/151/111
f 978/151/27 979/154/27 972/6/27
f 972/6/112 979/154/112 980/153/112
f 970/44/14 980/153/14 977/155/14
f 971/10/15 967/15/15 965/43/15
f 968/3/17 972/6/17 970/44/17
f 969/40/14 965/41/14 973/156/14
f 975/158/113 971/10/113 969/40/113
f 974/159/27 967/49/27 971/10/27
f 973/160/114 965/35/114 967/49/114
f 980/153/14 976/157/14 973/156/14
f 979/154/9 975/158/9 976/157/9
f 978/151/27 974/159/27 975/158/27
f 977/152/10 973/160/10 974/159/10
f 982/37/111 993/152/111 994/151/111
f 994/151/27 995/154/27 988/6/27
f 988/6/112 995/154/112 996/153/112
f 986/44/14 996/153/14 993/155/14
f 987/10/15 983/15/15 981/43/15
f 984/3/17 988/6/17 986/44/17
f 985/40/14 981/41/14 989/156/14
f 991/158/113 987/10/113 985/40/113
f 990/159/27 983/49/27 987/10/27
f 989/160/114 981/35/114 983/49/114
f 996/153/14 992/157/14 989/156/14
f 995/154/9 991/158/9 992/157/9
f 994/151/27 990/159/27 991/158/27
f 993/152/10 989/160/10 990/159/10
f 370/151/107 358/37/107 360/36/107
f 370/151/27 364/6/27 371/154/27
f 372/153/108 364/6/108 362/44/108
f 369/155/14 362/44/14 358/7/14
f 357/43/15 363/10/15 361/40/15
f 362/44/17 360/3/17 358/51/17
f 361/40/14 365/156/14 357/41/14
f 361/40/109 367/158/109 368/157/109
f 363/10/27 366/159/27 367/158/27
f 359/49/110 365/160/110 366/159/110
f 368/157/14 369/155/14 365/156/14
f 368/157/10 371/154/10 372/153/10
f 366/159/27 371/154/27 367/158/27
f 366/159/9 369/152/9 370/151/9
f 386/151/107 374/37/107 376/36/107
f 386/151/27 380/6/27 387/154/27
f 388/153/108 380/6/108 378/44/108
f 385/155/14 378/44/14 374/7/14
f 373/43/15 379/10/15 377/40/15
f 378/44/17 376/3/17 374/51/17
f 377/40/14 381/156/14 373/41/14
f 377/40/109 383/158/109 384/157/109
f 379/10/27 382/159/27 383/158/27
f 375/49/110 381/160/110 382/159/110
f 381/156/14 388/153/14 385/155/14
f 384/157/10 387/154/10 388/153/10
f 383/158/27 386/151/27 387/154/27
f 382/159/9 385/152/9 386/151/9
f 402/151/107 390/37/107 392/36/107
f 402/151/27 396/6/27 403/154/27
f 404/153/108 396/6/108 394/44/108
f 401/155/14 394/44/14 390/7/14
f 389/43/15 395/10/15 393/40/15
f 394/44/17 392/3/17 390/51/17
f 393/40/14 397/156/14 389/41/14
f 393/40/109 399/158/109 400/157/109
f 395/10/27 398/159/27 399/158/27
f 391/49/110 397/160/110 398/159/110
f 397/156/14 404/153/14 401/155/14
f 400/157/10 403/154/10 404/153/10
f 399/158/27 402/151/27 403/154/27
f 398/159/9 401/152/9 402/151/9
f 418/151/107 406/37/107 408/36/107
f 418/151/27 412/6/27 419/154/27
f 420/153/108 412/6/108 410/44/108
f 417/155/14 410/44/14 406/7/14
f 405/43/15 411/10/15 409/40/15
f 410/44/17 408/3/17 406/51/17
f 409/40/14 413/156/14 405/41/14
f 409/40/109 415/158/109 416/157/109
f 411/10/27 414/159/27 415/158/27
f 407/49/110 413/160/110 414/159/110
f 413/156/14 420/153/14 417/155/14
f 416/157/10 419/154/10 420/153/10
f 415/158/27 418/151/27 419/154/27
f 414/159/9 417/152/9 418/151/9
f 434/151/107 422/37/107 424/36/107
f 434/151/27 428/6/27 435/154/27
f 436/153/108 428/6/108 426/44/108
f 433/155/14 426/44/14 422/7/14
f 421/43/15 427/10/15 425/40/15
f 426/44/17 424/3/17 422/51/17
f 425/40/14 429/156/14 421/41/14
f 425/40/109 431/158/109 432/157/109
f 427/10/27 430/159/27 431/158/27
f 423/49/110 429/160/110 430/159/110
f 429/156/14 436/153/14 433/155/14
f 432/157/10 435/154/10 436/153/10
f 431/158/27 434/151/27 435/154/27
f 430/159/9 433/152/9 434/151/9
f 450/151/107 438/37/107 440/36/107
f 450/151/27 444/6/27 451/154/27
f 452/153/108 444/6/108 442/44/108
f 449/155/14 442/44/14 438/7/14
f 437/43/15 443/10/15 441/40/15
f 442/44/17 440/3/17 438/51/17
f 441/40/14 445/156/14 437/41/14
f 441/40/109 447/158/109 448/157/109
f 443/10/27 446/159/27 447/158/27
f 439/49/110 445/160/110 446/159/110
f 445/156/14 452/153/14 449/155/14
f 448/157/10 451/154/10 452/153/10
f 447/158/27 450/151/27 451/154/27
f 446/159/9 449/152/9 450/151/9
f 466/151/107 454/37/107 456/36/107
f 466/151/27 460/6/27 467/154/27
f 468/153/108 460/6/108 458/44/108
f 465/155/14 458/44/14 454/7/14
f 453/43/15 459/10/15 457/40/15
f 458/44/17 456/3/17 454/51/17
f 457/40/14 461/156/14 453/41/14
f 457/40/109 463/158/109 464/157/109
f 459/10/27 462/159/27 463/158/27
f 455/49/110 461/160/110 462/159/110
f 461/156/14 468/153/14 465/155/14
f 464/157/10 467/154/10 468/153/10
f 463/158/27 466/151/27 467/154/27
f 462/159/9 465/152/9 466/151/9
f 482/151/107 470/37/107 472/36/107
f 482/151/27 476/6/27 483/154/27
f 484/153/108 476/6/108 474/44/108
f 481/155/14 474/44/14 470/7/14
f 469/43/15 475/10/15 473/40/15
f 474/44/17 472/3/17 470/51/17
f 473/40/14 477/156/14 469/41/14
f 473/40/109 479/158/109 480/157/109
f 475/10/27 478/159/27 479/158/27
f 471/49/110 477/160/110 478/159/110
f 477/156/14 484/153/14 481/155/14
f 480/157/10 483/154/10 484/153/10
f 479/158/27 482/151/27 483/154/27
f 478/159/9 481/152/9 482/151/9
f 497/152/107 488/36/107 498/151/107
f 498/151/27 492/6/27 499/154/27
f 500/153/108 492/6/108 490/44/108
f 497/155/14 490/44/14 486/7/14
f 485/43/15 491/10/15 489/40/15
f 490/44/17 488/3/17 486/51/17
f 489/40/14 493/156/14 485/41/14
f 489/40/109 495/158/109 496/157/109
f 491/10/27 494/159/27 495/158/27
f 487/49/110 493/160/110 494/159/110
f 493/156/14 500/153/14 497/155/14
f 496/157/10 499/154/10 500/153/10
f 495/158/27 498/151/27 499/154/27
f 494/159/9 497/152/9 498/151/9
f 514/151/107 502/37/107 504/36/107
f 514/151/27 508/6/27 515/154/27
f 516/153/108 508/6/108 506/44/108
f 513/155/14 506/44/14 502/7/14
f 501/43/15 507/10/15 505/40/15
f 506/44/17 504/3/17 502/51/17
f 505/40/14 509/156/14 501/41/14
f 505/40/109 511/158/109 512/157/109
f 507/10/27 510/159/27 511/158/27
f 503/49/110 509/160/110 510/159/110
f 509/156/14 516/153/14 513/155/14
f 512/157/10 515/154/10 516/153/10
f 511/158/27 514/151/27 515/154/27
f 510/159/9 513/152/9 514/151/9
f 529/152/107 520/36/107 530/151/107
f 530/151/27 524/6/27 531/154/27
f 532/153/108 524/6/108 522/44/108
f 529/155/14 522/44/14 518/7/14
f 517/43/15 523/10/15 521/40/15
f 522/44/17 520/3/17 518/51/17
f 521/40/14 525/156/14 517/41/14
f 521/40/109 527/158/109 528/157/109
f 523/10/27 526/159/27 527/158/27
f 519/49/110 525/160/110 526/159/110
f 525/156/14 532/153/14 529/155/14
f 528/157/10 531/154/10 532/153/10
f 527/158/27 530/151/27 531/154/27
f 526/159/9 529/152/9 530/151/9
f 546/151/107 534/37/107 536/36/107
f 546/151/27 540/6/27 547/154/27
f 548/153/108 540/6/108 538/44/108
f 545/155/14 538/44/14 534/7/14
f 533/43/15 539/10/15 537/40/15
f 538/44/17 536/3/17 534/51/17
f 537/40/14 541/156/14 533/41/14
f 537/40/109 543/158/109 544/157/109
f 539/10/27 542/159/27 543/158/27
f 535/49/110 541/160/110 542/159/110
f 541/156/14 548/153/14 545/155/14
f 544/157/10 547/154/10 548/153/10
f 543/158/27 546/151/27 547/154/27
f 542/159/9 545/152/9 546/151/9
f 561/152/107 552/36/107 562/151/107
f 562/151/27 556/6/27 563/154/27
f 564/153/108 556/6/108 554/44/108
f 561/155/14 554/44/14 550/7/14
f 549/43/15 555/10/15 553/40/15
f 554/44/17 552/3/17 550/51/17
f 553/40/14 557/156/14 549/41/14
f 553/40/109 559/158/109 560/157/109
f 555/10/27 558/159/27 559/158/27
f 551/49/110 557/160/110 558/159/110
f 557/156/14 564/153/14 561/155/14
f 560/157/10 563/154/10 564/153/10
f 559/158/27 562/151/27 563/154/27
f 558/159/9 561/152/9 562/151/9
f 578/151/107 566/37/107 568/36/107
f 578/151/27 572/6/27 579/154/27
f 580/153/108 572/6/108 570/44/108
f 577/155/14 570/44/14 566/7/14
f 565/43/15 571/10/15 569/40/15
f 570/44/17 568/3/17 566/51/17
f 569/40/14 573/156/14 565/41/14
f 569/40/109 575/158/109 576/157/109
f 571/10/27 574/159/27 575/158/27
f 567/49/110 573/160/110 574/159/110
f 573/156/14 580/153/14 577/155/14
f 576/157/10 579/154/10 580/153/10
f 575/158/27 578/151/27 579/154/27
f 574/159/9 577/152/9 578/151/9
f 593/152/107 584/36/107 594/151/107
f 594/151/27 588/6/27 595/154/27
f 596/153/108 588/6/108 586/44/108
f 593/155/14 586/44/14 582/7/14
f 581/43/15 587/10/15 585/40/15
f 586/44/17 584/3/17 582/51/17
f 585/40/14 589/156/14 581/41/14
f 585/40/109 591/158/109 592/157/109
f 587/10/27 590/159/27 591/158/27
f 583/49/110 589/160/110 590/159/110
f 589/156/14 596/153/14 593/155/14
f 592/157/10 595/154/10 596/153/10
f 591/158/27 594/151/27 595/154/27
f 590/159/9 593/152/9 594/151/9
f 610/151/107 598/37/107 600/36/107
f 610/151/27 604/6/27 611/154/27
f 612/153/108 604/6/108 602/44/108
f 609/155/14 602/44/14 598/7/14
f 597/43/15 603/10/15 601/40/15
f 602/44/17 600/3/17 598/51/17
f 601/40/14 605/156/14 597/41/14
f 601/40/109 607/158/109 608/157/109
f 603/10/27 606/159/27 607/158/27
f 599/49/110 605/160/110 606/159/110
f 605/156/14 612/153/14 609/155/14
f 608/157/10 611/154/10 612/153/10
f 607/158/27 610/151/27 611/154/27
f 606/159/9 609/152/9 610/151/9
f 625/152/107 616/36/107 626/151/107
f 626/151/27 620/6/27 627/154/27
f 628/153/108 620/6/108 618/44/108
f 625/155/14 618/44/14 614/7/14
f 613/43/15 619/10/15 617/40/15
f 618/44/17 616/3/17 614/51/17
f 617/40/14 621/156/14 613/41/14
f 617/40/109 623/158/109 624/157/109
f 619/10/27 622/159/27 623/158/27
f 615/49/110 621/160/110 622/159/110
f 621/156/14 628/153/14 625/155/14
f 624/157/10 627/154/10 628/153/10
f 623/158/27 626/151/27 627/154/27
f 622/159/9 625/152/9 626/151/9
f 642/151/107 630/37/107 632/36/107
f 642/151/27 636/6/27 643/154/27
f 644/153/108 636/6/108 634/44/108
f 641/155/14 634/44/14 630/7/14
f 629/43/15 635/10/15 633/40/15
f 634/44/17 632/3/17 630/51/17
f 633/40/14 637/156/14 629/41/14
f 633/40/109 639/158/109 640/157/109
f 635/10/27 638/159/27 639/158/27
f 631/49/110 637/160/110 638/159/110
f 637/156/14 644/153/14 641/155/14
f 640/157/10 643/154/10 644/153/10
f 639/158/27 642/151/27 643/154/27
f 638/159/9 641/152/9 642/151/9
f 658/151/107 646/37/107 648/36/107
f 658/151/27 652/6/27 659/154/27
f 660/153/108 652/6/108 650/44/108
f 657/155/14 650/44/14 646/7/14
f 645/43/15 651/10/15 649/40/15
f 650/44/17 648/3/17 646/51/17
f 649/40/14 653/156/14 645/41/14
f 649/40/109 655/158/109 656/157/109
f 651/10/27 654/159/27 655/158/27
f 647/49/110 653/160/110 654/159/110
f 653/156/14 660/153/14 657/155/14
f 656/157/10 659/154/10 660/153/10
f 655/158/27 658/151/27 659/154/27
f 654/159/9 657/152/9 658/151/9
f 674/151/107 662/37/107 664/36/107
f 674/151/27 668/6/27 675/154/27
f 676/153/108 668/6/108 666/44/108
f 673/155/14 666/44/14 662/7/14
f 661/43/15 667/10/15 665/40/15
f 666/44/17 664/3/17 662/51/17
f 665/40/14 669/156/14 661/41/14
f 665/40/109 671/158/109 672/157/109
f 667/10/27 670/159/27 671/158/27
f 663/49/110 669/160/110 670/159/110
f 669/156/14 676/153/14 673/155/14
f 672/157/10 675/154/10 676/153/10
f 671/158/27 674/151/27 675/154/27
f 670/159/9 673/152/9 674/151/9
f 678/37/111 690/151/111 680/36/111
f 690/151/27 684/6/27 680/36/27
f 684/6/112 692/153/112 682/44/112
f 682/44/14 689/155/14 678/7/14
f 683/10/15 677/43/15 681/40/15
f 680/3/17 682/44/17 678/51/17
f 681/40/14 685/156/14 688/157/14
f 687/158/113 681/40/113 688/157/113
f 686/159/27 683/10/27 687/158/27
f 685/160/114 679/49/114 686/159/114
f 692/153/14 685/156/14 689/155/14
f 691/154/9 688/157/9 692/153/9
f 690/151/27 687/158/27 691/154/27
f 689/152/10 686/159/10 690/151/10
f 694/37/111 706/151/111 696/36/111
f 706/151/27 700/6/27 696/36/27
f 700/6/112 708/153/112 698/44/112
f 698/44/14 705/155/14 694/7/14
f 699/10/15 693/43/15 697/40/15
f 696/3/17 698/44/17 694/51/17
f 697/40/14 701/156/14 704/157/14
f 703/158/113 697/40/113 704/157/113
f 702/159/27 699/10/27 703/158/27
f 701/160/114 695/49/114 702/159/114
f 708/153/14 701/156/14 705/155/14
f 707/154/9 704/157/9 708/153/9
f 706/151/27 703/158/27 707/154/27
f 705/152/10 702/159/10 706/151/10
f 710/37/111 722/151/111 712/36/111
f 722/151/27 716/6/27 712/36/27
f 716/6/112 724/153/112 714/44/112
f 714/44/14 721/155/14 710/7/14
f 715/10/15 709/43/15 713/40/15
f 712/3/17 714/44/17 710/51/17
f 713/40/14 717/156/14 720/157/14
f 719/158/113 713/40/113 720/157/113
f 718/159/27 715/10/27 719/158/27
f 717/160/114 711/49/114 718/159/114
f 724/153/14 717/156/14 721/155/14
f 723/154/9 720/157/9 724/153/9
f 722/151/27 719/158/27 723/154/27
f 721/152/10 718/159/10 722/151/10
f 726/37/111 738/151/111 728/36/111
f 738/151/27 732/6/27 728/36/27
f 732/6/112 740/153/112 730/44/112
f 730/44/14 737/155/14 726/7/14
f 731/10/15 725/43/15 729/40/15
f 728/3/17 730/44/17 726/51/17
f 729/40/14 733/156/14 736/157/14
f 735/158/113 729/40/113 736/157/113
f 734/159/27 731/10/27 735/158/27
f 733/160/114 727/49/114 734/159/114
f 740/153/14 733/156/14 737/155/14
f 739/154/9 736/157/9 740/153/9
f 738/151/27 735/158/27 739/154/27
f 737/152/10 734/159/10 738/151/10
f 742/37/111 754/151/111 744/36/111
f 754/151/27 748/6/27 744/36/27
f 748/6/112 756/153/112 746/44/112
f 746/44/14 753/155/14 742/7/14
f 747/10/15 741/43/15 745/40/15
f 744/3/17 746/44/17 742/51/17
f 745/40/14 749/156/14 752/157/14
f 751/158/113 745/40/113 752/157/113
f 750/159/27 747/10/27 751/158/27
f 749/160/114 743/49/114 750/159/114
f 756/153/14 749/156/14 753/155/14
f 755/154/9 752/157/9 756/153/9
f 754/151/27 751/158/27 755/154/27
f 753/152/10 750/159/10 754/151/10
f 758/37/111 770/151/111 760/36/111
f 770/151/27 764/6/27 760/36/27
f 764/6/112 772/153/112 762/44/112
f 762/44/14 769/155/14 758/7/14
f 763/10/15 757/43/15 761/40/15
f 760/3/17 762/44/17 758/51/17
f 761/40/14 765/156/14 768/157/14
f 767/158/113 761/40/113 768/157/113
f 766/159/27 763/10/27 767/158/27
f 765/160/114 759/49/114 766/159/114
f 772/153/14 765/156/14 769/155/14
f 771/154/9 768/157/9 772/153/9
f 770/151/27 767/158/27 771/154/27
f 769/152/10 766/159/10 770/151/10
f 774/37/111 786/151/111 776/36/111
f 786/151/27 780/6/27 776/36/27
f 780/6/112 788/153/112 778/44/112
f 778/44/14 785/155/14 774/7/14
f 779/10/15 773/43/15 777/40/15
f 776/3/17 778/44/17 774/51/17
f 777/40/14 781/156/14 784/157/14
f 783/158/113 777/40/113 784/157/113
f 782/159/27 779/10/27 783/158/27
f 781/160/114 775/49/114 782/159/114
f 788/153/14 781/156/14 785/155/14
f 787/154/9 784/157/9 788/153/9
f 786/151/27 783/158/27 787/154/27
f 785/152/10 782/159/10 786/151/10
f 790/37/111 802/151/111 792/36/111
f 802/151/27 796/6/27 792/36/27
f 796/6/112 804/153/112 794/44/112
f 794/44/14 801/155/14 790/7/14
f 795/10/15 789/43/15 793/40/15
f 792/3/17 794/44/17 790/51/17
f 793/40/14 797/156/14 800/157/14
f 799/158/113 793/40/113 800/157/113
f 798/159/27 795/10/27 799/158/27
f 797/160/114 791/49/114 798/159/114
f 804/153/14 797/156/14 801/155/14
f 803/154/9 800/157/9 804/153/9
f 802/151/27 799/158/27 803/154/27
f 801/152/10 798/159/10 802/151/10
f 806/37/111 818/151/111 808/36/111
f 818/151/27 812/6/27 808/36/27
f 812/6/112 820/153/112 810/44/112
f 810/44/14 817/155/14 806/7/14
f 811/10/15 805/43/15 809/40/15
f 808/3/17 810/44/17 806/51/17
f 809/40/14 813/156/14 816/157/14
f 815/158/113 809/40/113 816/157/113
f 814/159/27 811/10/27 815/158/27
f 813/160/114 807/49/114 814/159/114
f 820/153/14 813/156/14 817/155/14
f 819/154/9 816/157/9 820/153/9
f 818/151/27 815/158/27 819/154/27
f 817/152/10 814/159/10 818/151/10
f 822/37/111 834/151/111 824/36/111
f 834/151/27 828/6/27 824/36/27
f 828/6/112 836/153/112 826/44/112
f 826/44/14 833/155/14 822/7/14
f 827/10/15 821/43/15 825/40/15
f 824/3/17 826/44/17 822/51/17
f 825/40/14 829/156/14 832/157/14
f 831/158/113 825/40/113 832/157/113
f 830/159/27 827/10/27 831/158/27
f 829/160/114 823/49/114 830/159/114
f 836/153/14 829/156/14 833/155/14
f 835/154/9 832/157/9 836/153/9
f 834/151/27 831/158/27 835/154/27
f 833/152/10 830/159/10 834/151/10
f 838/37/111 850/151/111 840/36/111
f 850/151/27 844/6/27 840/36/27
f 844/6/112 852/153/112 842/44/112
f 842/44/14 849/155/14 838/7/14
f 843/10/15 837/43/15 841/40/15
f 840/3/17 842/44/17 838/51/17
f 841/40/14 845/156/14 848/157/14
f 847/158/113 841/40/113 848/157/113
f 846/159/27 843/10/27 847/158/27
f 845/160/114 839/49/114 846/159/114
f 852/153/14 845/156/14 849/155/14
f 851/154/9 848/157/9 852/153/9
f 850/151/27 847/158/27 851/154/27
f 849/152/10 846/159/10 850/151/10
f 854/37/111 866/151/111 856/36/111
f 866/151/27 860/6/27 856/36/27
f 860/6/112 868/153/112 858/44/112
f 858/44/14 865/155/14 854/7/14
f 859/10/15 853/43/15 857/40/15
f 856/3/17 858/44/17 854/51/17
f 857/40/14 861/156/14 864/157/14
f 863/158/113 857/40/113 864/157/113
f 862/159/27 859/10/27 863/158/27
f 861/160/114 855/49/114 862/159/114
f 868/153/14 861/156/14 865/155/14
f 867/154/9 864/157/9 868/153/9
f 866/151/27 863/158/27 867/154/27
f 865/152/10 862/159/10 866/151/10
f 870/37/111 882/151/111 872/36/111
f 882/151/27 876/6/27 872/36/27
f 876/6/112 884/153/112 874/44/112
f 874/44/14 881/155/14 870/7/14
f 875/10/15 869/43/15 873/40/15
f 872/3/17 874/44/17 870/51/17
f 873/40/14 877/156/14 880/157/14
f 879/158/113 873/40/113 880/157/113
f 878/159/27 875/10/27 879/158/27
f 877/160/114 871/49/114 878/159/114
f 884/153/14 877/156/14 881/155/14
f 883/154/9 880/157/9 884/153/9
f 882/151/27 879/158/27 883/154/27
f 881/152/10 878/159/10 882/151/10
f 886/37/111 898/151/111 888/36/111
f 898/151/27 892/6/27 888/36/27
f 892/6/112 900/153/112 890/44/112
f 890/44/14 897/155/14 886/7/14
f 891/10/15 885/43/15 889/40/15
f 888/3/17 890/44/17 886/51/17
f 889/40/14 893/156/14 896/157/14
f 895/158/113 889/40/113 896/157/113
f 894/159/27 891/10/27 895/158/27
f 893/160/114 887/49/114 894/159/114
f 900/153/14 893/156/14 897/155/14
f 899/154/9 896/157/9 900/153/9
f 898/151/27 895/158/27 899/154/27
f 897/152/10 894/159/10 898/151/10
f 902/37/111 914/151/111 904/36/111
f 914/151/27 908/6/27 904/36/27
f 908/6/112 916/153/112 906/44/112
f 906/44/14 913/155/14 902/7/14
f 907/10/15 901/43/15 905/40/15
f 904/3/17 906/44/17 902/51/17
f 905/40/14 909/156/14 912/157/14
f 911/158/113 905/40/113 912/157/113
f 910/159/27 907/10/27 911/158/27
f 909/160/114 903/49/114 910/159/114
f 916/153/14 909/156/14 913/155/14
f 915/154/9 912/157/9 916/153/9
f 914/151/27 911/158/27 915/154/27
f 913/152/10 910/159/10 914/151/10
f 918/37/111 930/151/111 920/36/111
f 930/151/27 924/6/27 920/36/27
f 924/6/112 932/153/112 922/44/112
f 922/44/14 929/155/14 918/7/14
f 923/10/15 917/43/15 921/40/15
f 920/3/17 922/44/17 918/51/17
f 921/40/14 925/156/14 928/157/14
f 927/158/113 921/40/113 928/157/113
f 926/159/27 923/10/27 927/158/27
f 925/160/114 919/49/114 926/159/114
f 932/153/14 925/156/14 929/155/14
f 931/154/9 928/157/9 932/153/9
f 930/151/27 927/158/27 931/154/27
f 929/152/10 926/159/10 930/151/10
f 934/37/111 946/151/111 936/36/111
f 946/151/27 940/6/27 936/36/27
f 940/6/112 948/153/112 938/44/112
f 938/44/14 945/155/14 934/7/14
f 939/10/15 933/43/15 937/40/15
f 936/3/17 938/44/17 934/51/17
f 937/40/14 941/156/14 944/157/14
f 943/158/113 937/40/113 944/157/113
f 942/159/27 939/10/27 943/158/27
f 941/160/114 935/49/114 942/159/114
f 948/153/14 941/156/14 945/155/14
f 947/154/9 944/157/9 948/153/9
f 946/151/27 943/158/27 947/154/27
f 945/152/10 942/159/10 946/151/10
f 950/37/111 962/151/111 952/36/111
f 962/151/27 956/6/27 952/36/27
f 956/6/112 964/153/112 954/44/112
f 954/44/14 961/155/14 950/7/14
f 955/10/15 949/43/15 953/40/15
f 952/3/17 954/44/17 950/51/17
f 953/40/14 957/156/14 960/157/14
f 959/158/113 953/40/113 960/157/113
f 958/159/27 955/10/27 959/158/27
f 957/160/114 951/49/114 958/159/114
f 964/153/14 957/156/14 961/155/14
f 963/154/9 960/157/9 964/153/9
f 962/151/27 959/158/27 963/154/27
f 961/152/10 958/159/10 962/151/10
f 966/37/111 978/151/111 968/36/111
f 978/151/27 972/6/27 968/36/27
f 972/6/112 980/153/112 970/44/112
f 970/44/14 977/155/14 966/7/14
f 971/10/15 965/43/15 969/40/15
f 968/3/17 970/44/17 966/51/17
f 969/40/14 973/156/14 976/157/14
f 975/158/113 969/40/113 976/157/113
f 974/159/27 971/10/27 975/158/27
f 973/160/114 967/49/114 974/159/114
f 980/153/14 973/156/14 977/155/14
f 979/154/9 976/157/9 980/153/9
f 978/151/27 975/158/27 979/154/27
f 977/152/10 974/159/10 978/151/10
f 982/37/111 994/151/111 984/36/111
f 994/151/27 988/6/27 984/36/27
f 988/6/112 996/153/112 986/44/112
f 986/44/14 993/155/14 982/7/14
f 987/10/15 981/43/15 985/40/15
f 984/3/17 986/44/17 982/51/17
f 985/40/14 989/156/14 992/157/14
f 991/158/113 985/40/113 992/157/113
f 990/159/27 987/10/27 991/158/27
f 989/160/114 983/49/114 990/159/114
f 996/153/14 989/156/14 993/155/14
f 995/154/9 992/157/9 996/153/9
f 994/151/27 991/158/27 995/154/27
f 993/152/10 990/159/10 994/151/10
usemtl Material.011
f 1239/3/1 1237/1/1 1254/140/1
f 1241/5/2 1239/3/2 1253/2/2
f 1243/6/3 1241/5/3 1255/4/3
f 1243/6/4 1256/7/4 1257/9/4
f 1247/10/5 1245/8/5 1257/9/5
f 1249/12/6 1247/10/6 1258/41/6
f 1262/14/4 1238/14/4 1252/13/4
f 1251/15/7 1249/12/7 1259/11/7
f 1237/17/8 1251/15/8 1260/16/8
f 1247/19/10 1239/150/10 1243/18/10
f 1238/14/9 1240/21/9 1253/24/9
f 1240/21/9 1242/23/9 1255/26/9
f 1242/23/9 1244/25/9 1256/28/9
f 1244/25/9 1246/30/9 1257/27/9
f 1257/27/9 1246/30/9 1248/29/9
f 1258/32/9 1248/29/9 1250/31/9
f 1259/34/9 1250/31/9 1252/13/9
f 1260/33/9 1252/13/9 1238/14/9
f 1265/30/9 1262/14/9 1267/31/9
f 1267/31/2 1250/31/2 1248/29/2
f 1265/30/8 1246/30/8 1244/25/8
f 1263/23/6 1242/23/6 1240/21/6
f 1268/13/3 1252/13/3 1250/31/3
f 1266/29/1 1248/29/1 1246/30/1
f 1264/25/7 1244/25/7 1242/23/7
f 1261/21/5 1240/21/5 1238/14/5
f 1239/3/1 1254/140/1 1253/2/1
f 1241/5/2 1253/2/2 1255/4/2
f 1243/6/3 1255/4/3 1256/7/3
f 1243/6/4 1257/9/4 1245/8/4
f 1247/10/5 1257/9/5 1258/41/5
f 1249/12/6 1258/41/6 1259/11/6
f 1262/14/4 1252/13/4 1268/13/4
f 1251/15/7 1259/11/7 1260/16/7
f 1237/17/8 1260/16/8 1254/105/8
f 1239/150/10 1251/20/10 1237/161/10
f 1251/20/10 1247/19/10 1249/164/10
f 1247/19/10 1243/18/10 1245/163/10
f 1243/18/10 1239/150/10 1241/162/10
f 1239/150/10 1247/19/10 1251/20/10
f 1238/14/9 1253/24/9 1254/22/9
f 1240/21/9 1255/26/9 1253/24/9
f 1242/23/9 1256/28/9 1255/26/9
f 1244/25/9 1257/27/9 1256/28/9
f 1257/27/9 1248/29/9 1258/32/9
f 1258/32/9 1250/31/9 1259/34/9
f 1259/34/9 1252/13/9 1260/33/9
f 1260/33/9 1238/14/9 1254/22/9
f 1262/14/9 1263/23/9 1261/21/9
f 1263/23/9 1265/30/9 1264/25/9
f 1265/30/9 1267/31/9 1266/29/9
f 1267/31/9 1262/14/9 1268/13/9
f 1262/14/9 1265/30/9 1263/23/9
f 1267/31/2 1248/29/2 1266/29/2
f 1265/30/8 1244/25/8 1264/25/8
f 1263/23/6 1240/21/6 1261/21/6
f 1268/13/3 1250/31/3 1267/31/3
f 1266/29/1 1246/30/1 1265/30/1
f 1264/25/7 1242/23/7 1263/23/7
f 1261/21/5 1238/14/5 1262/14/5
