# Blender 4.5.3 LTS
# www.blender.org
mtllib laser2.mtl
o BézierCurve.001
v -0.090075 2.376706 0.949142
v -0.090074 2.371799 0.940429
v -0.098734 2.369343 0.936073
v -0.107395 2.371794 0.940431
v -0.107395 2.376702 0.949144
v -0.098735 2.379158 0.953499
v -0.090128 2.509867 0.911790
v -0.090126 2.502892 0.904624
v -0.098786 2.499402 0.901042
v -0.107447 2.502885 0.904627
v -0.107448 2.509859 0.911794
v -0.098789 2.513350 0.915375
v -0.090129 2.601248 0.519719
v -0.090125 2.591303 0.518985
v -0.098784 2.586327 0.518620
v -0.107446 2.591297 0.518989
v -0.107449 2.601242 0.519723
v -0.098791 2.606218 0.520088
v -0.090651 2.600686 -0.566592
v -0.090646 2.590766 -0.565324
v -0.099304 2.585804 -0.564672
v -0.107966 2.590762 -0.565288
v -0.107972 2.600681 -0.566556
v -0.099314 2.605643 -0.567208
v -0.091484 2.518757 -0.881015
v -0.091477 2.510687 -0.875110
v -0.100134 2.506640 -0.872163
v -0.108798 2.510664 -0.875121
v -0.108805 2.518734 -0.881026
v -0.100148 2.522780 -0.883974
v -0.089832 2.238959 -1.057081
v -0.089861 2.236396 -1.047414
v -0.098535 2.235048 -1.042625
v -0.107181 2.236262 -1.047501
v -0.107152 2.238825 -1.057167
v -0.098478 2.240173 -1.061957
v -0.374607 0.000000 -0.927184
v -0.920505 0.000000 -0.390731
v -0.927184 0.000000 0.374607
v -0.390731 0.000000 0.920505
v 0.374607 0.000000 0.927184
v 0.920505 0.000000 0.390731
v 0.927184 0.000000 -0.374607
v 0.390731 0.000000 -0.920505
v -0.374607 0.311450 -0.927184
v -0.920505 0.311450 -0.390731
v -0.927184 0.311450 0.374607
v -0.390731 0.311450 0.920505
v 0.374607 0.311450 0.927184
v 0.920505 0.311450 0.390731
v 0.927184 0.311450 -0.374607
v 0.390731 0.311450 -0.920505
v -0.101177 1.794846 -1.115896
v -0.183873 2.028016 -1.115896
v -0.101177 1.794846 -2.613324
v -0.183873 2.028016 -2.522649
v 0.091554 1.794846 -1.115896
v 0.181461 2.028016 -1.115896
v 0.091554 1.794846 -2.613324
v 0.181461 2.028016 -2.522649
v 0.066709 1.911270 -1.115896
v -0.070816 1.911270 -1.115896
v -0.067794 1.911270 -2.522649
v 0.068220 1.911270 -2.522649
v -0.101177 2.419149 -1.115896
v -0.183873 2.185979 -1.115896
v -0.101177 2.419149 -2.613324
v -0.183873 2.185979 -2.522649
v 0.091554 2.419149 -1.115896
v 0.182955 2.185979 -1.115896
v 0.091554 2.419149 -2.613324
v 0.182955 2.185979 -2.522649
v 0.066709 2.302725 -1.115896
v -0.070816 2.302725 -1.115896
v -0.067794 2.302725 -2.522649
v 0.068220 2.302725 -2.522649
v 0.135213 2.303904 -1.636916
v 0.135914 1.910704 -1.636916
v 0.135213 2.303904 -1.316980
v 0.135914 1.910704 -1.316980
v 0.121859 2.303904 -1.636916
v 0.122560 1.910704 -1.636916
v 0.121859 2.303904 -1.316980
v 0.122560 1.910704 -1.316980
v 0.180868 2.186880 -1.636916
v 0.180868 2.186880 -1.113811
v 0.167514 2.186880 -1.113811
v 0.167514 2.186880 -1.636916
v 0.180868 2.025342 -1.636916
v 0.180868 2.025342 -1.113811
v 0.167514 2.025342 -1.113811
v 0.167514 2.025342 -1.636916
v 0.155805 0.698753 -0.389582
v 0.220342 0.300000 -0.541621
v 0.155805 -0.098753 -0.389582
v 0.369718 0.698753 -0.171903
v 0.522860 0.300000 -0.233777
v 0.369718 -0.098753 -0.171903
v 0.367054 0.698753 0.133278
v 0.519093 0.300000 0.197814
v 0.367054 -0.098753 0.133278
v 0.149376 0.698753 0.347190
v 0.211249 0.300000 0.500332
v 0.149376 -0.098753 0.347190
v -0.155805 0.698753 0.344527
v -0.220342 0.300000 0.496565
v -0.155805 -0.098753 0.344527
v -0.000000 -0.263922 -0.022528
v -0.369718 0.698753 0.126848
v -0.522860 0.300000 0.188721
v -0.369718 -0.098753 0.126848
v -0.367054 0.698753 -0.178333
v -0.519093 0.300000 -0.242870
v -0.367054 -0.098753 -0.178333
v 0.000000 0.863922 -0.022528
v -0.149376 0.698753 -0.392245
v -0.211249 0.300000 -0.545387
v -0.149376 -0.098753 -0.392245
v -0.137410 2.303904 -1.636916
v -0.138112 1.910704 -1.636916
v -0.137410 2.303904 -1.316980
v -0.138112 1.910704 -1.316980
v -0.124057 2.303904 -1.636916
v -0.124758 1.910704 -1.636916
v -0.124057 2.303904 -1.316980
v -0.124758 1.910704 -1.316980
v -0.183066 2.186880 -1.636916
v -0.183066 2.186880 -1.113811
v -0.169712 2.186880 -1.113811
v -0.169712 2.186880 -1.636916
v -0.183066 2.025342 -1.636916
v -0.183066 2.025342 -1.113811
v -0.169712 2.025342 -1.113811
v -0.169712 2.025342 -1.636916
v -0.057042 2.242044 -1.035646
v -0.139709 2.160808 -1.035646
v -0.140720 2.044911 -1.035646
v -0.059484 1.962244 -1.035646
v 0.056414 1.961232 -1.035646
v 0.139081 2.042469 -1.035646
v 0.140092 2.158366 -1.035646
v 0.058856 2.241033 -1.035646
v -0.139709 2.160808 -1.325047
v -0.057042 2.242044 -1.325047
v -0.140720 2.044911 -1.325047
v -0.059484 1.962244 -1.325047
v 0.056414 1.961232 -1.325047
v 0.139081 2.042469 -1.325047
v 0.140092 2.158366 -1.325047
v 0.058856 2.241033 -1.325047
v -0.095163 2.141900 -1.325047
v -0.038914 2.197176 -1.325047
v -0.095851 2.063039 -1.325047
v -0.040575 2.006789 -1.325047
v 0.038285 2.006101 -1.325047
v 0.094535 2.061378 -1.325047
v 0.095223 2.140238 -1.325047
v 0.039947 2.196487 -1.325047
v -0.095163 2.141899 -1.111346
v -0.038914 2.197176 -1.111346
v -0.095851 2.063039 -1.111346
v -0.040575 2.006789 -1.111346
v 0.038285 2.006101 -1.111346
v 0.094535 2.061378 -1.111346
v 0.095223 2.140238 -1.111346
v 0.039947 2.196487 -1.111346
v -0.043641 1.994401 -1.167972
v 0.044878 1.995173 -1.167972
v 0.106924 2.058311 -1.167972
v 0.106151 2.146830 -1.167972
v 0.043013 2.208876 -1.167972
v -0.045506 2.208103 -1.167972
v -0.107552 2.144965 -1.167972
v -0.106779 2.056447 -1.167972
v -0.255780 1.711320 0.982391
v -0.255780 1.751183 1.134687
v -0.277245 1.751183 0.982391
v -0.190780 2.451458 1.134687
v -0.190780 2.491320 0.982391
v -0.212245 2.451458 0.982391
v -0.255780 1.711320 -0.998313
v -0.277245 1.751183 -0.998313
v -0.255780 1.751183 -1.150609
v -0.190780 2.491320 -0.998313
v -0.190780 2.451458 -1.150609
v -0.212245 2.451458 -0.998313
v 0.251291 1.711320 0.982391
v 0.272755 1.751183 0.982391
v 0.251291 1.751183 1.134687
v 0.186291 2.491320 0.982391
v 0.186291 2.451458 1.134687
v 0.207755 2.451458 0.982391
v 0.251291 1.711320 -0.998313
v 0.251291 1.751183 -1.150609
v 0.272755 1.751183 -0.998313
v 0.186291 2.491320 -0.998313
v 0.207755 2.451458 -0.998313
v 0.186291 2.451458 -1.150609
v -0.255780 2.265904 1.134687
v -0.277245 2.265905 0.982391
v -0.255780 2.265904 -1.150609
v -0.277245 2.265905 -0.998313
v 0.272755 2.265905 -0.998313
v 0.251291 2.265905 -1.150609
v 0.251291 2.265905 1.134687
v 0.272755 2.265905 0.982391
v 0.109635 2.376706 0.949142
v 0.109635 2.371799 0.940429
v 0.100975 2.369343 0.936073
v 0.092315 2.371794 0.940431
v 0.092314 2.376702 0.949144
v 0.100974 2.379158 0.953499
v 0.109582 2.509867 0.911790
v 0.109584 2.502892 0.904624
v 0.100924 2.499402 0.901042
v 0.092263 2.502885 0.904627
v 0.092261 2.509859 0.911794
v 0.100921 2.513350 0.915375
v 0.109581 2.601248 0.519719
v 0.109584 2.591303 0.518985
v 0.100926 2.586327 0.518620
v 0.092264 2.591297 0.518989
v 0.092261 2.601242 0.519723
v 0.100919 2.606218 0.520088
v 0.109058 2.600686 -0.566592
v 0.109064 2.590766 -0.565324
v 0.100406 2.585804 -0.564672
v 0.091743 2.590762 -0.565288
v 0.091738 2.600681 -0.566556
v 0.100396 2.605643 -0.567208
v 0.108225 2.518757 -0.881015
v 0.108232 2.510687 -0.875110
v 0.099576 2.506640 -0.872163
v 0.090912 2.510664 -0.875121
v 0.090905 2.518734 -0.881026
v 0.099561 2.522780 -0.883974
v 0.109877 2.238959 -1.057081
v 0.109849 2.236396 -1.047414
v 0.101175 2.235048 -1.042625
v 0.092529 2.236262 -1.047501
v 0.092558 2.238825 -1.057167
v 0.101232 2.240173 -1.061957
v 0.006337 2.376706 0.949142
v 0.006337 2.371799 0.940429
v -0.002323 2.369343 0.936073
v -0.010983 2.371794 0.940431
v -0.010984 2.376702 0.949144
v -0.002324 2.379158 0.953499
v 0.006284 2.509867 0.911790
v 0.006285 2.502892 0.904624
v -0.002374 2.499402 0.901042
v -0.011035 2.502885 0.904627
v -0.011037 2.509859 0.911794
v -0.002377 2.513350 0.915375
v 0.006283 2.601248 0.519719
v 0.006286 2.591303 0.518985
v -0.002372 2.586327 0.518620
v -0.011034 2.591297 0.518989
v -0.011038 2.601242 0.519723
v -0.002379 2.606218 0.520088
v 0.005760 2.600686 -0.566592
v 0.005766 2.590766 -0.565324
v -0.002892 2.585804 -0.564672
v -0.011555 2.590762 -0.565288
v -0.011560 2.600681 -0.566556
v -0.002902 2.605643 -0.567208
v 0.004927 2.518757 -0.881015
v 0.004934 2.510687 -0.875110
v -0.003723 2.506640 -0.872163
v -0.012386 2.510664 -0.875121
v -0.012393 2.518734 -0.881026
v -0.003737 2.522780 -0.883974
v 0.006579 2.238959 -1.057081
v 0.006551 2.236396 -1.047414
v -0.002123 2.235048 -1.042625
v -0.010769 2.236262 -1.047501
v -0.010740 2.238825 -1.057167
v -0.002066 2.240173 -1.061957
v 0.578242 1.759353 0.505689
v 0.439368 2.664455 0.565689
v 0.578242 1.759353 -0.505689
v 0.439368 2.664455 -0.565689
v 0.388322 1.759353 0.505689
v 0.249447 2.664455 0.565689
v 0.388322 1.759353 -0.505689
v 0.249447 2.664455 -0.565689
v 0.578242 2.388160 0.565689
v 0.578242 2.388160 -0.565689
v 0.388322 2.388160 -0.565689
v 0.388322 2.388160 0.565689
v -0.578242 1.759353 0.505689
v -0.439368 2.664455 0.565689
v -0.578242 1.759353 -0.505689
v -0.439368 2.664455 -0.565689
v -0.388322 1.759353 0.505689
v -0.249447 2.664455 0.565689
v -0.388322 1.759353 -0.505689
v -0.249447 2.664455 -0.565689
v -0.578242 2.388160 0.565689
v -0.578242 2.388160 -0.565689
v -0.388322 2.388160 -0.565689
v -0.388322 2.388160 0.565689
v -0.372245 0.414360 0.235670
v -0.372245 0.414360 -0.224330
v -0.172245 0.414360 0.235670
v -0.172245 0.414360 -0.224330
v -0.484128 0.799360 0.235670
v -0.657460 1.184360 0.235670
v -0.891312 1.569360 0.235670
v -0.891312 1.569360 -0.224330
v -0.657460 1.184360 -0.224330
v -0.484128 0.799360 -0.224330
v -0.691312 1.569360 -0.224330
v -0.457460 1.184360 -0.224330
v -0.284128 0.799360 -0.224330
v -0.691312 1.569360 0.235670
v -0.457460 1.184360 0.235670
v -0.284128 0.799360 0.235670
v -0.891977 1.902365 0.235670
v -0.892805 2.317173 0.111766
v -0.892563 2.195679 0.199379
v -0.892805 2.317173 -0.100426
v -0.891977 1.902365 -0.224330
v -0.892563 2.195679 -0.188039
v -0.692805 2.317173 0.111766
v -0.691977 1.902365 0.235670
v -0.692563 2.195679 0.199379
v -0.691977 1.902365 -0.224330
v -0.692805 2.317173 -0.100426
v -0.692563 2.195679 -0.188040
v -0.577264 2.073401 -0.117494
v -0.944373 2.073401 -0.095157
v -0.577264 2.160491 -0.081420
v -0.944373 2.144697 -0.065626
v -0.577264 2.196565 0.005670
v -0.944373 2.174228 0.005670
v -0.577264 2.160491 0.092760
v -0.944373 2.144697 0.076965
v -0.577264 2.073401 0.128833
v -0.944373 2.073401 0.106497
v -0.577264 1.986311 0.092760
v -0.944373 2.002106 0.076965
v -0.577264 1.950238 0.005670
v -0.944373 1.972574 0.005670
v -0.577264 1.986311 -0.081420
v -0.944373 2.002106 -0.065626
v -0.944373 2.160491 -0.081420
v -0.944373 2.073401 -0.117493
v -0.944373 2.196565 0.005670
v -0.944373 2.160491 0.092760
v -0.944373 2.073401 0.128833
v -0.944373 1.986312 0.092760
v -0.944373 1.950238 0.005670
v -0.944373 1.986312 -0.081420
v -0.932613 2.144697 -0.065626
v -0.932613 2.073401 -0.095157
v -0.932613 2.174228 0.005670
v -0.932613 2.144697 0.076965
v -0.932613 2.073401 0.106497
v -0.932613 2.002106 0.076965
v -0.932613 1.972574 0.005670
v -0.932613 2.002106 -0.065626
v 0.573576 2.073401 -0.117493
v 0.940684 2.073401 -0.095157
v 0.573576 2.160491 -0.081420
v 0.940684 2.144697 -0.065626
v 0.573576 2.196565 0.005670
v 0.940684 2.174228 0.005670
v 0.573576 2.160491 0.092760
v 0.940684 2.144697 0.076965
v 0.573576 2.073401 0.128833
v 0.940684 2.073401 0.106497
v 0.573576 1.986311 0.092760
v 0.940684 2.002106 0.076965
v 0.573576 1.950238 0.005670
v 0.940684 1.972574 0.005670
v 0.573576 1.986311 -0.081420
v 0.940684 2.002106 -0.065626
v 0.940684 2.160491 -0.081420
v 0.940684 2.073401 -0.117494
v 0.940684 2.196565 0.005670
v 0.940684 2.160491 0.092760
v 0.940684 2.073401 0.128833
v 0.940684 1.986312 0.092760
v 0.940684 1.950238 0.005670
v 0.940684 1.986312 -0.081420
v 0.928925 2.144697 -0.065626
v 0.928925 2.073401 -0.095157
v 0.928925 2.174228 0.005670
v 0.928925 2.144697 0.076965
v 0.928925 2.073401 0.106497
v 0.928925 2.002106 0.076965
v 0.928925 1.972574 0.005670
v 0.928925 2.002106 -0.065626
v 0.368556 0.414360 0.235670
v 0.368556 0.414360 -0.224330
v 0.168556 0.414360 0.235670
v 0.168556 0.414360 -0.224330
v 0.480440 0.799360 0.235670
v 0.653772 1.184360 0.235670
v 0.887623 1.569360 0.235670
v 0.887623 1.569360 -0.224330
v 0.653772 1.184360 -0.224330
v 0.480440 0.799360 -0.224330
v 0.687623 1.569360 -0.224330
v 0.453772 1.184360 -0.224330
v 0.280440 0.799360 -0.224330
v 0.687623 1.569360 0.235670
v 0.453772 1.184360 0.235670
v 0.280439 0.799360 0.235670
v 0.888288 1.902365 0.235670
v 0.889117 2.317173 0.111766
v 0.888874 2.195678 0.199379
v 0.889117 2.317173 -0.100426
v 0.888288 1.902365 -0.224330
v 0.888874 2.195678 -0.188040
v 0.689117 2.317173 0.111766
v 0.688288 1.902365 0.235670
v 0.688874 2.195678 0.199379
v 0.688288 1.902365 -0.224330
v 0.689117 2.317173 -0.100426
v 0.688874 2.195678 -0.188040
v 0.243575 1.717208 -0.922981
v 0.179529 2.485432 -0.922981
v 0.243575 1.717208 -0.992121
v 0.179529 2.485432 -0.992121
v 0.289668 1.717208 -0.922981
v 0.225623 2.485432 -0.922981
v 0.289668 1.717208 -0.992121
v 0.225623 2.485432 -0.992121
v 0.262608 1.751422 -0.922981
v 0.262608 1.751422 -0.992121
v 0.308702 1.751422 -0.992121
v 0.308702 1.751422 -0.922981
v 0.262608 2.264095 -0.922981
v 0.262608 2.264095 -0.992121
v 0.308702 2.264095 -0.992121
v 0.308702 2.264095 -0.922981
v 0.243575 1.717208 -0.822981
v 0.179530 2.485432 -0.822981
v 0.243575 1.717208 -0.892121
v 0.179530 2.485432 -0.892121
v 0.289669 1.717208 -0.822981
v 0.225623 2.485432 -0.822981
v 0.289669 1.717208 -0.892121
v 0.225623 2.485432 -0.892121
v 0.262609 1.751422 -0.822981
v 0.262609 1.751422 -0.892121
v 0.308702 1.751422 -0.892121
v 0.308702 1.751422 -0.822981
v 0.262609 2.264095 -0.822981
v 0.262609 2.264095 -0.892121
v 0.308702 2.264095 -0.892121
v 0.308702 2.264095 -0.822981
v 0.243575 1.717208 -0.622981
v 0.179530 2.485432 -0.622981
v 0.243575 1.717208 -0.692122
v 0.179530 2.485432 -0.692122
v 0.289669 1.717208 -0.622981
v 0.225623 2.485432 -0.622981
v 0.289669 1.717208 -0.692122
v 0.225623 2.485432 -0.692122
v 0.262609 1.751422 -0.622981
v 0.262609 1.751422 -0.692122
v 0.308702 1.751422 -0.692122
v 0.308702 1.751422 -0.622981
v 0.262609 2.264095 -0.622981
v 0.262609 2.264095 -0.692122
v 0.308702 2.264095 -0.692122
v 0.308702 2.264095 -0.622981
v 0.243575 1.717208 -0.722981
v 0.179530 2.485432 -0.722981
v 0.243575 1.717208 -0.792121
v 0.179530 2.485432 -0.792121
v 0.289669 1.717208 -0.722981
v 0.225623 2.485432 -0.722981
v 0.289669 1.717208 -0.792121
v 0.225623 2.485432 -0.792121
v 0.262609 1.751422 -0.722981
v 0.262609 1.751422 -0.792121
v 0.308702 1.751422 -0.792121
v 0.308702 1.751422 -0.722981
v 0.262609 2.264095 -0.722981
v 0.262609 2.264095 -0.792121
v 0.308702 2.264095 -0.792121
v 0.308702 2.264095 -0.722981
v 0.243575 1.717208 -0.322981
v 0.179530 2.485432 -0.322981
v 0.243575 1.717208 -0.392121
v 0.179530 2.485432 -0.392121
v 0.289669 1.717208 -0.322981
v 0.225623 2.485432 -0.322981
v 0.289669 1.717208 -0.392121
v 0.225623 2.485432 -0.392121
v 0.262609 1.751422 -0.322981
v 0.262609 1.751422 -0.392121
v 0.308702 1.751422 -0.392121
v 0.308702 1.751422 -0.322981
v 0.262609 2.264095 -0.322981
v 0.262609 2.264095 -0.392121
v 0.308702 2.264095 -0.392121
v 0.308702 2.264095 -0.322981
v 0.243575 1.717208 -0.222981
v 0.179530 2.485432 -0.222981
v 0.243575 1.717208 -0.292121
v 0.179530 2.485432 -0.292121
v 0.289669 1.717208 -0.222981
v 0.225623 2.485432 -0.222981
v 0.289669 1.717208 -0.292121
v 0.225623 2.485432 -0.292121
v 0.262609 1.751422 -0.222981
v 0.262609 1.751422 -0.292121
v 0.308702 1.751422 -0.292121
v 0.308702 1.751422 -0.222981
v 0.262609 2.264095 -0.222981
v 0.262609 2.264095 -0.292121
v 0.308702 2.264095 -0.292121
v 0.308702 2.264095 -0.222981
v 0.243575 1.717208 -0.422981
v 0.179530 2.485432 -0.422981
v 0.243575 1.717208 -0.492121
v 0.179530 2.485432 -0.492121
v 0.289669 1.717208 -0.422981
v 0.225623 2.485432 -0.422981
v 0.289669 1.717208 -0.492121
v 0.225623 2.485432 -0.492121
v 0.262609 1.751422 -0.422981
v 0.262609 1.751422 -0.492121
v 0.308702 1.751422 -0.492121
v 0.308702 1.751422 -0.422981
v 0.262609 2.264095 -0.422981
v 0.262609 2.264095 -0.492121
v 0.308702 2.264095 -0.492121
v 0.308702 2.264095 -0.422981
v 0.243575 1.717208 -0.522981
v 0.179530 2.485432 -0.522981
v 0.243575 1.717208 -0.592121
v 0.179530 2.485432 -0.592121
v 0.289669 1.717208 -0.522981
v 0.225623 2.485432 -0.522981
v 0.289669 1.717208 -0.592121
v 0.225623 2.485432 -0.592121
v 0.262609 1.751422 -0.522981
v 0.262609 1.751422 -0.592121
v 0.308702 1.751422 -0.592121
v 0.308702 1.751422 -0.522981
v 0.262609 2.264095 -0.522981
v 0.262609 2.264095 -0.592121
v 0.308702 2.264095 -0.592121
v 0.308702 2.264095 -0.522981
v 0.243575 1.717208 0.277019
v 0.179530 2.485432 0.277019
v 0.243575 1.717208 0.207878
v 0.179530 2.485432 0.207879
v 0.289669 1.717208 0.277019
v 0.225623 2.485432 0.277019
v 0.289669 1.717208 0.207878
v 0.225623 2.485432 0.207879
v 0.262609 1.751422 0.277019
v 0.262609 1.751422 0.207878
v 0.308702 1.751422 0.207878
v 0.308702 1.751422 0.277019
v 0.262609 2.264095 0.277019
v 0.262609 2.264095 0.207878
v 0.308702 2.264095 0.207878
v 0.308702 2.264095 0.277019
v 0.243575 1.717208 0.377019
v 0.179530 2.485432 0.377019
v 0.243575 1.717208 0.307878
v 0.179530 2.485432 0.307878
v 0.289669 1.717208 0.377019
v 0.225623 2.485432 0.377019
v 0.289669 1.717208 0.307878
v 0.225623 2.485432 0.307878
v 0.262609 1.751422 0.377019
v 0.262609 1.751422 0.307878
v 0.308702 1.751422 0.307878
v 0.308702 1.751422 0.377019
v 0.262609 2.264095 0.377019
v 0.262609 2.264095 0.307878
v 0.308702 2.264095 0.307878
v 0.308702 2.264095 0.377019
v 0.243575 1.717208 0.577019
v 0.179530 2.485432 0.577019
v 0.243575 1.717208 0.507879
v 0.179530 2.485432 0.507879
v 0.289669 1.717208 0.577019
v 0.225623 2.485432 0.577019
v 0.289669 1.717208 0.507879
v 0.225623 2.485432 0.507879
v 0.262609 1.751422 0.577019
v 0.262609 1.751422 0.507879
v 0.308702 1.751422 0.507879
v 0.308702 1.751422 0.577019
v 0.262609 2.264095 0.577019
v 0.262609 2.264095 0.507879
v 0.308702 2.264095 0.507879
v 0.308702 2.264095 0.577019
v 0.243575 1.717208 0.477019
v 0.179530 2.485432 0.477019
v 0.243575 1.717208 0.407879
v 0.179530 2.485432 0.407879
v 0.289669 1.717208 0.477019
v 0.225623 2.485432 0.477019
v 0.289669 1.717208 0.407879
v 0.225623 2.485432 0.407879
v 0.262609 1.751422 0.477019
v 0.262609 1.751422 0.407879
v 0.308702 1.751422 0.407879
v 0.308702 1.751422 0.477019
v 0.262609 2.264095 0.477019
v 0.262609 2.264095 0.407879
v 0.308702 2.264095 0.407879
v 0.308702 2.264095 0.477019
v 0.243575 1.717208 0.077019
v 0.179530 2.485432 0.077019
v 0.243575 1.717208 0.007878
v 0.179530 2.485432 0.007879
v 0.289669 1.717208 0.077019
v 0.225623 2.485432 0.077019
v 0.289669 1.717208 0.007878
v 0.225623 2.485432 0.007879
v 0.262609 1.751422 0.077019
v 0.262609 1.751422 0.007878
v 0.308702 1.751422 0.007878
v 0.308702 1.751422 0.077019
v 0.262609 2.264095 0.077019
v 0.262609 2.264095 0.007878
v 0.308702 2.264095 0.007878
v 0.308702 2.264095 0.077019
v 0.243575 1.717208 0.177019
v 0.179530 2.485432 0.177019
v 0.243575 1.717208 0.107879
v 0.179530 2.485432 0.107879
v 0.289669 1.717208 0.177019
v 0.225623 2.485432 0.177019
v 0.289669 1.717208 0.107879
v 0.225623 2.485432 0.107879
v 0.262609 1.751422 0.177019
v 0.262609 1.751422 0.107879
v 0.308702 1.751422 0.107879
v 0.308702 1.751422 0.177019
v 0.262609 2.264095 0.177019
v 0.262609 2.264095 0.107879
v 0.308702 2.264095 0.107879
v 0.308702 2.264095 0.177019
v 0.243575 1.717208 -0.022981
v 0.179530 2.485432 -0.022981
v 0.243575 1.717208 -0.092121
v 0.179530 2.485432 -0.092121
v 0.289669 1.717208 -0.022981
v 0.225623 2.485432 -0.022981
v 0.289669 1.717208 -0.092121
v 0.225623 2.485432 -0.092121
v 0.262609 1.751422 -0.022981
v 0.262609 1.751422 -0.092121
v 0.308702 1.751422 -0.092121
v 0.308702 1.751422 -0.022981
v 0.262609 2.264095 -0.022981
v 0.262609 2.264095 -0.092121
v 0.308702 2.264095 -0.092121
v 0.308702 2.264095 -0.022981
v 0.243575 1.717208 -0.122981
v 0.179530 2.485432 -0.122981
v 0.243575 1.717208 -0.192121
v 0.179530 2.485432 -0.192121
v 0.289669 1.717208 -0.122981
v 0.225623 2.485432 -0.122981
v 0.289669 1.717208 -0.192121
v 0.225623 2.485432 -0.192121
v 0.262609 1.751422 -0.122981
v 0.262609 1.751422 -0.192121
v 0.308702 1.751422 -0.192121
v 0.308702 1.751422 -0.122981
v 0.262609 2.264095 -0.122981
v 0.262609 2.264095 -0.192121
v 0.308702 2.264095 -0.192121
v 0.308702 2.264095 -0.122981
v 0.243575 1.717208 0.877019
v 0.179530 2.485432 0.877019
v 0.243575 1.717208 0.807878
v 0.179530 2.485432 0.807878
v 0.289669 1.717208 0.877019
v 0.225623 2.485432 0.877019
v 0.289669 1.717208 0.807878
v 0.225623 2.485432 0.807878
v 0.262609 1.751422 0.877019
v 0.262609 1.751422 0.807878
v 0.308702 1.751422 0.807878
v 0.308702 1.751422 0.877019
v 0.262609 2.264095 0.877019
v 0.262609 2.264095 0.807878
v 0.308702 2.264095 0.807878
v 0.308702 2.264095 0.877019
v 0.243575 1.717208 0.977019
v 0.179530 2.485432 0.977019
v 0.243575 1.717208 0.907878
v 0.179530 2.485432 0.907878
v 0.289669 1.717208 0.977019
v 0.225623 2.485432 0.977019
v 0.289669 1.717208 0.907878
v 0.225623 2.485432 0.907878
v 0.262609 1.751422 0.977019
v 0.262609 1.751422 0.907878
v 0.308702 1.751422 0.907878
v 0.308702 1.751422 0.977019
v 0.262609 2.264095 0.977019
v 0.262609 2.264095 0.907878
v 0.308702 2.264095 0.907878
v 0.308702 2.264095 0.977019
v 0.243575 1.717208 0.777019
v 0.179530 2.485432 0.777019
v 0.243575 1.717208 0.707879
v 0.179530 2.485432 0.707879
v 0.289669 1.717208 0.777019
v 0.225623 2.485432 0.777019
v 0.289669 1.717208 0.707879
v 0.225623 2.485432 0.707879
v 0.262609 1.751422 0.777019
v 0.262609 1.751422 0.707879
v 0.308702 1.751422 0.707879
v 0.308702 1.751422 0.777019
v 0.262609 2.264095 0.777019
v 0.262609 2.264095 0.707879
v 0.308702 2.264095 0.707879
v 0.308702 2.264095 0.777019
v 0.243575 1.717208 0.677019
v 0.179530 2.485432 0.677019
v 0.243575 1.717208 0.607878
v 0.179530 2.485432 0.607878
v 0.289669 1.717208 0.677019
v 0.225623 2.485432 0.677019
v 0.289669 1.717208 0.607878
v 0.225623 2.485432 0.607878
v 0.262609 1.751422 0.677019
v 0.262609 1.751422 0.607878
v 0.308702 1.751422 0.607878
v 0.308702 1.751422 0.677019
v 0.262609 2.264095 0.677019
v 0.262609 2.264095 0.607878
v 0.308702 2.264095 0.607878
v 0.308702 2.264095 0.677019
v -0.243575 1.717208 0.977019
v -0.179529 2.485432 0.977019
v -0.243575 1.717208 0.907879
v -0.179529 2.485432 0.907879
v -0.289668 1.717208 0.977019
v -0.225623 2.485432 0.977019
v -0.289668 1.717208 0.907879
v -0.225623 2.485432 0.907879
v -0.262608 1.751422 0.977019
v -0.262608 1.751422 0.907879
v -0.308702 1.751422 0.907879
v -0.308702 1.751422 0.977019
v -0.262608 2.264095 0.977019
v -0.262608 2.264095 0.907879
v -0.308702 2.264095 0.907879
v -0.308702 2.264095 0.977019
v -0.243575 1.717208 0.677019
v -0.179529 2.485432 0.677019
v -0.243575 1.717208 0.607879
v -0.179529 2.485432 0.607879
v -0.289668 1.717208 0.677019
v -0.225623 2.485432 0.677019
v -0.289668 1.717208 0.607879
v -0.225623 2.485432 0.607879
v -0.262608 1.751422 0.677019
v -0.262608 1.751422 0.607879
v -0.308702 1.751422 0.607879
v -0.308702 1.751422 0.677019
v -0.262608 2.264095 0.677019
v -0.262608 2.264095 0.607879
v -0.308702 2.264095 0.607879
v -0.308702 2.264095 0.677019
v -0.243575 1.717208 0.777019
v -0.179529 2.485432 0.777019
v -0.243575 1.717208 0.707879
v -0.179529 2.485432 0.707879
v -0.289668 1.717208 0.777019
v -0.225623 2.485432 0.777019
v -0.289668 1.717208 0.707879
v -0.225623 2.485432 0.707879
v -0.262608 1.751422 0.777019
v -0.262608 1.751422 0.707879
v -0.308702 1.751422 0.707879
v -0.308702 1.751422 0.777019
v -0.262608 2.264095 0.777019
v -0.262608 2.264095 0.707879
v -0.308702 2.264095 0.707879
v -0.308702 2.264095 0.777019
v -0.243575 1.717208 0.877019
v -0.179529 2.485432 0.877019
v -0.243575 1.717208 0.807878
v -0.179529 2.485432 0.807878
v -0.289668 1.717208 0.877019
v -0.225623 2.485432 0.877019
v -0.289668 1.717208 0.807878
v -0.225623 2.485432 0.807878
v -0.262608 1.751422 0.877019
v -0.262608 1.751422 0.807878
v -0.308702 1.751422 0.807878
v -0.308702 1.751422 0.877019
v -0.262608 2.264095 0.877019
v -0.262608 2.264095 0.807878
v -0.308702 2.264095 0.807878
v -0.308702 2.264095 0.877019
v -0.243575 1.717208 -0.122981
v -0.179529 2.485432 -0.122981
v -0.243575 1.717208 -0.192121
v -0.179529 2.485432 -0.192121
v -0.289668 1.717208 -0.122981
v -0.225623 2.485432 -0.122981
v -0.289668 1.717208 -0.192121
v -0.225623 2.485432 -0.192121
v -0.262608 1.751422 -0.122981
v -0.262608 1.751422 -0.192121
v -0.308702 1.751422 -0.192121
v -0.308702 1.751422 -0.122981
v -0.262608 2.264095 -0.122981
v -0.262608 2.264095 -0.192121
v -0.308702 2.264095 -0.192121
v -0.308702 2.264095 -0.122981
v -0.243575 1.717208 -0.022981
v -0.179529 2.485432 -0.022981
v -0.243575 1.717208 -0.092121
v -0.179529 2.485432 -0.092121
v -0.289668 1.717208 -0.022981
v -0.225623 2.485432 -0.022981
v -0.289668 1.717208 -0.092121
v -0.225623 2.485432 -0.092121
v -0.262608 1.751422 -0.022981
v -0.262608 1.751422 -0.092121
v -0.308702 1.751422 -0.092121
v -0.308702 1.751422 -0.022981
v -0.262608 2.264095 -0.022981
v -0.262608 2.264095 -0.092121
v -0.308702 2.264095 -0.092121
v -0.308702 2.264095 -0.022981
v -0.243575 1.717208 0.177019
v -0.179529 2.485432 0.177019
v -0.243575 1.717208 0.107879
v -0.179529 2.485432 0.107879
v -0.289668 1.717208 0.177019
v -0.225623 2.485432 0.177019
v -0.289668 1.717208 0.107879
v -0.225623 2.485432 0.107879
v -0.262608 1.751422 0.177019
v -0.262608 1.751422 0.107879
v -0.308702 1.751422 0.107879
v -0.308702 1.751422 0.177019
v -0.262608 2.264095 0.177019
v -0.262608 2.264095 0.107879
v -0.308702 2.264095 0.107879
v -0.308702 2.264095 0.177019
v -0.243575 1.717208 0.077019
v -0.179529 2.485432 0.077019
v -0.243575 1.717208 0.007878
v -0.179529 2.485432 0.007878
v -0.289668 1.717208 0.077019
v -0.225623 2.485432 0.077019
v -0.289668 1.717208 0.007878
v -0.225623 2.485432 0.007878
v -0.262608 1.751422 0.077019
v -0.262608 1.751422 0.007878
v -0.308702 1.751422 0.007878
v -0.308702 1.751422 0.077019
v -0.262608 2.264095 0.077019
v -0.262608 2.264095 0.007878
v -0.308702 2.264095 0.007878
v -0.308702 2.264095 0.077019
v -0.243575 1.717208 0.477019
v -0.179529 2.485432 0.477019
v -0.243575 1.717208 0.407878
v -0.179529 2.485432 0.407878
v -0.289668 1.717208 0.477019
v -0.225623 2.485432 0.477019
v -0.289668 1.717208 0.407878
v -0.225623 2.485432 0.407878
v -0.262608 1.751422 0.477019
v -0.262608 1.751422 0.407878
v -0.308702 1.751422 0.407878
v -0.308702 1.751422 0.477019
v -0.262608 2.264095 0.477019
v -0.262608 2.264095 0.407878
v -0.308702 2.264095 0.407878
v -0.308702 2.264095 0.477019
v -0.243575 1.717208 0.577019
v -0.179529 2.485432 0.577019
v -0.243575 1.717208 0.507878
v -0.179529 2.485432 0.507878
v -0.289668 1.717208 0.577019
v -0.225623 2.485432 0.577019
v -0.289668 1.717208 0.507878
v -0.225623 2.485432 0.507878
v -0.262608 1.751422 0.577019
v -0.262608 1.751422 0.507878
v -0.308702 1.751422 0.507878
v -0.308702 1.751422 0.577019
v -0.262608 2.264095 0.577019
v -0.262608 2.264095 0.507878
v -0.308702 2.264095 0.507878
v -0.308702 2.264095 0.577019
v -0.243575 1.717208 0.377019
v -0.179529 2.485432 0.377019
v -0.243575 1.717208 0.307878
v -0.179529 2.485432 0.307878
v -0.289668 1.717208 0.377019
v -0.225623 2.485432 0.377019
v -0.289668 1.717208 0.307878
v -0.225623 2.485432 0.307878
v -0.262608 1.751422 0.377019
v -0.262608 1.751422 0.307878
v -0.308702 1.751422 0.307878
v -0.308702 1.751422 0.377019
v -0.262608 2.264095 0.377019
v -0.262608 2.264095 0.307878
v -0.308702 2.264095 0.307878
v -0.308702 2.264095 0.377019
v -0.243575 1.717208 0.277019
v -0.179529 2.485432 0.277019
v -0.243575 1.717208 0.207878
v -0.179529 2.485432 0.207878
v -0.289668 1.717208 0.277019
v -0.225623 2.485432 0.277019
v -0.289668 1.717208 0.207878
v -0.225623 2.485432 0.207878
v -0.262608 1.751422 0.277019
v -0.262608 1.751422 0.207878
v -0.308702 1.751422 0.207878
v -0.308702 1.751422 0.277019
v -0.262608 2.264095 0.277019
v -0.262608 2.264095 0.207878
v -0.308702 2.264095 0.207878
v -0.308702 2.264095 0.277019
v -0.243575 1.717208 -0.522981
v -0.179529 2.485432 -0.522981
v -0.243575 1.717208 -0.592121
v -0.179529 2.485432 -0.592121
v -0.289668 1.717208 -0.522981
v -0.225623 2.485432 -0.522981
v -0.289668 1.717208 -0.592121
v -0.225623 2.485432 -0.592121
v -0.262608 1.751422 -0.522981
v -0.262608 1.751422 -0.592121
v -0.308702 1.751422 -0.592121
v -0.308702 1.751422 -0.522981
v -0.262608 2.264095 -0.522981
v -0.262608 2.264095 -0.592121
v -0.308702 2.264095 -0.592121
v -0.308702 2.264095 -0.522981
v -0.243575 1.717208 -0.422981
v -0.179529 2.485432 -0.422981
v -0.243575 1.717208 -0.492121
v -0.179529 2.485432 -0.492121
v -0.289668 1.717208 -0.422981
v -0.225623 2.485432 -0.422981
v -0.289668 1.717208 -0.492121
v -0.225623 2.485432 -0.492121
v -0.262608 1.751422 -0.422981
v -0.262608 1.751422 -0.492121
v -0.308702 1.751422 -0.492121
v -0.308702 1.751422 -0.422981
v -0.262608 2.264095 -0.422981
v -0.262608 2.264095 -0.492121
v -0.308702 2.264095 -0.492121
v -0.308702 2.264095 -0.422981
v -0.243575 1.717208 -0.222981
v -0.179529 2.485432 -0.222981
v -0.243575 1.717208 -0.292121
v -0.179529 2.485432 -0.292121
v -0.289668 1.717208 -0.222981
v -0.225623 2.485432 -0.222981
v -0.289668 1.717208 -0.292121
v -0.225623 2.485432 -0.292121
v -0.262608 1.751422 -0.222981
v -0.262608 1.751422 -0.292121
v -0.308702 1.751422 -0.292121
v -0.308702 1.751422 -0.222981
v -0.262608 2.264095 -0.222981
v -0.262608 2.264095 -0.292121
v -0.308702 2.264095 -0.292121
v -0.308702 2.264095 -0.222981
v -0.243575 1.717208 -0.322981
v -0.179529 2.485432 -0.322981
v -0.243575 1.717208 -0.392121
v -0.179529 2.485432 -0.392121
v -0.289668 1.717208 -0.322981
v -0.225623 2.485432 -0.322981
v -0.289668 1.717208 -0.392121
v -0.225623 2.485432 -0.392121
v -0.262608 1.751422 -0.322981
v -0.262608 1.751422 -0.392121
v -0.308702 1.751422 -0.392121
v -0.308702 1.751422 -0.322981
v -0.262608 2.264095 -0.322981
v -0.262608 2.264095 -0.392121
v -0.308702 2.264095 -0.392121
v -0.308702 2.264095 -0.322981
v -0.243575 1.717208 -0.722981
v -0.179529 2.485432 -0.722981
v -0.243575 1.717208 -0.792121
v -0.179529 2.485432 -0.792121
v -0.289668 1.717208 -0.722981
v -0.225623 2.485432 -0.722981
v -0.289668 1.717208 -0.792121
v -0.225623 2.485432 -0.792121
v -0.262608 1.751422 -0.722981
v -0.262608 1.751422 -0.792121
v -0.308702 1.751422 -0.792121
v -0.308702 1.751422 -0.722981
v -0.262608 2.264095 -0.722981
v -0.262608 2.264095 -0.792121
v -0.308702 2.264095 -0.792121
v -0.308702 2.264095 -0.722981
v -0.243575 1.717208 -0.622981
v -0.179529 2.485432 -0.622981
v -0.243575 1.717208 -0.692121
v -0.179529 2.485432 -0.692121
v -0.289668 1.717208 -0.622981
v -0.225623 2.485432 -0.622981
v -0.289668 1.717208 -0.692121
v -0.225623 2.485432 -0.692121
v -0.262608 1.751422 -0.622981
v -0.262608 1.751422 -0.692121
v -0.308702 1.751422 -0.692121
v -0.308702 1.751422 -0.622981
v -0.262608 2.264095 -0.622981
v -0.262608 2.264095 -0.692121
v -0.308702 2.264095 -0.692121
v -0.308702 2.264095 -0.622981
v -0.243575 1.717208 -0.822981
v -0.179529 2.485432 -0.822981
v -0.243575 1.717208 -0.892121
v -0.179529 2.485432 -0.892121
v -0.289668 1.717208 -0.822981
v -0.225623 2.485432 -0.822981
v -0.289668 1.717208 -0.892121
v -0.225623 2.485432 -0.892121
v -0.262608 1.751422 -0.822981
v -0.262608 1.751422 -0.892121
v -0.308702 1.751422 -0.892121
v -0.308702 1.751422 -0.822981
v -0.262608 2.264095 -0.822981
v -0.262608 2.264095 -0.892121
v -0.308702 2.264095 -0.892121
v -0.308702 2.264095 -0.822981
v -0.243575 1.717208 -0.922981
v -0.179529 2.485432 -0.922981
v -0.243575 1.717208 -0.992121
v -0.179529 2.485432 -0.992121
v -0.289668 1.717208 -0.922981
v -0.225623 2.485432 -0.922981
v -0.289668 1.717208 -0.992121
v -0.225623 2.485432 -0.992121
v -0.262608 1.751422 -0.922981
v -0.262608 1.751422 -0.992121
v -0.308702 1.751422 -0.992121
v -0.308702 1.751422 -0.922981
v -0.262608 2.264095 -0.922981
v -0.262608 2.264095 -0.992121
v -0.308702 2.264095 -0.992121
v -0.308702 2.264095 -0.922981
v -0.334434 2.459944 -0.417916
v -0.519215 2.541353 -0.405233
v -0.314666 2.505471 -0.402901
v -0.503032 2.578623 -0.392941
v -0.304837 2.527890 -0.357188
v -0.494986 2.596976 -0.355519
v -0.310705 2.514069 -0.307555
v -0.499789 2.585662 -0.314887
v -0.328832 2.472104 -0.283076
v -0.514630 2.551307 -0.294847
v -0.348601 2.426578 -0.298091
v -0.530813 2.514037 -0.307139
v -0.358430 2.404158 -0.343804
v -0.538859 2.495684 -0.344562
v -0.352562 2.417979 -0.393437
v -0.534056 2.506998 -0.385193
v -0.499955 2.585777 -0.402445
v -0.519723 2.540250 -0.417460
v -0.490126 2.608196 -0.356733
v -0.495994 2.594375 -0.307099
v -0.514122 2.552410 -0.282620
v -0.533890 2.506883 -0.297635
v -0.543719 2.484464 -0.343348
v -0.537851 2.498285 -0.392981
v -0.497097 2.576050 -0.392956
v -0.513280 2.538780 -0.405248
v -0.489050 2.594404 -0.355534
v -0.493854 2.583089 -0.314902
v -0.508694 2.548735 -0.294862
v -0.524878 2.511465 -0.307154
v -0.532924 2.493111 -0.344576
v -0.528120 2.504426 -0.385208
v -0.202457 2.402744 -0.418240
v -0.182688 2.448271 -0.403226
v -0.172859 2.470690 -0.357513
v -0.178727 2.456869 -0.307880
v -0.196855 2.414904 -0.283401
v -0.216624 2.369378 -0.298415
v -0.226453 2.346958 -0.344128
v -0.220585 2.360779 -0.393761
v -0.334434 2.459944 -0.059572
v -0.519215 2.541353 -0.046890
v -0.314666 2.505471 -0.044558
v -0.503032 2.578623 -0.034598
v -0.304837 2.527890 0.001155
v -0.494986 2.596976 0.002825
v -0.310705 2.514069 0.050788
v -0.499789 2.585662 0.043456
v -0.328832 2.472104 0.075267
v -0.514630 2.551307 0.063496
v -0.348601 2.426578 0.060253
v -0.530813 2.514037 0.051205
v -0.358430 2.404158 0.014540
v -0.538859 2.495684 0.013782
v -0.352562 2.417979 -0.035093
v -0.534056 2.506998 -0.026850
v -0.499955 2.585777 -0.044102
v -0.519723 2.540250 -0.059117
v -0.490126 2.608196 0.001611
v -0.495994 2.594375 0.051244
v -0.514122 2.552410 0.075723
v -0.533890 2.506883 0.060709
v -0.543719 2.484464 0.014996
v -0.537851 2.498285 -0.034638
v -0.497097 2.576050 -0.034613
v -0.513280 2.538780 -0.046904
v -0.489050 2.594404 0.002810
v -0.493854 2.583089 0.043442
v -0.508694 2.548735 0.063482
v -0.524878 2.511465 0.051190
v -0.532924 2.493111 0.013767
v -0.528120 2.504426 -0.026865
v -0.202457 2.402744 -0.059897
v -0.182688 2.448271 -0.044882
v -0.172859 2.470690 0.000831
v -0.178727 2.456869 0.050464
v -0.196855 2.414904 0.074943
v -0.216624 2.369378 0.059928
v -0.226453 2.346958 0.014215
v -0.220585 2.360779 -0.035418
v -0.334434 2.459944 0.290831
v -0.519216 2.541353 0.303513
v -0.314666 2.505471 0.305845
v -0.503032 2.578623 0.315805
v -0.304837 2.527890 0.351558
v -0.494986 2.596976 0.353227
v -0.310705 2.514069 0.401191
v -0.499789 2.585662 0.393859
v -0.328832 2.472104 0.425670
v -0.514630 2.551307 0.413899
v -0.348601 2.426578 0.410656
v -0.530813 2.514037 0.401607
v -0.358430 2.404158 0.364943
v -0.538860 2.495684 0.364185
v -0.352562 2.417979 0.315310
v -0.534056 2.506998 0.323553
v -0.499955 2.585777 0.306301
v -0.519723 2.540250 0.291286
v -0.490126 2.608196 0.352014
v -0.495994 2.594375 0.401647
v -0.514122 2.552410 0.426126
v -0.533890 2.506883 0.411111
v -0.543719 2.484464 0.365398
v -0.537851 2.498285 0.315765
v -0.497097 2.576050 0.315790
v -0.513280 2.538780 0.303499
v -0.489050 2.594404 0.353213
v -0.493854 2.583089 0.393845
v -0.508694 2.548735 0.413884
v -0.524878 2.511465 0.401593
v -0.532924 2.493111 0.364170
v -0.528120 2.504426 0.323538
v -0.202457 2.402744 0.290506
v -0.182689 2.448271 0.305521
v -0.172859 2.470690 0.351233
v -0.178727 2.456869 0.400867
v -0.196855 2.414904 0.425346
v -0.216624 2.369378 0.410331
v -0.226453 2.346958 0.364618
v -0.220585 2.360779 0.314985
v 0.334486 2.459944 0.290831
v 0.519268 2.541353 0.303513
v 0.314718 2.505471 0.305845
v 0.503084 2.578623 0.315805
v 0.304889 2.527890 0.351558
v 0.495038 2.596976 0.353227
v 0.310757 2.514069 0.401191
v 0.499842 2.585662 0.393859
v 0.328885 2.472104 0.425670
v 0.514682 2.551307 0.413899
v 0.348653 2.426578 0.410656
v 0.530865 2.514037 0.401607
v 0.358482 2.404158 0.364943
v 0.538912 2.495684 0.364185
v 0.352614 2.417979 0.315310
v 0.534108 2.506998 0.323553
v 0.500007 2.585777 0.306301
v 0.519776 2.540250 0.291286
v 0.490178 2.608196 0.352014
v 0.496046 2.594375 0.401647
v 0.514174 2.552410 0.426126
v 0.533942 2.506883 0.411111
v 0.543771 2.484464 0.365398
v 0.537903 2.498285 0.315765
v 0.497149 2.576050 0.315790
v 0.513332 2.538780 0.303499
v 0.489102 2.594404 0.353213
v 0.493906 2.583089 0.393845
v 0.508746 2.548735 0.413884
v 0.524930 2.511465 0.401593
v 0.532976 2.493111 0.364170
v 0.528173 2.504426 0.323538
v 0.202509 2.402744 0.290506
v 0.182741 2.448271 0.305521
v 0.172912 2.470690 0.351233
v 0.178780 2.456869 0.400867
v 0.196907 2.414904 0.425346
v 0.216676 2.369378 0.410331
v 0.226505 2.346958 0.364618
v 0.220637 2.360779 0.314985
v 0.334487 2.459944 -0.059572
v 0.519268 2.541353 -0.046890
v 0.314718 2.505471 -0.044558
v 0.503084 2.578623 -0.034598
v 0.304889 2.527890 0.001155
v 0.495038 2.596976 0.002825
v 0.310757 2.514069 0.050788
v 0.499842 2.585662 0.043456
v 0.328885 2.472104 0.075267
v 0.514682 2.551307 0.063496
v 0.348653 2.426578 0.060253
v 0.530865 2.514037 0.051205
v 0.358482 2.404158 0.014540
v 0.538912 2.495684 0.013782
v 0.352614 2.417979 -0.035093
v 0.534108 2.506998 -0.026850
v 0.500007 2.585777 -0.044102
v 0.519776 2.540250 -0.059117
v 0.490178 2.608196 0.001611
v 0.496046 2.594375 0.051244
v 0.514174 2.552410 0.075723
v 0.533942 2.506883 0.060709
v 0.543772 2.484464 0.014996
v 0.537903 2.498285 -0.034637
v 0.497149 2.576050 -0.034613
v 0.513332 2.538780 -0.046904
v 0.489102 2.594404 0.002810
v 0.493906 2.583089 0.043442
v 0.508746 2.548735 0.063482
v 0.524930 2.511465 0.051190
v 0.532976 2.493111 0.013767
v 0.528173 2.504426 -0.026865
v 0.202509 2.402744 -0.059897
v 0.182741 2.448271 -0.044882
v 0.172912 2.470690 0.000831
v 0.178780 2.456869 0.050464
v 0.196907 2.414904 0.074943
v 0.216676 2.369378 0.059928
v 0.226505 2.346958 0.014215
v 0.220637 2.360779 -0.035418
v 0.334486 2.459944 -0.417916
v 0.519268 2.541353 -0.405233
v 0.314718 2.505471 -0.402901
v 0.503084 2.578623 -0.392941
v 0.304889 2.527890 -0.357188
v 0.495038 2.596976 -0.355519
v 0.310757 2.514069 -0.307555
v 0.499842 2.585662 -0.314887
v 0.328885 2.472104 -0.283076
v 0.514682 2.551307 -0.294847
v 0.348653 2.426578 -0.298091
v 0.530865 2.514037 -0.307139
v 0.358482 2.404158 -0.343803
v 0.538912 2.495684 -0.344561
v 0.352614 2.417979 -0.393437
v 0.534108 2.506998 -0.385193
v 0.500007 2.585777 -0.402445
v 0.519776 2.540250 -0.417460
v 0.490178 2.608196 -0.356733
v 0.496046 2.594375 -0.307099
v 0.514174 2.552410 -0.282620
v 0.533942 2.506883 -0.297635
v 0.543772 2.484464 -0.343348
v 0.537903 2.498285 -0.392981
v 0.497149 2.576050 -0.392956
v 0.513332 2.538780 -0.405248
v 0.489102 2.594404 -0.355533
v 0.493906 2.583089 -0.314902
v 0.508746 2.548735 -0.294862
v 0.524930 2.511465 -0.307154
v 0.532976 2.493111 -0.344576
v 0.528173 2.504426 -0.385208
v 0.202509 2.402744 -0.418240
v 0.182741 2.448271 -0.403226
v 0.172912 2.470690 -0.357513
v 0.178780 2.456869 -0.307880
v 0.196907 2.414904 -0.283401
v 0.216676 2.369378 -0.298415
v 0.226505 2.346958 -0.344128
v 0.220637 2.360779 -0.393761
vn 0.4713 0.2398 0.8487
vn 1.0000 0.0004 -0.0001
vn 0.4698 -0.2309 -0.8520
vn -0.4699 -0.2313 -0.8519
vn -1.0000 -0.0004 0.0001
vn -0.4712 0.2395 0.8489
vn 0.4663 0.8613 0.2016
vn 1.0000 0.0003 0.0001
vn 0.4665 -0.8624 -0.1969
vn -0.4659 -0.8626 -0.1969
vn -1.0000 -0.0003 -0.0001
vn -0.4669 0.8611 0.2015
vn 0.4972 0.8677 -0.0007
vn 1.0000 0.0004 -0.0005
vn 0.4978 -0.8673 0.0002
vn -0.4972 -0.8677 0.0007
vn -1.0000 -0.0004 0.0005
vn -0.4977 0.8673 -0.0002
vn 0.4844 0.8462 -0.2222
vn 1.0000 -0.0003 -0.0026
vn 0.4857 -0.8467 0.2171
vn -0.4843 -0.8469 0.2198
vn -1.0000 0.0003 0.0026
vn -0.4858 0.8460 -0.2196
vn 0.4781 0.4700 -0.7420
vn 1.0000 0.0035 0.0038
vn 0.4775 -0.4652 0.7453
vn -0.4780 -0.4691 0.7426
vn -1.0000 -0.0035 -0.0038
vn -0.4776 0.4661 -0.7448
vn -0.0000 -1.0000 -0.0000
vn -0.0000 1.0000 -0.0000
vn 0.7133 -0.0000 -0.7009
vn 0.7009 -0.0000 0.7133
vn -0.7133 -0.0000 0.7009
vn -0.7009 -0.0000 -0.7133
vn 0.0087 -0.0000 -1.0000
vn 1.0000 -0.0000 0.0087
vn -0.0087 -0.0000 1.0000
vn -1.0000 -0.0000 -0.0087
vn -0.9425 -0.3343 -0.0000
vn -0.0000 0.5772 -0.8166
vn 0.9330 -0.3598 -0.0000
vn -0.0000 -0.0000 1.0000
vn -0.7155 0.6986 -0.0004
vn 0.7137 0.7004 0.0008
vn 0.9425 -0.3343 -0.0000
vn -0.0000 0.5773 0.8165
vn -0.9310 -0.3650 -0.0000
vn -0.0000 -0.0000 -1.0000
vn 0.7109 0.7033 0.0004
vn -0.7137 0.7004 -0.0008
vn -0.9310 0.3651 -0.0000
vn -0.0000 0.8709 -0.4914
vn 0.9310 -0.3651 -0.0000
vn 0.9316 0.3635 -0.0000
vn -0.0000 -0.8665 -0.4991
vn -0.9316 -0.3635 -0.0000
vn 1.0000 -0.0000 -0.0000
vn -1.0000 -0.0000 -0.0000
vn 0.0081 -0.3574 -0.9339
vn 0.0036 0.9125 -0.4091
vn 0.0036 -0.9125 -0.4091
vn 0.0082 0.3574 -0.9339
vn 0.6661 -0.3574 -0.6546
vn 0.2918 0.9125 -0.2867
vn 0.2918 -0.9125 -0.2867
vn 0.6661 0.3574 -0.6546
vn 0.9339 -0.3574 0.0081
vn 0.4091 0.9125 0.0036
vn 0.4091 -0.9125 0.0036
vn 0.9339 0.3574 0.0081
vn 0.6546 -0.3574 0.6661
vn 0.2867 0.9125 0.2918
vn 0.2867 -0.9125 0.2918
vn 0.6546 0.3574 0.6661
vn -0.0082 -0.3574 0.9339
vn -0.0036 0.9125 0.4091
vn -0.0036 -0.9125 0.4091
vn -0.0082 0.3574 0.9339
vn -0.6661 0.3574 0.6546
vn -0.6661 -0.3574 0.6546
vn -0.2918 0.9125 0.2867
vn -0.2918 -0.9125 0.2867
vn -0.4091 -0.9125 -0.0036
vn -0.9339 0.3574 -0.0082
vn -0.9339 -0.3574 -0.0082
vn -0.4091 0.9125 -0.0036
vn -0.2867 -0.9125 -0.2918
vn -0.6546 0.3574 -0.6661
vn -0.6546 -0.3574 -0.6661
vn -0.2867 0.9125 -0.2918
vn -0.9310 -0.3651 -0.0000
vn -0.0000 -0.8709 0.4914
vn 0.9310 0.3651 -0.0000
vn 0.9316 -0.3635 -0.0000
vn -0.0000 0.8665 0.4991
vn -0.9316 0.3635 -0.0000
vn -1.0000 0.0087 -0.0000
vn 0.0087 1.0000 -0.0000
vn 1.0000 -0.0087 -0.0000
vn -0.7133 -0.7009 -0.0000
vn -0.7009 0.7133 -0.0000
vn 0.7133 0.7009 -0.0000
vn 0.7009 -0.7133 -0.0000
vn -0.0087 -1.0000 -0.0000
vn -0.8738 -0.4705 0.1231
vn -0.8738 0.4705 0.1231
vn -0.8738 -0.4705 -0.1231
vn -0.8738 0.4705 -0.1231
vn 0.8738 -0.4705 0.1231
vn 0.8738 0.4705 0.1231
vn 0.8738 -0.4705 -0.1231
vn 0.8738 0.4705 -0.1231
vn -0.8805 -0.4741 -0.0000
vn -0.9355 0.3277 0.1319
vn -0.8805 0.4741 -0.0000
vn -0.9902 -0.0000 -0.1396
vn -0.0000 -0.9674 -0.2532
vn -0.0000 0.9674 -0.2532
vn 0.9902 -0.0000 -0.1396
vn 0.8805 -0.4741 -0.0000
vn 0.8805 0.4741 -0.0000
vn 0.9902 -0.0000 0.1396
vn -0.0000 -0.9674 0.2532
vn -0.0000 0.9674 0.2532
vn -0.9438 0.3306 -0.0000
vn 0.9438 0.3306 -0.0000
vn 0.9355 0.3277 0.1319
vn 0.9355 0.3277 -0.1319
vn -0.9355 0.3277 -0.1319
vn -0.9902 -0.0000 0.1396
vn -0.8935 -0.4491 -0.0000
vn 0.8935 0.4491 -0.0000
vn -0.0000 0.0950 -0.9955
vn -0.0000 0.0950 0.9955
vn -0.8935 0.4491 -0.0000
vn 0.8935 -0.4491 -0.0000
vn -0.0000 -0.0950 0.9955
vn -0.0000 -0.0950 -0.9955
vn 0.9603 0.2791 -0.0000
vn 0.9118 0.4105 -0.0000
vn 0.8547 0.5191 -0.0000
vn -0.9603 -0.2791 -0.0000
vn -0.9118 -0.4105 -0.0000
vn -0.8547 -0.5191 -0.0000
vn -0.0000 0.5849 -0.8111
vn -0.0000 0.1228 -0.9924
vn -0.0000 0.5849 0.8111
vn -0.0000 0.1228 0.9924
vn -1.0000 -0.0020 -0.0000
vn 1.0000 0.0020 -0.0000
vn -0.0000 0.3827 -0.9239
vn -0.0000 0.9239 -0.3827
vn -0.0000 0.9239 0.3827
vn -0.0000 0.3827 0.9239
vn -0.0000 -0.3827 0.9239
vn -0.0000 -0.9239 0.3827
vn -0.0000 -0.9239 -0.3827
vn -0.0000 -0.3827 -0.9239
vn 0.9603 -0.2791 -0.0000
vn 0.9118 -0.4105 -0.0000
vn 0.8547 -0.5191 -0.0000
vn -0.9603 0.2791 -0.0000
vn -0.9118 0.4105 -0.0000
vn -0.8547 0.5191 -0.0000
vn -0.0000 -0.5849 0.8111
vn -0.0000 -0.1228 0.9924
vn -0.0000 -0.5849 -0.8111
vn -0.0000 -0.1228 -0.9924
vn -1.0000 0.0020 -0.0000
vn 1.0000 -0.0020 -0.0000
vn -0.9362 -0.3514 -0.0000
vn 0.9362 0.3514 -0.0000
vn 0.8739 -0.4861 -0.0000
vn -0.8739 0.4861 -0.0000
vn -0.9362 0.3514 -0.0000
vn 0.9362 -0.3514 -0.0000
vn 0.8739 0.4861 -0.0000
vn -0.8739 -0.4861 -0.0000
vn 0.1132 0.2665 -0.9572
vn 0.3496 0.8093 -0.4721
vn 0.3812 0.8780 0.2896
vn 0.1896 0.4323 0.8816
vn -0.1132 -0.2665 0.9572
vn -0.3496 -0.8093 0.4721
vn 0.1895 0.4323 0.8816
vn -0.3812 -0.8780 -0.2896
vn -0.1896 -0.4323 -0.8816
vn -0.9175 0.3977 0.0023
vn -0.1896 -0.4324 -0.8816
vn -0.3812 -0.8780 -0.2895
vn 0.9175 -0.3977 -0.0023
vn 0.1895 0.4324 0.8816
vn 0.1132 -0.2665 0.9572
vn 0.3496 -0.8093 0.4721
vn 0.3812 -0.8780 -0.2896
vn 0.1896 -0.4323 -0.8816
vn -0.1132 0.2665 -0.9572
vn -0.3496 0.8093 -0.4721
vn 0.1895 -0.4324 -0.8816
vn -0.3812 0.8780 0.2896
vn -0.1896 0.4323 0.8816
vn -0.9175 -0.3977 -0.0023
vn -0.1895 0.4324 0.8816
vn 0.9175 0.3977 0.0023
vn -0.1896 0.4324 0.8816
vn 0.3812 -0.8780 -0.2895
vt 0.000000 1.000000
vt 0.166667 1.000000
vt 0.166667 0.833333
vt 0.000000 0.833333
vt 0.000000 0.166667
vt 0.166667 0.166667
vt 0.166667 0.000000
vt 0.000000 0.000000
vt 0.000000 0.333333
vt 0.166667 0.333333
vt 0.000000 0.500000
vt 0.166667 0.500000
vt 0.000000 0.666667
vt 0.166667 0.666667
vt 0.333333 1.000000
vt 0.333333 0.833333
vt 0.333333 0.166667
vt 0.333333 0.000000
vt 0.333333 0.333333
vt 0.333333 0.500000
vt 0.333333 0.666667
vt 0.500000 1.000000
vt 0.666667 1.000000
vt 0.666667 0.833333
vt 0.500000 0.833333
vt 0.500000 0.166667
vt 0.666667 0.166667
vt 0.666667 0.000000
vt 0.500000 0.000000
vt 0.500000 0.333333
vt 0.666667 0.333333
vt 0.500000 0.500000
vt 0.666667 0.500000
vt 0.500000 0.666667
vt 0.666667 0.666667
vt 0.833333 1.000000
vt 0.833333 0.833333
vt 0.833333 0.166667
vt 0.833333 0.000000
vt 0.833333 0.333333
vt 0.833333 0.500000
vt 0.833333 0.666667
vt 1.000000 1.000000
vt 1.000000 0.833333
vt 1.000000 0.166667
vt 1.000000 0.000000
vt 1.000000 0.333333
vt 1.000000 0.500000
vt 1.000000 0.666667
vt 0.375000 0.000000
vt 0.625000 0.000000
vt 0.625000 0.250000
vt 0.375000 0.250000
vt 0.625000 0.329110
vt 0.625000 0.421806
vt 0.625000 0.500000
vt 0.375000 0.500000
vt 0.625000 0.750000
vt 0.375000 0.750000
vt 0.625000 0.829224
vt 0.625000 0.922949
vt 0.625000 1.000000
vt 0.375000 1.000000
vt 0.125000 0.500000
vt 0.125000 0.750000
vt 0.703194 0.500000
vt 0.704224 0.750000
vt 0.795890 0.500000
vt 0.797949 0.750000
vt 0.875000 0.500000
vt 0.875000 0.750000
vt 0.552112 0.000000
vt 0.552112 0.250000
vt 0.552112 0.500000
vt 0.552112 0.750000
vt 0.552112 1.000000
vt 0.449405 0.750000
vt 0.449405 1.000000
vt 0.449405 0.500000
vt 0.449405 0.250000
vt 0.449405 0.000000
vt 0.750000 0.250000
vt 0.750000 0.500000
vt 0.750000 0.750000
vt 0.687500 1.000000
vt 0.687500 0.000000
vt 0.500000 0.250000
vt 0.562500 1.000000
vt 0.500000 0.750000
vt 0.562500 0.000000
vt 0.437500 1.000000
vt 0.437500 0.000000
vt 0.250000 0.500000
vt 0.250000 0.250000
vt 0.312500 1.000000
vt 0.250000 0.750000
vt 0.312500 0.000000
vt 0.125000 0.250000
vt 0.187500 1.000000
vt 0.187500 0.000000
vt 0.000000 0.750000
vt 0.000000 0.250000
vt 0.062500 1.000000
vt 0.062500 0.000000
vt 0.937500 0.000000
vt 1.000000 0.250000
vt 0.875000 0.250000
vt 1.000000 0.750000
vt 0.937500 1.000000
vt 0.812500 0.000000
vt 0.812500 1.000000
vt 0.137776 0.737223
vt 0.137776 0.750000
vt 0.125000 0.737224
vt 0.612224 0.000000
vt 0.625000 0.012776
vt 0.612224 0.012776
vt 0.137776 0.512776
vt 0.125000 0.512777
vt 0.137776 0.500000
vt 0.625000 0.249781
vt 0.612224 0.262746
vt 0.612224 0.237224
vt 0.362224 0.737223
vt 0.387746 0.737223
vt 0.385947 0.761862
vt 0.636862 0.739053
vt 0.612224 0.762776
vt 0.612224 0.737254
vt 0.362224 0.512776
vt 0.385947 0.488138
vt 0.387746 0.512776
vt 0.636862 0.510947
vt 0.612224 0.512746
vt 0.612224 0.487224
vt 0.552751 0.000000
vt 0.552751 0.012776
vt 0.552751 0.262754
vt 0.387776 0.262776
vt 0.387776 0.237224
vt 0.552752 0.237224
vt 0.552743 0.512754
vt 0.552267 0.487466
vt 0.552267 0.762534
vt 0.552743 0.737246
vt 0.625000 0.987224
vt 0.612224 0.987224
vt 0.552751 0.987224
vt 0.862224 0.512776
vt 0.862224 0.737223
vt 0.387776 0.987223
vt 0.387776 0.012776
vt 0.387776 0.000000
vt 0.548684 0.000000
vt 0.548684 0.250000
vt 0.548684 0.500000
vt 0.548684 0.750000
vt 0.548684 1.000000
vt 0.437500 0.750000
vt 0.500000 0.750000
vt 0.562500 0.750000
vt 0.437500 0.500000
vt 0.500000 0.500000
vt 0.562500 0.500000
vt 0.437500 0.250000
vt 0.500000 0.250000
vt 0.562500 0.250000
vt 0.875000 0.567339
vt 0.625000 0.567339
vt 0.619740 0.510217
vt 0.874697 0.500000
vt 0.618070 0.236635
vt 0.590332 0.500000
vt 0.590332 0.250000
vt 0.625000 0.682661
vt 0.875000 0.682661
vt 0.874697 0.750000
vt 0.619740 0.739783
vt 0.625000 0.999697
vt 0.590332 1.000000
vt 0.590332 0.750000
vt 0.590332 0.000000
vt 0.614846 0.019723
vt 0.625000 0.067339
vt 0.625000 0.182661
vt 0.875000 1.000000
vt 0.750000 1.000000
vt 0.250000 1.000000
vt 0.250000 0.446475
vt 0.111072 0.388929
vt 0.125000 1.000000
vt 0.750000 0.490000
vt 0.919706 0.419706
vt 0.990000 0.250000
vt 0.919706 0.080294
vt 0.750000 0.010000
vt 0.580294 0.080294
vt 0.510000 0.250000
vt 0.580294 0.419706
vt 0.388929 0.388929
vt 0.419706 0.419706
vt 0.250000 0.490000
vt 0.446475 0.250000
vt 0.490000 0.250000
vt 0.388928 0.111072
vt 0.419706 0.080294
vt 0.250000 0.053525
vt 0.250000 0.010000
vt 0.111072 0.111072
vt 0.080294 0.080294
vt 0.053525 0.250000
vt 0.010000 0.250000
vt 0.080294 0.419706
vt 0.552971 0.000000
vt 0.552971 0.250000
vt 0.552971 0.500000
vt 0.552971 0.750000
vt 0.552971 1.000000
vt 0.386134 0.750000
vt 0.386134 1.000000
vt 0.386134 0.500000
vt 0.386134 0.250000
vt 0.386134 0.000000
s 0
usemtl Material.010
f 1/1/1 7/2/1 12/3/1 6/4/1
f 2/5/2 8/6/2 7/7/2 1/8/2
f 3/9/3 9/10/3 8/6/3 2/5/3
f 4/11/4 10/12/4 9/10/4 3/9/4
f 5/13/5 11/14/5 10/12/5 4/11/5
f 6/4/6 12/3/6 11/14/6 5/13/6
f 7/2/7 13/15/7 18/16/7 12/3/7
f 8/6/8 14/17/8 13/18/8 7/7/8
f 9/10/9 15/19/9 14/17/9 8/6/9
f 10/12/10 16/20/10 15/19/10 9/10/10
f 11/14/11 17/21/11 16/20/11 10/12/11
f 12/3/12 18/16/12 17/21/12 11/14/12
f 13/22/13 19/23/13 24/24/13 18/25/13
f 14/26/14 20/27/14 19/28/14 13/29/14
f 15/30/15 21/31/15 20/27/15 14/26/15
f 16/32/16 22/33/16 21/31/16 15/30/16
f 17/34/17 23/35/17 22/33/17 16/32/17
f 18/25/18 24/24/18 23/35/18 17/34/18
f 19/23/19 25/36/19 30/37/19 24/24/19
f 20/27/20 26/38/20 25/39/20 19/28/20
f 21/31/21 27/40/21 26/38/21 20/27/21
f 22/33/22 28/41/22 27/40/22 21/31/22
f 23/35/23 29/42/23 28/41/23 22/33/23
f 24/24/24 30/37/24 29/42/24 23/35/24
f 25/36/25 31/43/25 36/44/25 30/37/25
f 26/38/26 32/45/26 31/46/26 25/39/26
f 27/40/27 33/47/27 32/45/27 26/38/27
f 28/41/28 34/48/28 33/47/28 27/40/28
f 29/42/29 35/49/29 34/48/29 28/41/29
f 30/37/30 36/44/30 35/49/30 29/42/30
usemtl Material
f 38/8/31 37/8/31 44/8/31 43/8/31 42/8/31 41/8/31 40/8/31 39/8/31
f 46/8/32 47/8/32 48/8/32 49/8/32 50/8/32 51/8/32 52/8/32 45/8/32
f 43/8/33 44/8/33 52/8/33 51/8/33
f 41/8/34 42/8/34 50/8/34 49/8/34
f 39/8/35 40/8/35 48/8/35 47/8/35
f 37/8/36 38/8/36 46/8/36 45/8/36
f 44/8/37 37/8/37 45/8/37 52/8/37
f 42/8/38 43/8/38 51/8/38 50/8/38
f 40/8/39 41/8/39 49/8/39 48/8/39
f 38/8/40 39/8/40 47/8/40 46/8/40
f 304/64/31 306/57/31 305/59/31 303/65/31
f 305/59/44 318/159/44 307/91/44 303/63/44
f 318/159/44 317/160/44 308/22/44 307/91/44
f 317/160/44 316/161/44 309/88/44 308/22/44
f 306/57/141 315/162/141 318/159/141 305/59/141
f 315/162/142 314/163/142 317/160/142 318/159/142
f 314/163/143 313/164/143 316/161/143 317/160/143
f 304/53/50 312/165/50 315/162/50 306/57/50
f 312/165/50 311/166/50 314/163/50 315/162/50
f 311/166/50 310/167/50 313/164/50 314/163/50
f 303/50/144 307/92/144 312/165/144 304/53/144
f 307/92/145 308/29/145 311/166/145 312/165/145
f 308/29/146 309/90/146 310/167/146 311/166/146
f 322/168/147 329/169/147 330/170/147 324/171/147
f 324/172/148 330/170/148 328/173/148 323/174/148
f 325/175/149 320/176/149 321/177/149 327/178/149
f 327/178/150 321/179/150 319/180/150 326/181/150
f 316/161/44 326/181/44 319/180/44 309/88/44
f 309/90/151 319/182/151 321/183/151 320/184/151 322/185/151 324/172/151 323/174/151 310/167/151
f 329/169/32 322/168/32 320/176/32 325/175/32
f 310/167/50 323/174/50 328/173/50 313/164/50
f 313/164/152 328/173/152 330/170/152 329/169/152 325/175/152 327/178/152 326/181/152 316/161/152
f 396/64/32 398/57/32 397/59/32 395/65/32
f 397/59/50 410/159/50 399/91/50 395/63/50
f 410/159/50 409/160/50 400/22/50 399/91/50
f 409/160/50 408/161/50 401/88/50 400/22/50
f 398/57/161 407/162/161 410/159/161 397/59/161
f 407/162/162 406/163/162 409/160/162 410/159/162
f 406/163/163 405/164/163 408/161/163 409/160/163
f 396/53/44 404/165/44 407/162/44 398/57/44
f 404/165/44 403/166/44 406/163/44 407/162/44
f 403/166/44 402/167/44 405/164/44 406/163/44
f 395/50/164 399/92/164 404/165/164 396/53/164
f 399/92/165 400/29/165 403/166/165 404/165/165
f 400/29/166 401/90/166 402/167/166 403/166/166
f 414/168/167 421/169/167 422/170/167 416/171/167
f 416/172/168 422/170/168 420/173/168 415/174/168
f 417/175/169 412/176/169 413/177/169 419/178/169
f 419/178/170 413/179/170 411/180/170 418/181/170
f 408/161/50 418/181/50 411/180/50 401/88/50
f 401/90/171 411/182/171 413/183/171 412/184/171 414/185/171 416/172/171 415/174/171 402/167/171
f 421/169/31 414/168/31 412/176/31 417/175/31
f 402/167/44 415/174/44 420/173/44 405/164/44
f 405/164/172 420/173/172 422/170/172 421/169/172 417/175/172 419/178/172 418/181/172 408/161/172
usemtl Material.005
f 53/50/41 54/51/41 56/52/41 55/53/41
f 55/53/42 56/52/42 63/54/42 64/55/42 60/56/42 59/57/42
f 59/57/43 60/56/43 58/58/43 57/59/43
f 57/59/44 58/58/44 61/60/44 62/61/44 54/62/44 53/63/44
f 55/64/31 59/57/31 57/59/31 53/65/31
f 60/56/45 64/66/45 61/67/45 58/58/45
f 61/67/32 64/66/32 63/68/32 62/69/32
f 62/69/46 63/68/46 56/70/46 54/71/46
f 65/50/47 66/51/47 68/52/47 67/53/47
f 67/53/48 68/52/48 75/54/48 76/55/48 72/56/48 71/57/48
f 71/57/49 72/56/49 70/58/49 69/59/49
f 69/59/50 70/58/50 73/60/50 74/61/50 66/62/50 65/63/50
f 67/64/31 71/57/31 69/59/31 65/65/31
f 72/56/51 76/66/51 73/67/51 70/58/51
f 73/67/32 76/66/32 75/68/32 74/69/32
f 74/69/52 75/68/52 68/70/52 66/71/52
f 89/72/53 78/51/53 80/52/53 90/73/53
f 90/73/54 80/52/54 84/56/54 91/74/54
f 91/74/55 84/56/55 82/58/55 92/75/55
f 92/75/44 82/58/44 78/62/44 89/76/44
f 79/64/31 83/57/31 81/59/31 77/65/31
f 84/56/32 80/70/32 78/71/32 82/58/32
f 81/59/44 88/77/44 85/78/44 77/63/44
f 83/57/56 87/79/56 88/77/56 81/59/56
f 79/53/57 86/80/57 87/79/57 83/57/57
f 77/50/58 85/81/58 86/80/58 79/53/58
f 88/77/44 92/75/44 89/76/44 85/78/44
f 87/79/59 91/74/59 92/75/59 88/77/59
f 86/80/50 90/73/50 91/74/50 87/79/50
f 85/81/60 89/72/60 90/73/60 86/80/60
f 131/72/93 120/51/93 122/52/93 132/73/93
f 132/73/94 122/52/94 126/56/94 133/74/94
f 133/74/95 126/56/95 124/58/95 134/75/95
f 134/75/50 124/58/50 120/62/50 131/76/50
f 121/64/32 125/57/32 123/59/32 119/65/32
f 126/56/31 122/70/31 120/71/31 124/58/31
f 123/59/50 130/77/50 127/78/50 119/63/50
f 125/57/96 129/79/96 130/77/96 123/59/96
f 121/53/97 128/80/97 129/79/97 125/57/97
f 119/50/98 127/81/98 128/80/98 121/53/98
f 130/77/50 134/75/50 131/76/50 127/78/50
f 129/79/59 133/74/59 134/75/59 130/77/59
f 128/80/44 132/73/44 133/74/44 129/79/44
f 127/81/60 131/72/60 132/73/60 128/80/60
usemtl Material.001
f 118/82/61 117/83/61 94/56/61 95/52/61
f 116/84/62 115/85/62 93/58/62
f 108/86/63 118/82/63 95/52/63
f 117/83/64 116/84/64 93/58/64 94/56/64
f 95/52/65 94/56/65 97/32/65 98/87/65
f 93/58/66 115/88/66 96/89/66
f 108/90/67 95/52/67 98/87/67
f 94/56/68 93/58/68 96/89/68 97/32/68
f 98/87/69 97/32/69 100/57/69 101/53/69
f 96/89/70 115/91/70 99/59/70
f 108/92/71 98/87/71 101/53/71
f 97/32/72 96/89/72 99/59/72 100/57/72
f 101/53/73 100/57/73 103/93/73 104/94/73
f 99/59/74 115/95/74 102/96/74
f 108/97/75 101/53/75 104/94/75
f 100/57/76 99/59/76 102/96/76 103/93/76
f 104/94/77 103/93/77 106/64/77 107/98/77
f 102/96/78 115/99/78 105/65/78
f 108/100/79 104/94/79 107/98/79
f 103/93/80 102/96/80 105/65/80 106/64/80
f 106/64/81 105/65/81 109/101/81 110/11/81
f 107/98/82 106/64/82 110/11/82 111/102/82
f 105/65/83 115/103/83 109/101/83
f 108/104/84 107/98/84 111/102/84
f 108/105/85 111/106/85 114/107/85
f 110/48/86 109/108/86 112/71/86 113/70/86
f 111/106/87 110/48/87 113/70/87 114/107/87
f 109/108/88 115/109/88 112/71/88
f 108/110/89 114/107/89 118/82/89
f 113/70/90 112/71/90 116/84/90 117/83/90
f 114/107/91 113/70/91 117/83/91 118/82/91
f 112/71/92 115/111/92 116/84/92
usemtl Material.003
f 136/8/50 135/8/50 142/8/50 141/8/50 140/8/50 139/8/50 138/8/50 137/8/50
f 149/8/44 150/8/44 158/8/44 157/8/44
f 140/8/99 141/8/99 149/8/99 148/8/99
f 138/8/100 139/8/100 147/8/100 146/8/100
f 136/8/101 137/8/101 145/8/101 143/8/101
f 141/8/102 142/8/102 150/8/102 149/8/102
f 139/8/103 140/8/103 148/8/103 147/8/103
f 137/8/104 138/8/104 146/8/104 145/8/104
f 135/8/105 136/8/105 143/8/105 144/8/105
f 142/8/106 135/8/106 144/8/106 150/8/106
f 157/8/104 158/8/104 166/8/104 165/8/104
f 147/8/44 148/8/44 156/8/44 155/8/44
f 145/8/44 146/8/44 154/8/44 153/8/44
f 144/8/44 143/8/44 151/8/44 152/8/44
f 150/8/44 144/8/44 152/8/44 158/8/44
f 148/8/44 149/8/44 157/8/44 156/8/44
f 146/8/44 147/8/44 155/8/44 154/8/44
f 143/8/44 145/8/44 153/8/44 151/8/44
f 159/8/44 161/8/44 162/8/44 163/8/44 164/8/44 165/8/44 166/8/44 160/8/44
f 155/8/105 156/8/105 164/8/105 163/8/105
f 153/8/102 154/8/102 162/8/102 161/8/102
f 152/8/103 151/8/103 159/8/103 160/8/103
f 158/8/100 152/8/100 160/8/100 166/8/100
f 156/8/101 157/8/101 165/8/101 164/8/101
f 154/8/106 155/8/106 163/8/106 162/8/106
f 151/8/99 153/8/99 161/8/99 159/8/99
f 331/48/153 348/43/153 347/186/153 333/70/153
f 333/70/154 347/186/154 349/187/154 335/83/154
f 335/83/155 349/187/155 350/62/155 337/56/155
f 337/56/156 350/62/156 351/22/156 339/32/156
f 339/32/157 351/22/157 352/63/157 341/57/157
f 341/57/158 352/63/158 353/188/158 343/93/158
f 332/189/156 346/190/156 362/190/156 356/189/156
f 343/93/159 353/188/159 354/191/159 345/64/159
f 345/64/160 354/191/160 348/1/160 331/11/160
f 331/192/59 333/193/59 335/194/59 337/195/59 339/196/59 341/197/59 343/198/59 345/199/59
f 332/189/60 334/200/60 347/201/60 348/202/60
f 334/200/60 336/203/60 349/204/60 347/201/60
f 336/203/60 338/205/60 350/206/60 349/204/60
f 338/205/60 340/207/60 351/208/60 350/206/60
f 340/207/60 342/209/60 352/210/60 351/208/60
f 342/209/60 344/211/60 353/212/60 352/210/60
f 344/211/60 346/190/60 354/213/60 353/212/60
f 346/190/60 332/189/60 348/202/60 354/213/60
f 355/200/60 356/189/60 362/190/60 361/211/60 360/209/60 359/207/60 358/205/60 357/203/60
f 344/211/154 342/209/154 360/209/154 361/211/154
f 340/207/160 338/205/160 358/205/160 359/207/160
f 336/203/158 334/200/158 355/200/158 357/203/158
f 346/190/155 344/211/155 361/211/155 362/190/155
f 342/209/153 340/207/153 359/207/153 360/209/153
f 338/205/159 336/203/159 357/203/159 358/205/159
f 334/200/157 332/189/157 356/189/157 355/200/157
f 363/48/157 380/43/157 379/186/157 365/70/157
f 365/70/158 379/186/158 381/187/158 367/83/158
f 367/83/159 381/187/159 382/62/159 369/56/159
f 369/56/160 382/62/160 383/22/160 371/32/160
f 371/32/153 383/22/153 384/63/153 373/57/153
f 373/57/154 384/63/154 385/188/154 375/93/154
f 364/189/160 378/190/160 394/190/160 388/189/160
f 375/93/155 385/188/155 386/191/155 377/64/155
f 377/64/156 386/191/156 380/1/156 363/11/156
f 363/192/59 365/193/59 367/194/59 369/195/59 371/196/59 373/197/59 375/198/59 377/199/59
f 364/189/60 366/200/60 379/201/60 380/202/60
f 366/200/60 368/203/60 381/204/60 379/201/60
f 368/203/60 370/205/60 382/206/60 381/204/60
f 370/205/60 372/207/60 383/208/60 382/206/60
f 372/207/60 374/209/60 384/210/60 383/208/60
f 374/209/60 376/211/60 385/212/60 384/210/60
f 376/211/60 378/190/60 386/213/60 385/212/60
f 378/190/60 364/189/60 380/202/60 386/213/60
f 387/200/60 388/189/60 394/190/60 393/211/60 392/209/60 391/207/60 390/205/60 389/203/60
f 376/211/158 374/209/158 392/209/158 393/211/158
f 372/207/156 370/205/156 390/205/156 391/207/156
f 368/203/154 366/200/154 387/200/154 389/203/154
f 378/190/159 376/211/159 393/211/159 394/190/159
f 374/209/157 372/207/157 391/207/157 392/209/157
f 370/205/155 368/203/155 389/203/155 390/205/155
f 366/200/153 364/189/153 388/189/153 387/200/153
f 1063/48/181 1080/43/181 1079/186/181 1065/70/181
f 1065/70/182 1079/186/182 1081/187/182 1067/83/182
f 1067/83/183 1081/187/183 1082/62/183 1069/56/183
f 1069/56/184 1082/62/184 1083/22/184 1071/32/184
f 1071/32/185 1083/22/185 1084/63/185 1073/57/185
f 1073/57/186 1084/63/186 1085/188/186 1075/93/186
f 1064/189/187 1078/190/187 1094/190/187 1088/189/187
f 1075/93/188 1085/188/188 1086/191/188 1077/64/188
f 1077/64/189 1086/191/189 1080/1/189 1063/11/189
f 1065/70/182 1067/83/182 1097/83/182 1096/70/182
f 1064/189/190 1066/200/190 1079/201/190 1080/202/190
f 1066/200/190 1068/203/190 1081/204/190 1079/201/190
f 1068/203/190 1070/205/190 1082/206/190 1081/204/190
f 1070/205/190 1072/207/190 1083/208/190 1082/206/190
f 1072/207/190 1074/209/190 1084/210/190 1083/208/190
f 1074/209/190 1076/211/190 1085/212/190 1084/210/190
f 1076/211/190 1078/190/190 1086/213/190 1085/212/190
f 1078/190/190 1064/189/190 1080/202/190 1086/213/190
f 1087/200/190 1088/189/190 1094/190/190 1093/211/190 1092/209/190 1091/207/190 1090/205/190 1089/203/190
f 1076/211/182 1074/209/182 1092/209/182 1093/211/182
f 1072/207/191 1070/205/191 1090/205/191 1091/207/191
f 1068/203/186 1066/200/186 1087/200/186 1089/203/186
f 1078/190/183 1076/211/183 1093/211/183 1094/190/183
f 1074/209/181 1072/207/181 1091/207/181 1092/209/181
f 1070/205/192 1068/203/192 1089/203/192 1090/205/192
f 1066/200/185 1064/189/185 1088/189/185 1087/200/185
f 1095/192/193 1096/193/193 1097/194/193 1098/195/193 1099/196/193 1100/197/193 1101/198/193 1102/199/193
f 1071/32/185 1073/57/185 1100/57/185 1099/32/185
f 1077/64/189 1063/11/189 1095/11/189 1102/64/189
f 1063/48/181 1065/70/181 1096/70/181 1095/48/181
f 1067/83/183 1069/56/183 1098/56/183 1097/83/183
f 1073/57/186 1075/93/186 1101/93/186 1100/57/186
f 1069/56/184 1071/32/184 1099/32/184 1098/56/184
f 1075/93/188 1077/64/188 1102/64/188 1101/93/188
f 1103/48/181 1120/43/181 1119/186/181 1105/70/181
f 1105/70/182 1119/186/182 1121/187/182 1107/83/182
f 1107/83/183 1121/187/183 1122/62/183 1109/56/183
f 1109/56/184 1122/62/184 1123/22/184 1111/32/184
f 1111/32/185 1123/22/185 1124/63/185 1113/57/185
f 1113/57/186 1124/63/186 1125/188/186 1115/93/186
f 1104/189/187 1118/190/187 1134/190/187 1128/189/187
f 1115/93/188 1125/188/188 1126/191/188 1117/64/188
f 1117/64/189 1126/191/189 1120/1/189 1103/11/189
f 1105/70/182 1107/83/182 1137/83/182 1136/70/182
f 1104/189/190 1106/200/190 1119/201/190 1120/202/190
f 1106/200/190 1108/203/190 1121/204/190 1119/201/190
f 1108/203/190 1110/205/190 1122/206/190 1121/204/190
f 1110/205/190 1112/207/190 1123/208/190 1122/206/190
f 1112/207/190 1114/209/190 1124/210/190 1123/208/190
f 1114/209/190 1116/211/190 1125/212/190 1124/210/190
f 1116/211/190 1118/190/190 1126/213/190 1125/212/190
f 1118/190/190 1104/189/190 1120/202/190 1126/213/190
f 1127/200/190 1128/189/190 1134/190/190 1133/211/190 1132/209/190 1131/207/190 1130/205/190 1129/203/190
f 1116/211/182 1114/209/182 1132/209/182 1133/211/182
f 1112/207/189 1110/205/189 1130/205/189 1131/207/189
f 1108/203/186 1106/200/186 1127/200/186 1129/203/186
f 1118/190/183 1116/211/183 1133/211/183 1134/190/183
f 1114/209/181 1112/207/181 1131/207/181 1132/209/181
f 1110/205/188 1108/203/188 1129/203/188 1130/205/188
f 1106/200/185 1104/189/185 1128/189/185 1127/200/185
f 1135/192/193 1136/193/193 1137/194/193 1138/195/193 1139/196/193 1140/197/193 1141/198/193 1142/199/193
f 1111/32/185 1113/57/185 1140/57/185 1139/32/185
f 1117/64/189 1103/11/189 1135/11/189 1142/64/189
f 1103/48/181 1105/70/181 1136/70/181 1135/48/181
f 1107/83/183 1109/56/183 1138/56/183 1137/83/183
f 1113/57/186 1115/93/186 1141/93/186 1140/57/186
f 1109/56/184 1111/32/184 1139/32/184 1138/56/184
f 1115/93/188 1117/64/188 1142/64/188 1141/93/188
f 1143/48/181 1160/43/181 1159/186/181 1145/70/181
f 1145/70/182 1159/186/182 1161/187/182 1147/83/182
f 1147/83/183 1161/187/183 1162/62/183 1149/56/183
f 1149/56/184 1162/62/184 1163/22/184 1151/32/184
f 1151/32/185 1163/22/185 1164/63/185 1153/57/185
f 1153/57/186 1164/63/186 1165/188/186 1155/93/186
f 1144/189/194 1158/190/194 1174/190/194 1168/189/194
f 1155/93/188 1165/188/188 1166/191/188 1157/64/188
f 1157/64/189 1166/191/189 1160/1/189 1143/11/189
f 1145/70/182 1147/83/182 1177/83/182 1176/70/182
f 1144/189/190 1146/200/190 1159/201/190 1160/202/190
f 1146/200/190 1148/203/190 1161/204/190 1159/201/190
f 1148/203/190 1150/205/190 1162/206/190 1161/204/190
f 1150/205/190 1152/207/190 1163/208/190 1162/206/190
f 1152/207/190 1154/209/190 1164/210/190 1163/208/190
f 1154/209/190 1156/211/190 1165/212/190 1164/210/190
f 1156/211/190 1158/190/190 1166/213/190 1165/212/190
f 1158/190/190 1144/189/190 1160/202/190 1166/213/190
f 1167/200/190 1168/189/190 1174/190/190 1173/211/190 1172/209/190 1171/207/190 1170/205/190 1169/203/190
f 1156/211/182 1154/209/182 1172/209/182 1173/211/182
f 1152/207/189 1150/205/189 1170/205/189 1171/207/189
f 1148/203/186 1146/200/186 1167/200/186 1169/203/186
f 1158/190/183 1156/211/183 1173/211/183 1174/190/183
f 1154/209/181 1152/207/181 1171/207/181 1172/209/181
f 1150/205/188 1148/203/188 1169/203/188 1170/205/188
f 1146/200/185 1144/189/185 1168/189/185 1167/200/185
f 1175/192/193 1176/193/193 1177/194/193 1178/195/193 1179/196/193 1180/197/193 1181/198/193 1182/199/193
f 1151/32/185 1153/57/185 1180/57/185 1179/32/185
f 1157/64/189 1143/11/189 1175/11/189 1182/64/189
f 1143/48/181 1145/70/181 1176/70/181 1175/48/181
f 1147/83/183 1149/56/183 1178/56/183 1177/83/183
f 1153/57/186 1155/93/186 1181/93/186 1180/57/186
f 1149/56/184 1151/32/184 1179/32/184 1178/56/184
f 1155/93/188 1157/64/188 1182/64/188 1181/93/188
f 1183/48/195 1200/43/195 1199/186/195 1185/70/195
f 1185/70/196 1199/186/196 1201/187/196 1187/83/196
f 1187/83/197 1201/187/197 1202/62/197 1189/56/197
f 1189/56/198 1202/62/198 1203/22/198 1191/32/198
f 1191/32/199 1203/22/199 1204/63/199 1193/57/199
f 1193/57/200 1204/63/200 1205/188/200 1195/93/200
f 1184/189/201 1198/190/201 1214/190/201 1208/189/201
f 1195/93/202 1205/188/202 1206/191/202 1197/64/202
f 1197/64/203 1206/191/203 1200/1/203 1183/11/203
f 1185/70/196 1187/83/196 1217/83/196 1216/70/196
f 1184/189/204 1186/200/204 1199/201/204 1200/202/204
f 1186/200/204 1188/203/204 1201/204/204 1199/201/204
f 1188/203/204 1190/205/204 1202/206/204 1201/204/204
f 1190/205/204 1192/207/204 1203/208/204 1202/206/204
f 1192/207/204 1194/209/204 1204/210/204 1203/208/204
f 1194/209/204 1196/211/204 1205/212/204 1204/210/204
f 1196/211/204 1198/190/204 1206/213/204 1205/212/204
f 1198/190/204 1184/189/204 1200/202/204 1206/213/204
f 1207/200/204 1208/189/204 1214/190/204 1213/211/204 1212/209/204 1211/207/204 1210/205/204 1209/203/204
f 1196/211/196 1194/209/196 1212/209/196 1213/211/196
f 1192/207/205 1190/205/205 1210/205/205 1211/207/205
f 1188/203/200 1186/200/200 1207/200/200 1209/203/200
f 1198/190/197 1196/211/197 1213/211/197 1214/190/197
f 1194/209/195 1192/207/195 1211/207/195 1212/209/195
f 1190/205/202 1188/203/202 1209/203/202 1210/205/202
f 1186/200/199 1184/189/199 1208/189/199 1207/200/199
f 1215/192/206 1216/193/206 1217/194/206 1218/195/206 1219/196/206 1220/197/206 1221/198/206 1222/199/206
f 1191/32/199 1193/57/199 1220/57/199 1219/32/199
f 1197/64/203 1183/11/203 1215/11/203 1222/64/203
f 1183/48/195 1185/70/195 1216/70/195 1215/48/195
f 1187/83/197 1189/56/197 1218/56/197 1217/83/197
f 1193/57/200 1195/93/200 1221/93/200 1220/57/200
f 1189/56/198 1191/32/198 1219/32/198 1218/56/198
f 1195/93/202 1197/64/202 1222/64/202 1221/93/202
f 1223/48/195 1240/43/195 1239/186/195 1225/70/195
f 1225/70/196 1239/186/196 1241/187/196 1227/83/196
f 1227/83/197 1241/187/197 1242/62/197 1229/56/197
f 1229/56/198 1242/62/198 1243/22/198 1231/32/198
f 1231/32/199 1243/22/199 1244/63/199 1233/57/199
f 1233/57/200 1244/63/200 1245/188/200 1235/93/200
f 1224/189/201 1238/190/201 1254/190/201 1248/189/201
f 1235/93/202 1245/188/202 1246/191/202 1237/64/202
f 1237/64/203 1246/191/203 1240/1/203 1223/11/203
f 1225/70/196 1227/83/196 1257/83/196 1256/70/196
f 1224/189/204 1226/200/204 1239/201/204 1240/202/204
f 1226/200/204 1228/203/204 1241/204/204 1239/201/204
f 1228/203/204 1230/205/204 1242/206/204 1241/204/204
f 1230/205/204 1232/207/204 1243/208/204 1242/206/204
f 1232/207/204 1234/209/204 1244/210/204 1243/208/204
f 1234/209/204 1236/211/204 1245/212/204 1244/210/204
f 1236/211/204 1238/190/204 1246/213/204 1245/212/204
f 1238/190/204 1224/189/204 1240/202/204 1246/213/204
f 1247/200/204 1248/189/204 1254/190/204 1253/211/204 1252/209/204 1251/207/204 1250/205/204 1249/203/204
f 1236/211/196 1234/209/196 1252/209/196 1253/211/196
f 1232/207/207 1230/205/207 1250/205/207 1251/207/207
f 1228/203/200 1226/200/200 1247/200/200 1249/203/200
f 1238/190/208 1236/211/208 1253/211/208 1254/190/208
f 1234/209/195 1232/207/195 1251/207/195 1252/209/195
f 1230/205/202 1228/203/202 1249/203/202 1250/205/202
f 1226/200/199 1224/189/199 1248/189/199 1247/200/199
f 1255/192/206 1256/193/206 1257/194/206 1258/195/206 1259/196/206 1260/197/206 1261/198/206 1262/199/206
f 1231/32/199 1233/57/199 1260/57/199 1259/32/199
f 1237/64/203 1223/11/203 1255/11/203 1262/64/203
f 1223/48/195 1225/70/195 1256/70/195 1255/48/195
f 1227/83/197 1229/56/197 1258/56/197 1257/83/197
f 1233/57/200 1235/93/200 1261/93/200 1260/57/200
f 1229/56/198 1231/32/198 1259/32/198 1258/56/198
f 1235/93/202 1237/64/202 1262/64/202 1261/93/202
f 1263/48/195 1280/43/195 1279/186/195 1265/70/195
f 1265/70/196 1279/186/196 1281/187/196 1267/83/196
f 1267/83/197 1281/187/197 1282/62/197 1269/56/197
f 1269/56/198 1282/62/198 1283/22/198 1271/32/198
f 1271/32/199 1283/22/199 1284/63/199 1273/57/199
f 1273/57/200 1284/63/200 1285/188/200 1275/93/200
f 1264/189/201 1278/190/201 1294/190/201 1288/189/201
f 1275/93/202 1285/188/202 1286/191/202 1277/64/202
f 1277/64/203 1286/191/203 1280/1/203 1263/11/203
f 1265/70/196 1267/83/196 1297/83/196 1296/70/196
f 1264/189/204 1266/200/204 1279/201/204 1280/202/204
f 1266/200/204 1268/203/204 1281/204/204 1279/201/204
f 1268/203/204 1270/205/204 1282/206/204 1281/204/204
f 1270/205/204 1272/207/204 1283/208/204 1282/206/204
f 1272/207/204 1274/209/204 1284/210/204 1283/208/204
f 1274/209/204 1276/211/204 1285/212/204 1284/210/204
f 1276/211/204 1278/190/204 1286/213/204 1285/212/204
f 1278/190/204 1264/189/204 1280/202/204 1286/213/204
f 1287/200/204 1288/189/204 1294/190/204 1293/211/204 1292/209/204 1291/207/204 1290/205/204 1289/203/204
f 1276/211/196 1274/209/196 1292/209/196 1293/211/196
f 1272/207/207 1270/205/207 1290/205/207 1291/207/207
f 1268/203/200 1266/200/200 1287/200/200 1289/203/200
f 1278/190/197 1276/211/197 1293/211/197 1294/190/197
f 1274/209/195 1272/207/195 1291/207/195 1292/209/195
f 1270/205/202 1268/203/202 1289/203/202 1290/205/202
f 1266/200/199 1264/189/199 1288/189/199 1287/200/199
f 1295/192/206 1296/193/206 1297/194/206 1298/195/206 1299/196/206 1300/197/206 1301/198/206 1302/199/206
f 1271/32/199 1273/57/199 1300/57/199 1299/32/199
f 1277/64/203 1263/11/203 1295/11/203 1302/64/203
f 1263/48/195 1265/70/195 1296/70/195 1295/48/195
f 1267/83/197 1269/56/197 1298/56/197 1297/83/197
f 1273/57/200 1275/93/200 1301/93/200 1300/57/200
f 1269/56/198 1271/32/198 1299/32/198 1298/56/198
f 1275/93/202 1277/64/202 1302/64/202 1301/93/202
usemtl Material.002
f 168/8/44 169/8/44 170/8/44 171/8/44 172/8/44 173/8/44 174/8/44 167/8/44
usemtl Material.004
f 175/112/107 176/113/107 177/114/107
f 178/115/108 179/116/108 180/117/108
f 181/118/109 182/119/109 183/120/109
f 184/121/110 185/122/110 186/123/110
f 187/124/111 188/125/111 189/126/111
f 190/127/112 191/128/112 192/129/112
f 193/130/113 194/131/113 195/132/113
f 196/133/114 197/134/114 198/135/114
f 181/118/115 175/112/115 177/114/115 182/119/115
f 199/136/116 178/115/116 180/117/116 200/137/116
f 179/116/117 184/121/117 186/123/117 180/117/117
f 201/138/118 183/139/118 182/140/118 202/141/118
f 193/130/119 181/118/119 183/120/119 194/131/119
f 184/121/120 196/133/120 198/135/120 185/122/120
f 203/142/121 195/132/121 194/131/121 204/143/121
f 187/124/122 193/130/122 195/132/122 188/125/122
f 196/133/123 190/127/123 192/129/123 197/134/123
f 205/144/124 189/126/124 188/125/124 206/145/124
f 175/112/125 187/124/125 189/126/125 176/113/125
f 190/127/126 179/146/126 178/147/126 191/128/126
f 181/118/31 193/130/31 187/124/31 175/112/31
f 200/137/127 180/117/127 186/123/127 202/141/127
f 205/144/44 191/128/44 178/147/44 199/148/44
f 196/133/32 184/149/32 179/150/32 190/127/32
f 201/138/50 185/122/50 198/135/50 204/143/50
f 203/142/128 197/134/128 192/129/128 206/145/128
f 195/132/59 203/142/59 206/145/59 188/125/59
f 183/139/50 201/138/50 204/143/50 194/131/50
f 189/126/44 205/144/44 199/148/44 176/151/44
f 177/152/60 200/137/60 202/141/60 182/140/60
f 191/128/129 205/144/129 206/145/129 192/129/129
f 197/134/130 203/142/130 204/143/130 198/135/130
f 185/122/131 201/138/131 202/141/131 186/123/131
f 176/153/132 199/136/132 200/137/132 177/152/132
usemtl Material.007
f 207/1/1 213/2/1 218/3/1 212/4/1
f 208/5/2 214/6/2 213/7/2 207/8/2
f 209/9/3 215/10/3 214/6/3 208/5/3
f 210/11/4 216/12/4 215/10/4 209/9/4
f 211/13/5 217/14/5 216/12/5 210/11/5
f 212/4/6 218/3/6 217/14/6 211/13/6
f 213/2/7 219/15/7 224/16/7 218/3/7
f 214/6/8 220/17/8 219/18/8 213/7/8
f 215/10/9 221/19/9 220/17/9 214/6/9
f 216/12/10 222/20/10 221/19/10 215/10/10
f 217/14/11 223/21/11 222/20/11 216/12/11
f 218/3/12 224/16/12 223/21/12 217/14/12
f 219/22/13 225/23/13 230/24/13 224/25/13
f 220/26/14 226/27/14 225/28/14 219/29/14
f 221/30/15 227/31/15 226/27/15 220/26/15
f 222/32/16 228/33/16 227/31/16 221/30/16
f 223/34/17 229/35/17 228/33/17 222/32/17
f 224/25/18 230/24/18 229/35/18 223/34/18
f 225/23/19 231/36/19 236/37/19 230/24/19
f 226/27/20 232/38/20 231/39/20 225/28/20
f 227/31/21 233/40/21 232/38/21 226/27/21
f 228/33/22 234/41/22 233/40/22 227/31/22
f 229/35/23 235/42/23 234/41/23 228/33/23
f 230/24/24 236/37/24 235/42/24 229/35/24
f 231/36/25 237/43/25 242/44/25 236/37/25
f 232/38/26 238/45/26 237/46/26 231/39/26
f 233/40/27 239/47/27 238/45/27 232/38/27
f 234/41/28 240/48/28 239/47/28 233/40/28
f 235/42/29 241/49/29 240/48/29 234/41/29
f 236/37/30 242/44/30 241/49/30 235/42/30
usemtl Material.008
f 243/1/1 249/2/1 254/3/1 248/4/1
f 244/5/2 250/6/2 249/7/2 243/8/2
f 245/9/3 251/10/3 250/6/3 244/5/3
f 246/11/4 252/12/4 251/10/4 245/9/4
f 247/13/5 253/14/5 252/12/5 246/11/5
f 248/4/6 254/3/6 253/14/6 247/13/6
f 249/2/7 255/15/7 260/16/7 254/3/7
f 250/6/8 256/17/8 255/18/8 249/7/8
f 251/10/9 257/19/9 256/17/9 250/6/9
f 252/12/10 258/20/10 257/19/10 251/10/10
f 253/14/11 259/21/11 258/20/11 252/12/11
f 254/3/12 260/16/12 259/21/12 253/14/12
f 255/22/13 261/23/13 266/24/13 260/25/13
f 256/26/14 262/27/14 261/28/14 255/29/14
f 257/30/15 263/31/15 262/27/15 256/26/15
f 258/32/16 264/33/16 263/31/16 257/30/16
f 259/34/17 265/35/17 264/33/17 258/32/17
f 260/25/18 266/24/18 265/35/18 259/34/18
f 261/23/19 267/36/19 272/37/19 266/24/19
f 262/27/20 268/38/20 267/39/20 261/28/20
f 263/31/21 269/40/21 268/38/21 262/27/21
f 264/33/22 270/41/22 269/40/22 263/31/22
f 265/35/23 271/42/23 270/41/23 264/33/23
f 266/24/24 272/37/24 271/42/24 265/35/24
f 267/36/25 273/43/25 278/44/25 272/37/25
f 268/38/26 274/45/26 273/46/26 267/39/26
f 269/40/27 275/47/27 274/45/27 268/38/27
f 270/41/28 276/48/28 275/47/28 269/40/28
f 271/42/29 277/49/29 276/48/29 270/41/29
f 272/37/30 278/44/30 277/49/30 271/42/30
usemtl Material.006
f 287/154/133 280/51/133 282/52/133 288/155/133
f 288/155/44 282/52/44 286/56/44 289/156/44
f 289/156/134 286/56/134 284/58/134 290/157/134
f 290/157/50 284/58/50 280/62/50 287/158/50
f 281/64/32 285/57/32 283/59/32 279/65/32
f 286/56/31 282/70/31 280/71/31 284/58/31
f 283/59/135 290/157/135 287/158/135 279/63/135
f 285/57/59 289/156/59 290/157/59 283/59/59
f 281/53/136 288/155/136 289/156/136 285/57/136
f 279/50/60 287/154/60 288/155/60 281/53/60
f 299/154/137 292/51/137 294/52/137 300/155/137
f 300/155/50 294/52/50 298/56/50 301/156/50
f 301/156/138 298/56/138 296/58/138 302/157/138
f 302/157/44 296/58/44 292/62/44 299/158/44
f 293/64/31 297/57/31 295/59/31 291/65/31
f 298/56/32 294/70/32 292/71/32 296/58/32
f 295/59/139 302/157/139 299/158/139 291/63/139
f 297/57/59 301/156/59 302/157/59 295/59/59
f 293/53/140 300/155/140 301/156/140 297/57/140
f 291/50/60 299/154/60 300/155/60 293/53/60
usemtl Material.014
f 435/214/173 424/51/173 426/52/173 436/215/173
f 436/215/50 426/52/50 430/56/50 437/216/50
f 437/216/174 430/56/174 428/58/174 438/217/174
f 438/217/44 428/58/44 424/62/44 435/218/44
f 425/64/31 429/57/31 427/59/31 423/65/31
f 430/56/32 426/70/32 424/71/32 428/58/32
f 427/59/44 434/219/44 431/220/44 423/63/44
f 429/57/175 433/221/175 434/219/175 427/59/175
f 425/53/50 432/222/50 433/221/50 429/57/50
f 423/50/176 431/223/176 432/222/176 425/53/176
f 434/219/44 438/217/44 435/218/44 431/220/44
f 433/221/59 437/216/59 438/217/59 434/219/59
f 432/222/50 436/215/50 437/216/50 433/221/50
f 431/223/60 435/214/60 436/215/60 432/222/60
f 451/214/173 440/51/173 442/52/173 452/215/173
f 452/215/50 442/52/50 446/56/50 453/216/50
f 453/216/174 446/56/174 444/58/174 454/217/174
f 454/217/44 444/58/44 440/62/44 451/218/44
f 441/64/31 445/57/31 443/59/31 439/65/31
f 446/56/32 442/70/32 440/71/32 444/58/32
f 443/59/44 450/219/44 447/220/44 439/63/44
f 445/57/175 449/221/175 450/219/175 443/59/175
f 441/53/50 448/222/50 449/221/50 445/57/50
f 439/50/176 447/223/176 448/222/176 441/53/176
f 450/219/44 454/217/44 451/218/44 447/220/44
f 449/221/59 453/216/59 454/217/59 450/219/59
f 448/222/50 452/215/50 453/216/50 449/221/50
f 447/223/60 451/214/60 452/215/60 448/222/60
f 467/214/173 456/51/173 458/52/173 468/215/173
f 468/215/50 458/52/50 462/56/50 469/216/50
f 469/216/174 462/56/174 460/58/174 470/217/174
f 470/217/44 460/58/44 456/62/44 467/218/44
f 457/64/31 461/57/31 459/59/31 455/65/31
f 462/56/32 458/70/32 456/71/32 460/58/32
f 459/59/44 466/219/44 463/220/44 455/63/44
f 461/57/175 465/221/175 466/219/175 459/59/175
f 457/53/50 464/222/50 465/221/50 461/57/50
f 455/50/176 463/223/176 464/222/176 457/53/176
f 466/219/44 470/217/44 467/218/44 463/220/44
f 465/221/59 469/216/59 470/217/59 466/219/59
f 464/222/50 468/215/50 469/216/50 465/221/50
f 463/223/60 467/214/60 468/215/60 464/222/60
f 483/214/173 472/51/173 474/52/173 484/215/173
f 484/215/50 474/52/50 478/56/50 485/216/50
f 485/216/174 478/56/174 476/58/174 486/217/174
f 486/217/44 476/58/44 472/62/44 483/218/44
f 473/64/31 477/57/31 475/59/31 471/65/31
f 478/56/32 474/70/32 472/71/32 476/58/32
f 475/59/44 482/219/44 479/220/44 471/63/44
f 477/57/175 481/221/175 482/219/175 475/59/175
f 473/53/50 480/222/50 481/221/50 477/57/50
f 471/50/176 479/223/176 480/222/176 473/53/176
f 482/219/44 486/217/44 483/218/44 479/220/44
f 481/221/59 485/216/59 486/217/59 482/219/59
f 480/222/50 484/215/50 485/216/50 481/221/50
f 479/223/60 483/214/60 484/215/60 480/222/60
f 499/214/173 488/51/173 490/52/173 500/215/173
f 500/215/50 490/52/50 494/56/50 501/216/50
f 501/216/174 494/56/174 492/58/174 502/217/174
f 502/217/44 492/58/44 488/62/44 499/218/44
f 489/64/31 493/57/31 491/59/31 487/65/31
f 494/56/32 490/70/32 488/71/32 492/58/32
f 491/59/44 498/219/44 495/220/44 487/63/44
f 493/57/175 497/221/175 498/219/175 491/59/175
f 489/53/50 496/222/50 497/221/50 493/57/50
f 487/50/176 495/223/176 496/222/176 489/53/176
f 498/219/44 502/217/44 499/218/44 495/220/44
f 497/221/59 501/216/59 502/217/59 498/219/59
f 496/222/50 500/215/50 501/216/50 497/221/50
f 495/223/60 499/214/60 500/215/60 496/222/60
f 515/214/173 504/51/173 506/52/173 516/215/173
f 516/215/50 506/52/50 510/56/50 517/216/50
f 517/216/174 510/56/174 508/58/174 518/217/174
f 518/217/44 508/58/44 504/62/44 515/218/44
f 505/64/31 509/57/31 507/59/31 503/65/31
f 510/56/32 506/70/32 504/71/32 508/58/32
f 507/59/44 514/219/44 511/220/44 503/63/44
f 509/57/175 513/221/175 514/219/175 507/59/175
f 505/53/50 512/222/50 513/221/50 509/57/50
f 503/50/176 511/223/176 512/222/176 505/53/176
f 514/219/44 518/217/44 515/218/44 511/220/44
f 513/221/59 517/216/59 518/217/59 514/219/59
f 512/222/50 516/215/50 517/216/50 513/221/50
f 511/223/60 515/214/60 516/215/60 512/222/60
f 531/214/173 520/51/173 522/52/173 532/215/173
f 532/215/50 522/52/50 526/56/50 533/216/50
f 533/216/174 526/56/174 524/58/174 534/217/174
f 534/217/44 524/58/44 520/62/44 531/218/44
f 521/64/31 525/57/31 523/59/31 519/65/31
f 526/56/32 522/70/32 520/71/32 524/58/32
f 523/59/44 530/219/44 527/220/44 519/63/44
f 525/57/175 529/221/175 530/219/175 523/59/175
f 521/53/50 528/222/50 529/221/50 525/57/50
f 519/50/176 527/223/176 528/222/176 521/53/176
f 530/219/44 534/217/44 531/218/44 527/220/44
f 529/221/59 533/216/59 534/217/59 530/219/59
f 528/222/50 532/215/50 533/216/50 529/221/50
f 527/223/60 531/214/60 532/215/60 528/222/60
f 547/214/173 536/51/173 538/52/173 548/215/173
f 548/215/50 538/52/50 542/56/50 549/216/50
f 549/216/174 542/56/174 540/58/174 550/217/174
f 550/217/44 540/58/44 536/62/44 547/218/44
f 537/64/31 541/57/31 539/59/31 535/65/31
f 542/56/32 538/70/32 536/71/32 540/58/32
f 539/59/44 546/219/44 543/220/44 535/63/44
f 541/57/175 545/221/175 546/219/175 539/59/175
f 537/53/50 544/222/50 545/221/50 541/57/50
f 535/50/176 543/223/176 544/222/176 537/53/176
f 546/219/44 550/217/44 547/218/44 543/220/44
f 545/221/59 549/216/59 550/217/59 546/219/59
f 544/222/50 548/215/50 549/216/50 545/221/50
f 543/223/60 547/214/60 548/215/60 544/222/60
f 563/214/173 552/51/173 554/52/173 564/215/173
f 564/215/50 554/52/50 558/56/50 565/216/50
f 565/216/174 558/56/174 556/58/174 566/217/174
f 566/217/44 556/58/44 552/62/44 563/218/44
f 553/64/31 557/57/31 555/59/31 551/65/31
f 558/56/32 554/70/32 552/71/32 556/58/32
f 555/59/44 562/219/44 559/220/44 551/63/44
f 557/57/175 561/221/175 562/219/175 555/59/175
f 553/53/50 560/222/50 561/221/50 557/57/50
f 551/50/176 559/223/176 560/222/176 553/53/176
f 562/219/44 566/217/44 563/218/44 559/220/44
f 561/221/59 565/216/59 566/217/59 562/219/59
f 560/222/50 564/215/50 565/216/50 561/221/50
f 559/223/60 563/214/60 564/215/60 560/222/60
f 579/214/173 568/51/173 570/52/173 580/215/173
f 580/215/50 570/52/50 574/56/50 581/216/50
f 581/216/174 574/56/174 572/58/174 582/217/174
f 582/217/44 572/58/44 568/62/44 579/218/44
f 569/64/31 573/57/31 571/59/31 567/65/31
f 574/56/32 570/70/32 568/71/32 572/58/32
f 571/59/44 578/219/44 575/220/44 567/63/44
f 573/57/175 577/221/175 578/219/175 571/59/175
f 569/53/50 576/222/50 577/221/50 573/57/50
f 567/50/176 575/223/176 576/222/176 569/53/176
f 578/219/44 582/217/44 579/218/44 575/220/44
f 577/221/59 581/216/59 582/217/59 578/219/59
f 576/222/50 580/215/50 581/216/50 577/221/50
f 575/223/60 579/214/60 580/215/60 576/222/60
f 595/214/173 584/51/173 586/52/173 596/215/173
f 596/215/50 586/52/50 590/56/50 597/216/50
f 597/216/174 590/56/174 588/58/174 598/217/174
f 598/217/44 588/58/44 584/62/44 595/218/44
f 585/64/31 589/57/31 587/59/31 583/65/31
f 590/56/32 586/70/32 584/71/32 588/58/32
f 587/59/44 594/219/44 591/220/44 583/63/44
f 589/57/175 593/221/175 594/219/175 587/59/175
f 585/53/50 592/222/50 593/221/50 589/57/50
f 583/50/176 591/223/176 592/222/176 585/53/176
f 594/219/44 598/217/44 595/218/44 591/220/44
f 593/221/59 597/216/59 598/217/59 594/219/59
f 592/222/50 596/215/50 597/216/50 593/221/50
f 591/223/60 595/214/60 596/215/60 592/222/60
f 611/214/173 600/51/173 602/52/173 612/215/173
f 612/215/50 602/52/50 606/56/50 613/216/50
f 613/216/174 606/56/174 604/58/174 614/217/174
f 614/217/44 604/58/44 600/62/44 611/218/44
f 601/64/31 605/57/31 603/59/31 599/65/31
f 606/56/32 602/70/32 600/71/32 604/58/32
f 603/59/44 610/219/44 607/220/44 599/63/44
f 605/57/175 609/221/175 610/219/175 603/59/175
f 601/53/50 608/222/50 609/221/50 605/57/50
f 599/50/176 607/223/176 608/222/176 601/53/176
f 610/219/44 614/217/44 611/218/44 607/220/44
f 609/221/59 613/216/59 614/217/59 610/219/59
f 608/222/50 612/215/50 613/216/50 609/221/50
f 607/223/60 611/214/60 612/215/60 608/222/60
f 627/214/173 616/51/173 618/52/173 628/215/173
f 628/215/50 618/52/50 622/56/50 629/216/50
f 629/216/174 622/56/174 620/58/174 630/217/174
f 630/217/44 620/58/44 616/62/44 627/218/44
f 617/64/31 621/57/31 619/59/31 615/65/31
f 622/56/32 618/70/32 616/71/32 620/58/32
f 619/59/44 626/219/44 623/220/44 615/63/44
f 621/57/175 625/221/175 626/219/175 619/59/175
f 617/53/50 624/222/50 625/221/50 621/57/50
f 615/50/176 623/223/176 624/222/176 617/53/176
f 626/219/44 630/217/44 627/218/44 623/220/44
f 625/221/59 629/216/59 630/217/59 626/219/59
f 624/222/50 628/215/50 629/216/50 625/221/50
f 623/223/60 627/214/60 628/215/60 624/222/60
f 643/214/173 632/51/173 634/52/173 644/215/173
f 644/215/50 634/52/50 638/56/50 645/216/50
f 645/216/174 638/56/174 636/58/174 646/217/174
f 646/217/44 636/58/44 632/62/44 643/218/44
f 633/64/31 637/57/31 635/59/31 631/65/31
f 638/56/32 634/70/32 632/71/32 636/58/32
f 635/59/44 642/219/44 639/220/44 631/63/44
f 637/57/175 641/221/175 642/219/175 635/59/175
f 633/53/50 640/222/50 641/221/50 637/57/50
f 631/50/176 639/223/176 640/222/176 633/53/176
f 642/219/44 646/217/44 643/218/44 639/220/44
f 641/221/59 645/216/59 646/217/59 642/219/59
f 640/222/50 644/215/50 645/216/50 641/221/50
f 639/223/60 643/214/60 644/215/60 640/222/60
f 659/214/173 648/51/173 650/52/173 660/215/173
f 660/215/50 650/52/50 654/56/50 661/216/50
f 661/216/174 654/56/174 652/58/174 662/217/174
f 662/217/44 652/58/44 648/62/44 659/218/44
f 649/64/31 653/57/31 651/59/31 647/65/31
f 654/56/32 650/70/32 648/71/32 652/58/32
f 651/59/44 658/219/44 655/220/44 647/63/44
f 653/57/175 657/221/175 658/219/175 651/59/175
f 649/53/50 656/222/50 657/221/50 653/57/50
f 647/50/176 655/223/176 656/222/176 649/53/176
f 658/219/44 662/217/44 659/218/44 655/220/44
f 657/221/59 661/216/59 662/217/59 658/219/59
f 656/222/50 660/215/50 661/216/50 657/221/50
f 655/223/60 659/214/60 660/215/60 656/222/60
f 675/214/173 664/51/173 666/52/173 676/215/173
f 676/215/50 666/52/50 670/56/50 677/216/50
f 677/216/174 670/56/174 668/58/174 678/217/174
f 678/217/44 668/58/44 664/62/44 675/218/44
f 665/64/31 669/57/31 667/59/31 663/65/31
f 670/56/32 666/70/32 664/71/32 668/58/32
f 667/59/44 674/219/44 671/220/44 663/63/44
f 669/57/175 673/221/175 674/219/175 667/59/175
f 665/53/50 672/222/50 673/221/50 669/57/50
f 663/50/176 671/223/176 672/222/176 665/53/176
f 674/219/44 678/217/44 675/218/44 671/220/44
f 673/221/59 677/216/59 678/217/59 674/219/59
f 672/222/50 676/215/50 677/216/50 673/221/50
f 671/223/60 675/214/60 676/215/60 672/222/60
f 691/214/173 680/51/173 682/52/173 692/215/173
f 692/215/50 682/52/50 686/56/50 693/216/50
f 693/216/174 686/56/174 684/58/174 694/217/174
f 694/217/44 684/58/44 680/62/44 691/218/44
f 681/64/31 685/57/31 683/59/31 679/65/31
f 686/56/32 682/70/32 680/71/32 684/58/32
f 683/59/44 690/219/44 687/220/44 679/63/44
f 685/57/175 689/221/175 690/219/175 683/59/175
f 681/53/50 688/222/50 689/221/50 685/57/50
f 679/50/176 687/223/176 688/222/176 681/53/176
f 690/219/44 694/217/44 691/218/44 687/220/44
f 689/221/59 693/216/59 694/217/59 690/219/59
f 688/222/50 692/215/50 693/216/50 689/221/50
f 687/223/60 691/214/60 692/215/60 688/222/60
f 707/214/173 696/51/173 698/52/173 708/215/173
f 708/215/50 698/52/50 702/56/50 709/216/50
f 709/216/174 702/56/174 700/58/174 710/217/174
f 710/217/44 700/58/44 696/62/44 707/218/44
f 697/64/31 701/57/31 699/59/31 695/65/31
f 702/56/32 698/70/32 696/71/32 700/58/32
f 699/59/44 706/219/44 703/220/44 695/63/44
f 701/57/175 705/221/175 706/219/175 699/59/175
f 697/53/50 704/222/50 705/221/50 701/57/50
f 695/50/176 703/223/176 704/222/176 697/53/176
f 706/219/44 710/217/44 707/218/44 703/220/44
f 705/221/59 709/216/59 710/217/59 706/219/59
f 704/222/50 708/215/50 709/216/50 705/221/50
f 703/223/60 707/214/60 708/215/60 704/222/60
f 723/214/173 712/51/173 714/52/173 724/215/173
f 724/215/50 714/52/50 718/56/50 725/216/50
f 725/216/174 718/56/174 716/58/174 726/217/174
f 726/217/44 716/58/44 712/62/44 723/218/44
f 713/64/31 717/57/31 715/59/31 711/65/31
f 718/56/32 714/70/32 712/71/32 716/58/32
f 715/59/44 722/219/44 719/220/44 711/63/44
f 717/57/175 721/221/175 722/219/175 715/59/175
f 713/53/50 720/222/50 721/221/50 717/57/50
f 711/50/176 719/223/176 720/222/176 713/53/176
f 722/219/44 726/217/44 723/218/44 719/220/44
f 721/221/59 725/216/59 726/217/59 722/219/59
f 720/222/50 724/215/50 725/216/50 721/221/50
f 719/223/60 723/214/60 724/215/60 720/222/60
f 739/214/173 728/51/173 730/52/173 740/215/173
f 740/215/50 730/52/50 734/56/50 741/216/50
f 741/216/174 734/56/174 732/58/174 742/217/174
f 742/217/44 732/58/44 728/62/44 739/218/44
f 729/64/31 733/57/31 731/59/31 727/65/31
f 734/56/32 730/70/32 728/71/32 732/58/32
f 731/59/44 738/219/44 735/220/44 727/63/44
f 733/57/175 737/221/175 738/219/175 731/59/175
f 729/53/50 736/222/50 737/221/50 733/57/50
f 727/50/176 735/223/176 736/222/176 729/53/176
f 738/219/44 742/217/44 739/218/44 735/220/44
f 737/221/59 741/216/59 742/217/59 738/219/59
f 736/222/50 740/215/50 741/216/50 737/221/50
f 735/223/60 739/214/60 740/215/60 736/222/60
f 755/214/177 744/51/177 746/52/177 756/215/177
f 756/215/44 746/52/44 750/56/44 757/216/44
f 757/216/178 750/56/178 748/58/178 758/217/178
f 758/217/50 748/58/50 744/62/50 755/218/50
f 745/64/32 749/57/32 747/59/32 743/65/32
f 750/56/31 746/70/31 744/71/31 748/58/31
f 747/59/50 754/219/50 751/220/50 743/63/50
f 749/57/179 753/221/179 754/219/179 747/59/179
f 745/53/44 752/222/44 753/221/44 749/57/44
f 743/50/180 751/223/180 752/222/180 745/53/180
f 754/219/50 758/217/50 755/218/50 751/220/50
f 753/221/59 757/216/59 758/217/59 754/219/59
f 752/222/44 756/215/44 757/216/44 753/221/44
f 751/223/60 755/214/60 756/215/60 752/222/60
f 771/214/177 760/51/177 762/52/177 772/215/177
f 772/215/44 762/52/44 766/56/44 773/216/44
f 773/216/178 766/56/178 764/58/178 774/217/178
f 774/217/50 764/58/50 760/62/50 771/218/50
f 761/64/32 765/57/32 763/59/32 759/65/32
f 766/56/31 762/70/31 760/71/31 764/58/31
f 763/59/50 770/219/50 767/220/50 759/63/50
f 765/57/179 769/221/179 770/219/179 763/59/179
f 761/53/44 768/222/44 769/221/44 765/57/44
f 759/50/180 767/223/180 768/222/180 761/53/180
f 770/219/50 774/217/50 771/218/50 767/220/50
f 769/221/59 773/216/59 774/217/59 770/219/59
f 768/222/44 772/215/44 773/216/44 769/221/44
f 767/223/60 771/214/60 772/215/60 768/222/60
f 787/214/177 776/51/177 778/52/177 788/215/177
f 788/215/44 778/52/44 782/56/44 789/216/44
f 789/216/178 782/56/178 780/58/178 790/217/178
f 790/217/50 780/58/50 776/62/50 787/218/50
f 777/64/32 781/57/32 779/59/32 775/65/32
f 782/56/31 778/70/31 776/71/31 780/58/31
f 779/59/50 786/219/50 783/220/50 775/63/50
f 781/57/179 785/221/179 786/219/179 779/59/179
f 777/53/44 784/222/44 785/221/44 781/57/44
f 775/50/180 783/223/180 784/222/180 777/53/180
f 786/219/50 790/217/50 787/218/50 783/220/50
f 785/221/59 789/216/59 790/217/59 786/219/59
f 784/222/44 788/215/44 789/216/44 785/221/44
f 783/223/60 787/214/60 788/215/60 784/222/60
f 803/214/177 792/51/177 794/52/177 804/215/177
f 804/215/44 794/52/44 798/56/44 805/216/44
f 805/216/178 798/56/178 796/58/178 806/217/178
f 806/217/50 796/58/50 792/62/50 803/218/50
f 793/64/32 797/57/32 795/59/32 791/65/32
f 798/56/31 794/70/31 792/71/31 796/58/31
f 795/59/50 802/219/50 799/220/50 791/63/50
f 797/57/179 801/221/179 802/219/179 795/59/179
f 793/53/44 800/222/44 801/221/44 797/57/44
f 791/50/180 799/223/180 800/222/180 793/53/180
f 802/219/50 806/217/50 803/218/50 799/220/50
f 801/221/59 805/216/59 806/217/59 802/219/59
f 800/222/44 804/215/44 805/216/44 801/221/44
f 799/223/60 803/214/60 804/215/60 800/222/60
f 819/214/177 808/51/177 810/52/177 820/215/177
f 820/215/44 810/52/44 814/56/44 821/216/44
f 821/216/178 814/56/178 812/58/178 822/217/178
f 822/217/50 812/58/50 808/62/50 819/218/50
f 809/64/32 813/57/32 811/59/32 807/65/32
f 814/56/31 810/70/31 808/71/31 812/58/31
f 811/59/50 818/219/50 815/220/50 807/63/50
f 813/57/179 817/221/179 818/219/179 811/59/179
f 809/53/44 816/222/44 817/221/44 813/57/44
f 807/50/180 815/223/180 816/222/180 809/53/180
f 818/219/50 822/217/50 819/218/50 815/220/50
f 817/221/59 821/216/59 822/217/59 818/219/59
f 816/222/44 820/215/44 821/216/44 817/221/44
f 815/223/60 819/214/60 820/215/60 816/222/60
f 835/214/177 824/51/177 826/52/177 836/215/177
f 836/215/44 826/52/44 830/56/44 837/216/44
f 837/216/178 830/56/178 828/58/178 838/217/178
f 838/217/50 828/58/50 824/62/50 835/218/50
f 825/64/32 829/57/32 827/59/32 823/65/32
f 830/56/31 826/70/31 824/71/31 828/58/31
f 827/59/50 834/219/50 831/220/50 823/63/50
f 829/57/179 833/221/179 834/219/179 827/59/179
f 825/53/44 832/222/44 833/221/44 829/57/44
f 823/50/180 831/223/180 832/222/180 825/53/180
f 834/219/50 838/217/50 835/218/50 831/220/50
f 833/221/59 837/216/59 838/217/59 834/219/59
f 832/222/44 836/215/44 837/216/44 833/221/44
f 831/223/60 835/214/60 836/215/60 832/222/60
f 851/214/177 840/51/177 842/52/177 852/215/177
f 852/215/44 842/52/44 846/56/44 853/216/44
f 853/216/178 846/56/178 844/58/178 854/217/178
f 854/217/50 844/58/50 840/62/50 851/218/50
f 841/64/32 845/57/32 843/59/32 839/65/32
f 846/56/31 842/70/31 840/71/31 844/58/31
f 843/59/50 850/219/50 847/220/50 839/63/50
f 845/57/179 849/221/179 850/219/179 843/59/179
f 841/53/44 848/222/44 849/221/44 845/57/44
f 839/50/180 847/223/180 848/222/180 841/53/180
f 850/219/50 854/217/50 851/218/50 847/220/50
f 849/221/59 853/216/59 854/217/59 850/219/59
f 848/222/44 852/215/44 853/216/44 849/221/44
f 847/223/60 851/214/60 852/215/60 848/222/60
f 867/214/177 856/51/177 858/52/177 868/215/177
f 868/215/44 858/52/44 862/56/44 869/216/44
f 869/216/178 862/56/178 860/58/178 870/217/178
f 870/217/50 860/58/50 856/62/50 867/218/50
f 857/64/32 861/57/32 859/59/32 855/65/32
f 862/56/31 858/70/31 856/71/31 860/58/31
f 859/59/50 866/219/50 863/220/50 855/63/50
f 861/57/179 865/221/179 866/219/179 859/59/179
f 857/53/44 864/222/44 865/221/44 861/57/44
f 855/50/180 863/223/180 864/222/180 857/53/180
f 866/219/50 870/217/50 867/218/50 863/220/50
f 865/221/59 869/216/59 870/217/59 866/219/59
f 864/222/44 868/215/44 869/216/44 865/221/44
f 863/223/60 867/214/60 868/215/60 864/222/60
f 883/214/177 872/51/177 874/52/177 884/215/177
f 884/215/44 874/52/44 878/56/44 885/216/44
f 885/216/178 878/56/178 876/58/178 886/217/178
f 886/217/50 876/58/50 872/62/50 883/218/50
f 873/64/32 877/57/32 875/59/32 871/65/32
f 878/56/31 874/70/31 872/71/31 876/58/31
f 875/59/50 882/219/50 879/220/50 871/63/50
f 877/57/179 881/221/179 882/219/179 875/59/179
f 873/53/44 880/222/44 881/221/44 877/57/44
f 871/50/180 879/223/180 880/222/180 873/53/180
f 882/219/50 886/217/50 883/218/50 879/220/50
f 881/221/59 885/216/59 886/217/59 882/219/59
f 880/222/44 884/215/44 885/216/44 881/221/44
f 879/223/60 883/214/60 884/215/60 880/222/60
f 899/214/177 888/51/177 890/52/177 900/215/177
f 900/215/44 890/52/44 894/56/44 901/216/44
f 901/216/178 894/56/178 892/58/178 902/217/178
f 902/217/50 892/58/50 888/62/50 899/218/50
f 889/64/32 893/57/32 891/59/32 887/65/32
f 894/56/31 890/70/31 888/71/31 892/58/31
f 891/59/50 898/219/50 895/220/50 887/63/50
f 893/57/179 897/221/179 898/219/179 891/59/179
f 889/53/44 896/222/44 897/221/44 893/57/44
f 887/50/180 895/223/180 896/222/180 889/53/180
f 898/219/50 902/217/50 899/218/50 895/220/50
f 897/221/59 901/216/59 902/217/59 898/219/59
f 896/222/44 900/215/44 901/216/44 897/221/44
f 895/223/60 899/214/60 900/215/60 896/222/60
f 915/214/177 904/51/177 906/52/177 916/215/177
f 916/215/44 906/52/44 910/56/44 917/216/44
f 917/216/178 910/56/178 908/58/178 918/217/178
f 918/217/50 908/58/50 904/62/50 915/218/50
f 905/64/32 909/57/32 907/59/32 903/65/32
f 910/56/31 906/70/31 904/71/31 908/58/31
f 907/59/50 914/219/50 911/220/50 903/63/50
f 909/57/179 913/221/179 914/219/179 907/59/179
f 905/53/44 912/222/44 913/221/44 909/57/44
f 903/50/180 911/223/180 912/222/180 905/53/180
f 914/219/50 918/217/50 915/218/50 911/220/50
f 913/221/59 917/216/59 918/217/59 914/219/59
f 912/222/44 916/215/44 917/216/44 913/221/44
f 911/223/60 915/214/60 916/215/60 912/222/60
f 931/214/177 920/51/177 922/52/177 932/215/177
f 932/215/44 922/52/44 926/56/44 933/216/44
f 933/216/178 926/56/178 924/58/178 934/217/178
f 934/217/50 924/58/50 920/62/50 931/218/50
f 921/64/32 925/57/32 923/59/32 919/65/32
f 926/56/31 922/70/31 920/71/31 924/58/31
f 923/59/50 930/219/50 927/220/50 919/63/50
f 925/57/179 929/221/179 930/219/179 923/59/179
f 921/53/44 928/222/44 929/221/44 925/57/44
f 919/50/180 927/223/180 928/222/180 921/53/180
f 930/219/50 934/217/50 931/218/50 927/220/50
f 929/221/59 933/216/59 934/217/59 930/219/59
f 928/222/44 932/215/44 933/216/44 929/221/44
f 927/223/60 931/214/60 932/215/60 928/222/60
f 947/214/177 936/51/177 938/52/177 948/215/177
f 948/215/44 938/52/44 942/56/44 949/216/44
f 949/216/178 942/56/178 940/58/178 950/217/178
f 950/217/50 940/58/50 936/62/50 947/218/50
f 937/64/32 941/57/32 939/59/32 935/65/32
f 942/56/31 938/70/31 936/71/31 940/58/31
f 939/59/50 946/219/50 943/220/50 935/63/50
f 941/57/179 945/221/179 946/219/179 939/59/179
f 937/53/44 944/222/44 945/221/44 941/57/44
f 935/50/180 943/223/180 944/222/180 937/53/180
f 946/219/50 950/217/50 947/218/50 943/220/50
f 945/221/59 949/216/59 950/217/59 946/219/59
f 944/222/44 948/215/44 949/216/44 945/221/44
f 943/223/60 947/214/60 948/215/60 944/222/60
f 963/214/177 952/51/177 954/52/177 964/215/177
f 964/215/44 954/52/44 958/56/44 965/216/44
f 965/216/178 958/56/178 956/58/178 966/217/178
f 966/217/50 956/58/50 952/62/50 963/218/50
f 953/64/32 957/57/32 955/59/32 951/65/32
f 958/56/31 954/70/31 952/71/31 956/58/31
f 955/59/50 962/219/50 959/220/50 951/63/50
f 957/57/179 961/221/179 962/219/179 955/59/179
f 953/53/44 960/222/44 961/221/44 957/57/44
f 951/50/180 959/223/180 960/222/180 953/53/180
f 962/219/50 966/217/50 963/218/50 959/220/50
f 961/221/59 965/216/59 966/217/59 962/219/59
f 960/222/44 964/215/44 965/216/44 961/221/44
f 959/223/60 963/214/60 964/215/60 960/222/60
f 979/214/177 968/51/177 970/52/177 980/215/177
f 980/215/44 970/52/44 974/56/44 981/216/44
f 981/216/178 974/56/178 972/58/178 982/217/178
f 982/217/50 972/58/50 968/62/50 979/218/50
f 969/64/32 973/57/32 971/59/32 967/65/32
f 974/56/31 970/70/31 968/71/31 972/58/31
f 971/59/50 978/219/50 975/220/50 967/63/50
f 973/57/179 977/221/179 978/219/179 971/59/179
f 969/53/44 976/222/44 977/221/44 973/57/44
f 967/50/180 975/223/180 976/222/180 969/53/180
f 978/219/50 982/217/50 979/218/50 975/220/50
f 977/221/59 981/216/59 982/217/59 978/219/59
f 976/222/44 980/215/44 981/216/44 977/221/44
f 975/223/60 979/214/60 980/215/60 976/222/60
f 995/214/177 984/51/177 986/52/177 996/215/177
f 996/215/44 986/52/44 990/56/44 997/216/44
f 997/216/178 990/56/178 988/58/178 998/217/178
f 998/217/50 988/58/50 984/62/50 995/218/50
f 985/64/32 989/57/32 987/59/32 983/65/32
f 990/56/31 986/70/31 984/71/31 988/58/31
f 987/59/50 994/219/50 991/220/50 983/63/50
f 989/57/179 993/221/179 994/219/179 987/59/179
f 985/53/44 992/222/44 993/221/44 989/57/44
f 983/50/180 991/223/180 992/222/180 985/53/180
f 994/219/50 998/217/50 995/218/50 991/220/50
f 993/221/59 997/216/59 998/217/59 994/219/59
f 992/222/44 996/215/44 997/216/44 993/221/44
f 991/223/60 995/214/60 996/215/60 992/222/60
f 1011/214/177 1000/51/177 1002/52/177 1012/215/177
f 1012/215/44 1002/52/44 1006/56/44 1013/216/44
f 1013/216/178 1006/56/178 1004/58/178 1014/217/178
f 1014/217/50 1004/58/50 1000/62/50 1011/218/50
f 1001/64/32 1005/57/32 1003/59/32 999/65/32
f 1006/56/31 1002/70/31 1000/71/31 1004/58/31
f 1003/59/50 1010/219/50 1007/220/50 999/63/50
f 1005/57/179 1009/221/179 1010/219/179 1003/59/179
f 1001/53/44 1008/222/44 1009/221/44 1005/57/44
f 999/50/180 1007/223/180 1008/222/180 1001/53/180
f 1010/219/50 1014/217/50 1011/218/50 1007/220/50
f 1009/221/59 1013/216/59 1014/217/59 1010/219/59
f 1008/222/44 1012/215/44 1013/216/44 1009/221/44
f 1007/223/60 1011/214/60 1012/215/60 1008/222/60
f 1027/214/177 1016/51/177 1018/52/177 1028/215/177
f 1028/215/44 1018/52/44 1022/56/44 1029/216/44
f 1029/216/178 1022/56/178 1020/58/178 1030/217/178
f 1030/217/50 1020/58/50 1016/62/50 1027/218/50
f 1017/64/32 1021/57/32 1019/59/32 1015/65/32
f 1022/56/31 1018/70/31 1016/71/31 1020/58/31
f 1019/59/50 1026/219/50 1023/220/50 1015/63/50
f 1021/57/179 1025/221/179 1026/219/179 1019/59/179
f 1017/53/44 1024/222/44 1025/221/44 1021/57/44
f 1015/50/180 1023/223/180 1024/222/180 1017/53/180
f 1026/219/50 1030/217/50 1027/218/50 1023/220/50
f 1025/221/59 1029/216/59 1030/217/59 1026/219/59
f 1024/222/44 1028/215/44 1029/216/44 1025/221/44
f 1023/223/60 1027/214/60 1028/215/60 1024/222/60
f 1043/214/177 1032/51/177 1034/52/177 1044/215/177
f 1044/215/44 1034/52/44 1038/56/44 1045/216/44
f 1045/216/178 1038/56/178 1036/58/178 1046/217/178
f 1046/217/50 1036/58/50 1032/62/50 1043/218/50
f 1033/64/32 1037/57/32 1035/59/32 1031/65/32
f 1038/56/31 1034/70/31 1032/71/31 1036/58/31
f 1035/59/50 1042/219/50 1039/220/50 1031/63/50
f 1037/57/179 1041/221/179 1042/219/179 1035/59/179
f 1033/53/44 1040/222/44 1041/221/44 1037/57/44
f 1031/50/180 1039/223/180 1040/222/180 1033/53/180
f 1042/219/50 1046/217/50 1043/218/50 1039/220/50
f 1041/221/59 1045/216/59 1046/217/59 1042/219/59
f 1040/222/44 1044/215/44 1045/216/44 1041/221/44
f 1039/223/60 1043/214/60 1044/215/60 1040/222/60
f 1059/214/177 1048/51/177 1050/52/177 1060/215/177
f 1060/215/44 1050/52/44 1054/56/44 1061/216/44
f 1061/216/178 1054/56/178 1052/58/178 1062/217/178
f 1062/217/50 1052/58/50 1048/62/50 1059/218/50
f 1049/64/32 1053/57/32 1051/59/32 1047/65/32
f 1054/56/31 1050/70/31 1048/71/31 1052/58/31
f 1051/59/50 1058/219/50 1055/220/50 1047/63/50
f 1053/57/179 1057/221/179 1058/219/179 1051/59/179
f 1049/53/44 1056/222/44 1057/221/44 1053/57/44
f 1047/50/180 1055/223/180 1056/222/180 1049/53/180
f 1058/219/50 1062/217/50 1059/218/50 1055/220/50
f 1057/221/59 1061/216/59 1062/217/59 1058/219/59
f 1056/222/44 1060/215/44 1061/216/44 1057/221/44
f 1055/223/60 1059/214/60 1060/215/60 1056/222/60
